ts_code,name,market_cap_wan,close,trade_date,sw_l1,sw_l2,sw_l3
601398.SH,工商银行,280135318.0806,7.86,20260828,银行,国有大型银行Ⅱ,国有大型银行Ⅲ
601939.SH,建设银行,279650807.8235,10.69,20260828,银行,国有大型银行Ⅱ,国有大型银行Ⅲ
601288.SH,农业银行,237638480.0181,6.79,20260828,银行,国有大型银行Ⅱ,国有大型银行Ⅲ
600941.SH,中国移动,212231078.1612,97.86,20260828,通信,通信服务,电信运营商
601857.SH,中国石油,205532558.0694,11.23,20260828,石油石化,炼化及贸易,炼油化工
601988.SH,中国银行,199449482.9042,6.19,20260828,银行,国有大型银行Ⅱ,国有大型银行Ⅲ
300750.SZ,宁德时代,170492233.065,368.5,20260828,电力设备,电池,锂电池
600938.SH,中国海油,162504912.726,34.19,20260828,石油石化,油气开采Ⅱ,油气开采Ⅲ
600519.SH,贵州茅台,162185586.784,1297.4,20260828,食品饮料,白酒Ⅱ,白酒Ⅲ
601138.SH,工业富联,127081567.0892,64.04,20260828,电子,消费电子,消费电子零部件及组装
601628.SH,中国人寿,108169026.035,38.27,20260828,非银金融,保险Ⅱ,保险Ⅲ
688981.SH,中芯国际,107766616.986,125.88,20260828,电子,半导体,集成电路制造
601088.SH,中国神华,103306775.5709,47.63,20260828,煤炭,煤炭开采,动力煤
601318.SH,中国平安,101131180.57,55.85,20260828,非银金融,保险Ⅱ,保险Ⅲ
300308.SZ,中际旭创,100404172.9102,858.35,20260828,通信,通信设备,通信网络设备及器件
600036.SH,招商银行,99240092.436,39.35,20260828,银行,股份制银行Ⅱ,股份制银行Ⅲ
601899.SH,紫金矿业,92136826.089,34.65,20260828,有色金属,工业金属,铜
002594.SZ,比亚迪,84169968.2432,92.32,20260828,汽车,乘用车,电动乘用车
600900.SH,长江电力,68633350.6485,28.05,20260828,公用事业,电力,水力发电
600028.SH,中国石化,66025330.7532,5.46,20260828,石油石化,炼化及贸易,炼油化工
688256.SH,寒武纪,65817746.202,1046.63,20260828,电子,半导体,数字芯片设计
000333.SZ,美的集团,65650683.6347,86.23,20260828,家用电器,白色家电,空调
601328.SH,交通银行,62738286.7983,7.1,20260828,银行,国有大型银行Ⅱ,国有大型银行Ⅲ
601658.SH,邮储银行,59927431.6965,4.99,20260828,银行,国有大型银行Ⅱ,国有大型银行Ⅲ
601728.SH,中国电信,57649497.381,6.3,20260828,通信,通信服务,电信运营商
688041.SH,海光信息,57060176.0169,245.49,20260828,电子,半导体,数字芯片设计
300502.SZ,新易盛,55630842.33,399.0,20260828,通信,通信设备,通信网络设备及器件
002371.SZ,北方华创,50617547.3892,697.51,20260828,电子,半导体,半导体设备
601998.SH,中信银行,48522581.5256,8.72,20260828,银行,股份制银行Ⅱ,股份制银行Ⅲ
603259.SH,药明康德,46964338.328,157.4,20260828,医药生物,医疗服务,医疗研发外包
002475.SZ,立讯精密,43796074.1897,56.6,20260828,电子,消费电子,消费电子零部件及组装
600030.SH,中信证券,43638592.2881,27.93,20260828,非银金融,证券Ⅱ,证券Ⅲ
688347.SH,华虹公司,43097352.4464,248.01,20260828,电子,半导体,集成电路制造
603993.SH,洛阳钼业,41740299.2002,19.51,20260828,有色金属,工业金属,铜
688235.SH,百济神州,39920304.996,271.7,20260828,医药生物,化学制药,化学制剂
601166.SH,兴业银行,36886864.1085,17.43,20260828,银行,股份制银行Ⅱ,股份制银行Ⅲ
002384.SZ,东山精密,35829905.915,195.62,20260828,电子,元件,印制电路板
600183.SH,生益科技,35378438.8905,145.65,20260828,电子,元件,印制电路板
688012.SH,中微公司,35152812.41,367.0,20260828,电子,半导体,半导体设备
601869.SH,长飞光纤,34967399.8036,422.36,20260828,通信,通信设备,通信线缆及配套
002415.SZ,海康威视,32168698.965,35.1,20260828,计算机,计算机设备,安防设备
601319.SH,中国人保,31575929.2884,7.14,20260828,非银金融,保险Ⅱ,保险Ⅲ
601211.SH,国泰海通,31505255.936,17.92,20260828,非银金融,证券Ⅱ,证券Ⅲ
600276.SH,恒瑞医药,31407229.9268,47.32,20260828,医药生物,化学制药,化学制剂
300059.SZ,东方财富,30726712.2058,19.42,20260828,非银金融,证券Ⅱ,证券Ⅲ
601601.SH,中国太保,30563824.9455,31.77,20260828,非银金融,保险Ⅱ,保险Ⅲ
600000.SH,浦发银行,29975254.47,9.0,20260828,银行,股份制银行Ⅱ,股份制银行Ⅲ
300394.SZ,天孚通信,28751965.35,263.58,20260828,通信,通信设备,通信网络设备及器件
603986.SH,兆易创新,27846646.4392,396.82,20260828,电子,半导体,数字芯片设计
000858.SZ,五粮液,27757378.808,71.51,20260828,食品饮料,白酒Ⅱ,白酒Ⅲ
688802.SH,沐曦股份-U,27002749.0,674.9,20260828,电子,半导体,数字芯片设计
601225.SH,陕西煤业,26244365.0,27.07,20260828,煤炭,煤炭开采,动力煤
600150.SH,中国船舶,26174110.8814,34.78,20260828,国防军工,航海装备Ⅱ,航海装备Ⅲ
688008.SH,澜起科技,25997459.4,213.0,20260828,电子,半导体,数字芯片设计
601919.SH,中远海控,25772591.5649,16.88,20260828,交通运输,航运港口,航运
688795.SH,摩尔线程-U,25093865.5416,533.88,20260828,电子,半导体,数字芯片设计
002916.SZ,深南电路,24685477.584,362.4,20260828,电子,元件,印制电路板
600309.SH,万华化学,24430200.3664,78.04,20260828,基础化工,化学制品,聚氨酯
002379.SZ,宏桥控股,24107568.67,18.5,20260828,有色金属,工业金属,铝
002714.SZ,牧原股份,24061847.7448,41.68,20260828,农林牧渔,养殖业,生猪养殖
000338.SZ,潍柴动力,23881569.7384,27.64,20260828,汽车,汽车零部件,底盘与发动机系统
601816.SH,京沪高铁,23777880.1884,4.86,20260828,交通运输,铁路公路,铁路运输
688820.SH,盛合晶微,23759683.6455,127.55,20260828,电子,半导体,集成电路封测
300476.SZ,胜宏科技,23744080.768,241.6,20260828,电子,元件,印制电路板
002463.SZ,沪电股份,23419503.795,121.7,20260828,电子,元件,印制电路板
688808.SH,联讯仪器,23397923.4732,2279.02,20260828,机械设备,通用设备,仪器仪表
600188.SH,兖矿能源,23104833.304,23.02,20260828,煤炭,煤炭开采,动力煤
000001.SZ,平安银行,22607894.703,11.65,20260828,银行,股份制银行Ⅱ,股份制银行Ⅲ
300408.SZ,三环集团,22411169.5664,112.24,20260828,电子,元件,被动元件
002142.SZ,宁波银行,22359758.4488,33.86,20260828,银行,城商行Ⅱ,城商行Ⅲ
600919.SH,江苏银行,22094994.698,12.04,20260828,银行,城商行Ⅱ,城商行Ⅲ
000725.SZ,京东方A,21930242.176,5.92,20260828,电子,光学光电子,面板
000651.SZ,格力电器,21845482.62,39.0,20260828,家用电器,白色家电,空调
003816.SZ,中国广核,21411498.7896,4.24,20260828,公用事业,电力,核力发电
301666.SZ,大普微-UW,20757788.8518,475.86,20260828,电子,半导体,数字芯片设计
002938.SZ,鹏鼎控股,20667792.2906,89.18,20260828,电子,元件,印制电路板
601898.SH,中煤能源,20365306.9824,15.36,20260828,煤炭,煤炭开采,动力煤
300274.SZ,阳光电源,20253203.1435,97.69,20260828,电力设备,光伏设备,逆变器
300433.SZ,蓝思科技,20180626.4607,38.23,20260828,电子,消费电子,消费电子零部件及组装
603288.SH,海天味业,19963765.54,34.12,20260828,食品饮料,调味发酵品Ⅱ,调味发酵品Ⅲ
300760.SZ,迈瑞医疗,19909864.142,164.3,20260828,医药生物,医疗器械,医疗设备
601066.SH,中信建投,19841625.2984,25.58,20260828,非银金融,证券Ⅱ,证券Ⅲ
600690.SH,海尔智家,19805553.9264,21.12,20260828,家用电器,白色家电,冰洗
688072.SH,拓荆科技,19454854.791,669.29,20260828,电子,半导体,半导体设备
688498.SH,源杰科技,19152503.6505,1538.35,20260828,电子,半导体,分立器件
603268.SH,松发股份,19080567.537,187.3,20260828,国防军工,航海装备Ⅱ,航海装备Ⅲ
601336.SH,新华保险,18654888.668,59.8,20260828,非银金融,保险Ⅱ,保险Ⅲ
600406.SH,国电南瑞,18481071.0162,23.01,20260828,电力设备,电网设备,电网自动化设备
601668.SH,中国建筑,18428894.1184,4.46,20260828,建筑装饰,房屋建设Ⅱ,房屋建设Ⅲ
601985.SH,中国核电,18346657.8732,8.92,20260828,公用事业,电力,核力发电
600989.SH,宝丰能源,17959398.64,24.49,20260828,基础化工,化学原料,煤化工
601818.SH,光大银行,17902921.9833,3.03,20260828,银行,股份制银行Ⅱ,股份制银行Ⅲ
300604.SZ,长川科技,17889728.1779,277.11,20260828,电子,半导体,半导体设备
600025.SH,华能水电,17811326.1508,9.56,20260828,公用事业,电力,水力发电
601766.SH,中国中车,17793295.742,6.2,20260828,机械设备,轨交设备Ⅱ,轨交设备Ⅲ
002352.SZ,顺丰控股,17728292.3727,33.67,20260828,交通运输,物流,快递
600031.SH,三一重工,17562458.404,19.1,20260828,机械设备,工程机械,工程机械整机
601688.SH,华泰证券,17521142.6358,19.41,20260828,非银金融,证券Ⅱ,证券Ⅲ
300033.SZ,同花顺,17348352.0,230.5,20260828,计算机,软件开发,垂直应用软件
600176.SH,中国巨石,17293550.544,43.2,20260828,建筑材料,玻璃玻纤,玻纤制造
301377.SZ,鼎泰高科,17232338.0279,406.38,20260828,机械设备,通用设备,金属制品
600887.SH,伊利股份,16989918.5716,26.86,20260828,食品饮料,饮料乳品,乳品
600362.SH,江西铜业,16970836.7894,49.01,20260828,有色金属,工业金属,铜
600487.SH,亨通光电,16944115.101,68.7,20260828,通信,通信设备,通信线缆及配套
601600.SH,中国铝业,16846181.9148,9.82,20260828,有色金属,工业金属,铝
300124.SZ,汇川技术,16800682.1995,62.05,20260828,机械设备,自动化设备,工控设备
000776.SZ,广发证券,16768643.9065,21.43,20260828,非银金融,证券Ⅱ,证券Ⅲ
601995.SH,中金公司,16755408.6999,34.71,20260828,非银金融,证券Ⅱ,证券Ⅲ
600930.SH,华电新能,16477142.8515,3.95,20260828,公用事业,电力,风力发电
600547.SH,山东黄金,16360639.7955,35.49,20260828,有色金属,贵金属,黄金
600999.SH,招商证券,16271201.6428,18.71,20260828,非银金融,证券Ⅱ,证券Ⅲ
301308.SZ,江波龙,16193335.1216,376.88,20260828,电子,半导体,数字芯片设计
000063.SZ,中兴通讯,16087027.8687,33.63,20260828,通信,通信设备,通信网络设备及器件
302132.SZ,中航成飞,16032548.4,60.0,20260828,国防军工,军工电子Ⅱ,军工电子Ⅲ
601872.SH,招商轮船,15325474.073,18.98,20260828,交通运输,航运港口,航运
002050.SZ,三花智控,15220386.2763,36.17,20260828,家用电器,家电零部件Ⅱ,家电零部件Ⅲ
000657.SZ,中钨高新,15211962.9744,66.76,20260828,有色金属,小金属,钨
000792.SZ,盐湖股份,15017482.755,28.38,20260828,基础化工,农化制品,钾肥
600016.SH,民生银行,14973587.127,3.42,20260828,银行,股份制银行Ⅱ,股份制银行Ⅲ
600660.SH,福耀玻璃,14969488.716,57.36,20260828,汽车,汽车零部件,车身附件及饰件
688702.SH,盛科通信-U,14969100.0,365.1,20260828,电子,半导体,数字芯片设计
600111.SH,北方稀土,14684397.2796,40.62,20260828,有色金属,小金属,稀土
002493.SZ,荣盛石化,14534638.5465,14.55,20260828,石油石化,炼化及贸易,炼油化工
600809.SH,山西汾酒,14521233.8726,119.03,20260828,食品饮料,白酒Ⅱ,白酒Ⅲ
002281.SZ,光迅科技,14372283.6765,173.61,20260828,通信,通信设备,通信网络设备及器件
300999.SZ,金龙鱼,14350952.7005,26.47,20260828,农林牧渔,农产品加工,粮油加工
601009.SH,南京银行,14329374.3848,11.59,20260828,银行,城商行Ⅱ,城商行Ⅲ
688082.SH,盛美上海,14292583.8672,296.16,20260828,电子,半导体,半导体设备
001280.SZ,中国铀业,14173249.8754,68.53,20260828,有色金属,小金属,稀土
600346.SH,恒力石化,13838870.2068,19.66,20260828,石油石化,炼化及贸易,炼油化工
601100.SH,恒立液压,13590561.656,101.36,20260828,机械设备,工程机械,工程机械器件
601881.SH,中国银河,13460249.2313,12.31,20260828,非银金融,证券Ⅱ,证券Ⅲ
600584.SH,长电科技,13408083.5978,74.93,20260828,电子,半导体,集成电路封测
002353.SZ,杰瑞股份,13404321.4428,130.92,20260828,机械设备,专用设备,能源及重型设备
600050.SH,中国联通,13381174.0712,4.28,20260828,通信,通信服务,电信运营商
301165.SZ,锐捷网络,13296818.616,119.4,20260828,通信,通信设备,通信网络设备及器件
601229.SH,上海银行,13214405.991,9.3,20260828,银行,城商行Ⅱ,城商行Ⅲ
600760.SH,中航沈飞,13188092.034,46.52,20260828,国防军工,航空装备Ⅱ,航空装备Ⅲ
688146.SH,中船特气,13187645.447,249.1,20260828,电子,半导体,半导体材料
601633.SH,长城汽车,13142215.5804,15.32,20260828,汽车,乘用车,综合乘用车
301200.SZ,大族数控,13123013.3208,268.36,20260828,机械设备,专用设备,其他专用设备
600489.SH,中金黄金,12932630.0168,26.68,20260828,有色金属,贵金属,黄金
688120.SH,华海清科,12929123.0328,260.52,20260828,电子,半导体,半导体设备
001289.SZ,龙源电力,12790518.786,15.3,20260828,公用事业,电力,风力发电
688361.SH,中科飞测,12767506.9522,362.66,20260828,电子,半导体,半导体设备
600019.SH,宝钢股份,12698955.3801,5.83,20260828,钢铁,普钢,板材
603256.SH,宏和科技,12589128.9288,139.17,20260828,建筑材料,玻璃玻纤,玻纤制造
603019.SH,中科曙光,12556458.9374,85.82,20260828,计算机,计算机设备,其他计算机设备
300857.SZ,协创数据,12423950.3828,253.88,20260828,电子,消费电子,消费电子零部件及组装
000408.SZ,藏格矿业,12394426.92,79.0,20260828,有色金属,能源金属,锂
688783.SH,西安奕材-U,12383932.6,30.67,20260828,电子,半导体,半导体材料
601111.SH,中国国航,12172581.2518,5.94,20260828,交通运输,航空机场,航空运输
600018.SH,上港集团,12128859.4726,5.21,20260828,交通运输,航运港口,港口
600926.SH,杭州银行,12026095.1475,16.59,20260828,银行,城商行Ⅱ,城商行Ⅲ
600522.SH,中天科技,11958975.7488,35.04,20260828,通信,通信设备,通信线缆及配套
600104.SH,上汽集团,11886116.935,10.34,20260828,汽车,乘用车,综合乘用车
603296.SH,华勤技术,11853579.46,78.2,20260828,电子,消费电子,消费电子零部件及组装
300014.SZ,亿纬锂能,11805348.7608,54.32,20260828,电力设备,电池,锂电池
605117.SH,德业股份,11752393.5246,92.3,20260828,电力设备,光伏设备,逆变器
000568.SZ,泸州老窖,11545594.5816,78.44,20260828,食品饮料,白酒Ⅱ,白酒Ⅲ
002460.SZ,赣锋锂业,11531819.2,55.0,20260828,有色金属,能源金属,锂
000166.SZ,申万宏源,11468294.581,4.58,20260828,非银金融,证券Ⅱ,证券Ⅲ
301526.SZ,国际复材,11388051.56,30.2,20260828,建筑材料,玻璃玻纤,玻纤制造
000977.SZ,浪潮信息,11371883.5648,77.44,20260828,计算机,计算机设备,其他计算机设备
002028.SZ,思源电气,11204884.2517,143.18,20260828,电力设备,电网设备,输变电设备
688111.SH,金山办公,11196643.342,241.3,20260828,计算机,软件开发,横向通用软件
688506.SH,百利天恒,11181861.1254,270.83,20260828,医药生物,化学制药,化学制剂
601868.SH,中国能建,11104285.9832,2.51,20260828,建筑装饰,基础建设,基建市政工程
601888.SH,中国中免,11085044.861,53.35,20260828,商贸零售,旅游零售Ⅱ,旅游零售Ⅲ
688183.SH,生益电子,10989196.544,131.2,20260828,电子,元件,印制电路板
600160.SH,巨化股份,10944770.6894,40.54,20260828,基础化工,化学制品,氟化工
600886.SH,国投电力,10918130.2252,13.64,20260828,公用事业,电力,水力发电
601390.SH,中国中铁,10916433.0835,4.45,20260828,建筑装饰,基础建设,基建市政工程
601991.SH,大唐发电,10900452.4845,5.89,20260828,公用事业,电力,火力发电
688525.SH,佰维存储,10889889.8031,230.93,20260828,电子,半导体,数字芯片设计
601169.SH,北京银行,10761779.0087,5.09,20260828,银行,城商行Ⅱ,城商行Ⅲ
600011.SH,华能国际,10643307.3252,6.78,20260828,公用事业,电力,火力发电
600905.SH,三峡能源,10634605.8372,3.72,20260828,公用事业,电力,风力发电
002736.SZ,国信证券,10528511.9068,10.28,20260828,非银金融,证券Ⅱ,证券Ⅲ
600015.SH,华夏银行,10424278.1675,6.55,20260828,银行,股份制银行Ⅱ,股份制银行Ⅲ
300442.SZ,润泽科技,10358257.104,63.12,20260828,通信,通信服务,通信应用增值服务
000988.SZ,华工科技,10349640.3204,102.93,20260828,机械设备,自动化设备,激光设备
601727.SH,上海电气,10334180.864,6.65,20260828,电力设备,其他电源设备Ⅱ,综合电力设备商
000100.SZ,TCL科技,10317227.7504,4.96,20260828,电子,光学光电子,面板
603501.SH,豪威集团,10313176.08,82.0,20260828,电子,半导体,数字芯片设计
600010.SH,包钢股份,10311535.524,2.28,20260828,钢铁,普钢,板材
002602.SZ,世纪华通,10296843.1731,13.97,20260828,传媒,游戏Ⅱ,游戏Ⅲ
600026.SH,中远海能,10291353.9102,18.81,20260828,交通运输,航运港口,航运
000938.SZ,紫光股份,10264826.7611,35.89,20260828,计算机,IT服务Ⅱ,IT服务Ⅲ
601698.SH,中国卫通,10155422.5016,24.04,20260828,国防军工,航天装备Ⅱ,航天装备Ⅲ
002600.SZ,领益智造,10125995.8938,12.47,20260828,电子,消费电子,消费电子零部件及组装
600893.SH,航发动力,10102602.397,37.9,20260828,国防军工,航空装备Ⅱ,航空装备Ⅲ
688521.SH,芯原股份,9829356.957,186.9,20260828,电子,半导体,数字芯片设计
600089.SH,特变电工,9751889.718,19.3,20260828,电力设备,电网设备,输变电设备
001309.SZ,德明利,9732240.9387,429.03,20260828,电子,半导体,数字芯片设计
000958.SZ,电投产融,9726074.7219,5.31,20260828,非银金融,多元金融,其他多元金融
601800.SH,中国交建,9695844.2074,5.98,20260828,建筑装饰,基础建设,基建市政工程
002156.SZ,通富微电,9674680.2375,63.75,20260828,电子,半导体,集成电路封测
600585.SH,海螺水泥,9625357.44,18.24,20260828,建筑材料,水泥,水泥制造
002230.SZ,科大讯飞,9622731.843,40.06,20260828,计算机,软件开发,横向通用软件
600673.SH,东阳光,9594461.34,31.88,20260828,综合,综合Ⅱ,综合Ⅲ
002648.SZ,卫星化学,9560216.4966,28.38,20260828,基础化工,化学原料,其他化学原料
300498.SZ,温氏股份,9508464.9697,14.29,20260828,农林牧渔,养殖业,生猪养殖
301217.SZ,铜冠铜箔,9483108.3045,114.39,20260828,电力设备,电池,锂电池
601006.SH,大秦铁路,9454736.9728,4.76,20260828,交通运输,铁路公路,铁路运输
000807.SZ,云铝股份,9443248.0002,27.23,20260828,有色金属,工业金属,铝
601012.SH,隆基绿能,9419539.8913,12.43,20260828,电力设备,光伏设备,光伏电池组件
603228.SH,景旺电子,9402143.3076,93.9,20260828,电子,元件,印制电路板
000617.SZ,中油资本,9355138.534,7.4,20260828,非银金融,多元金融,金融控股
600988.SH,赤峰黄金,9329118.5808,49.09,20260828,有色金属,贵金属,黄金
601168.SH,西部矿业,9322296.0,39.12,20260828,有色金属,工业金属,铜
000301.SZ,东方盛虹,9321837.7827,14.1,20260828,石油石化,炼化及贸易,炼油化工
000425.SZ,徐工机械,9310412.307,7.95,20260828,机械设备,工程机械,工程机械整机
600795.SH,国电电力,9256686.3129,5.19,20260828,公用事业,电力,火力发电
600029.SH,南方航空,9169210.7188,5.06,20260828,交通运输,航空机场,航空运输
002128.SZ,电投能源,9101174.8381,29.11,20260828,煤炭,煤炭开采,动力煤
000630.SZ,铜陵有色,9064802.734,6.76,20260828,有色金属,工业金属,铜
002008.SZ,大族激光,9021384.9908,87.62,20260828,机械设备,自动化设备,激光设备
300757.SZ,罗博特科,8995526.727,536.7,20260828,机械设备,自动化设备,其他自动化设备
000538.SZ,云南白药,8921313.0,50.0,20260828,医药生物,中药Ⅱ,中药Ⅲ
605499.SH,东鹏饮料,8869861.8641,120.81,20260828,食品饮料,饮料乳品,软饮料
601127.SH,赛力斯,8812702.6209,50.59,20260828,汽车,乘用车,电动乘用车
002080.SZ,中材科技,8795045.7876,52.41,20260828,建筑材料,玻璃玻纤,玻纤制造
688249.SH,晶合集成,8737464.2843,39.1,20260828,电子,半导体,集成电路制造
600875.SH,东方电气,8732359.7575,25.25,20260828,电力设备,其他电源设备Ⅱ,综合电力设备商
688271.SH,联影医疗,8699811.848,105.56,20260828,医药生物,医疗器械,医疗设备
600549.SH,厦门钨业,8666630.8822,54.59,20260828,有色金属,小金属,钨
000895.SZ,双汇发展,8616612.4044,24.87,20260828,食品饮料,食品加工,肉制品
002466.SZ,天齐锂业,8582657.553,50.1,20260828,有色金属,能源金属,锂
601825.SH,沪农商行,8516044.4052,8.83,20260828,银行,农商行Ⅱ,农商行Ⅲ
002241.SZ,歌尔股份,8351389.5395,23.51,20260828,电子,消费电子,消费电子零部件及组装
002001.SZ,新和成,8341266.4938,27.14,20260828,基础化工,化学制品,食品及饲料添加剂
601186.SH,中国铁建,8283520.315,6.1,20260828,建筑装饰,基础建设,基建市政工程
002837.SZ,英维克,8234944.5568,64.48,20260828,机械设备,专用设备,其他专用设备
601689.SH,拓普集团,8183467.8404,47.09,20260828,汽车,汽车零部件,底盘与发动机系统
688126.SH,沪硅产业,8100612.3534,24.51,20260828,电子,半导体,半导体材料
688396.SH,华润微,8095444.2165,60.95,20260828,电子,半导体,集成电路制造
300475.SZ,香农芯创,8080812.657,172.1,20260828,电子,其他电子Ⅱ,其他电子Ⅲ
300759.SZ,康龙化成,8043627.6008,43.78,20260828,医药生物,医疗服务,医疗研发外包
601669.SH,中国电建,8010164.121,4.65,20260828,建筑装饰,基础建设,基建市政工程
601916.SH,浙商银行,7937279.804,2.89,20260828,银行,股份制银行Ⅱ,股份制银行Ⅲ
601838.SH,成都银行,7930112.6334,18.71,20260828,银行,城商行Ⅱ,城商行Ⅲ
600115.SH,中国东航,7863234.2652,3.56,20260828,交通运输,航空机场,航空运输
300661.SZ,圣邦股份,7849722.685,114.5,20260828,电子,半导体,模拟芯片设计
688818.SH,电科蓝天,7819631.3978,45.02,20260828,国防军工,航天装备Ⅱ,航天装备Ⅲ
688200.SH,华峰测控,7811656.2649,389.03,20260828,电子,半导体,半导体设备
600958.SH,东方证券,7808417.0307,9.19,20260828,非银金融,证券Ⅱ,证券Ⅲ
600236.SH,桂冠电力,7803554.022,9.9,20260828,公用事业,电力,水力发电
002202.SZ,金风科技,7775994.9967,18.41,20260828,电力设备,风电设备,风电整机
300620.SZ,光库科技,7722851.2365,309.93,20260828,通信,通信设备,通信网络设备及器件
601077.SH,渝农商行,7711403.0679,6.79,20260828,银行,农商行Ⅱ,农商行Ⅲ
600436.SH,片仔癀,7680227.956,127.3,20260828,医药生物,中药Ⅱ,中药Ⅲ
688172.SH,燕东微,7673447.2875,53.75,20260828,电子,半导体,分立器件
300015.SZ,爱尔眼科,7672140.9056,8.25,20260828,医药生物,医疗服务,医院
600039.SH,四川路桥,7669510.9092,8.82,20260828,建筑装饰,基础建设,基建市政工程
002653.SZ,海思科,7664515.6806,67.18,20260828,医药生物,化学制药,化学制剂
002311.SZ,海大集团,7655644.2777,46.24,20260828,农林牧渔,饲料,水产饲料
002709.SZ,天赐材料,7573256.7155,37.15,20260828,电力设备,电池,电池化学品
603799.SH,华友钴业,7572216.4725,39.99,20260828,有色金属,能源金属,钴
000975.SZ,山金国际,7571772.3294,27.31,20260828,有色金属,贵金属,黄金
688002.SH,睿创微纳,7527938.649,161.7,20260828,国防军工,军工电子Ⅱ,军工电子Ⅲ
600674.SH,川投能源,7502019.8652,15.39,20260828,公用事业,电力,水力发电
603893.SH,瑞芯微,7485410.284,176.9,20260828,电子,半导体,数字芯片设计
601958.SH,金钼股份,7469589.186,23.15,20260828,有色金属,小金属,钼
000703.SZ,恒逸石化,7448224.7278,19.49,20260828,石油石化,炼化及贸易,炼油化工
688037.SH,芯源微,7419761.271,367.74,20260828,电子,半导体,半导体设备
002179.SZ,中航光电,7388666.4834,35.18,20260828,国防军工,军工电子Ⅱ,军工电子Ⅲ
000426.SZ,兴业银锡,7383093.6564,41.58,20260828,有色金属,工业金属,铅锌
001389.SZ,广合科技,7369536.428,155.9,20260828,电子,元件,印制电路板
002851.SZ,麦格米特,7368204.7285,125.95,20260828,电力设备,其他电源设备Ⅱ,其他电源设备Ⅲ
300866.SZ,安克创新,7297753.863,124.1,20260828,电子,消费电子,品牌消费电子
688777.SH,中控技术,7290020.053,92.14,20260828,机械设备,自动化设备,工控设备
600482.SH,中国动力,7215291.7984,31.81,20260828,电力设备,其他电源设备Ⅱ,其他电源设备Ⅲ
688469.SH,芯联集成-U,7192345.6176,8.58,20260828,电子,半导体,集成电路制造
002027.SZ,分众传媒,7177773.2509,4.97,20260828,传媒,广告营销,广告媒体
301638.SZ,南网数字,7157392.6002,22.51,20260828,计算机,IT服务Ⅱ,IT服务Ⅲ
600118.SH,中国卫星,7122131.8493,60.23,20260828,国防军工,航天装备Ⅱ,航天装备Ⅲ
688729.SH,屹唐股份,7087432.88,23.98,20260828,电子,半导体,半导体设备
603083.SH,剑桥科技,7081823.4424,192.31,20260828,通信,通信设备,通信终端及配件
603195.SH,公牛集团,7056884.5893,39.13,20260828,轻工制造,家居用品,其他家居用品
000708.SZ,中信特钢,7045833.4056,13.96,20260828,钢铁,特钢Ⅱ,特钢Ⅲ
000625.SZ,长安汽车,7038162.976,7.1,20260828,汽车,乘用车,综合乘用车
688313.SH,仕佳光子,7010307.513,155.1,20260828,通信,通信设备,通信网络设备及器件
300223.SZ,北京君正,6987894.1212,135.7,20260828,电子,半导体,数字芯片设计
600600.SH,青岛啤酒,6976493.7414,51.14,20260828,食品饮料,非白酒,啤酒
300054.SZ,鼎龙股份,6921038.1593,72.5,20260828,电子,电子化学品Ⅱ,电子化学品Ⅲ
600378.SH,昊华科技,6876988.4007,53.31,20260828,基础化工,化学制品,氟化工
688519.SH,南亚新材,6874323.092,292.3,20260828,电子,元件,印制电路板
300285.SZ,国瓷材料,6869662.787,68.9,20260828,电子,电子化学品Ⅱ,电子化学品Ⅲ
600415.SH,小商品城,6832514.7632,12.46,20260828,商贸零售,一般零售,商业物业经营
601788.SH,光大证券,6805522.4976,14.76,20260828,非银金融,证券Ⅱ,证券Ⅲ
002409.SZ,雅克科技,6761027.4856,142.06,20260828,电子,半导体,半导体材料
688331.SH,荣昌生物,6758489.1075,119.73,20260828,医药生物,生物制品,其他生物制品
601018.SH,宁波港,6731218.3864,3.46,20260828,交通运输,航运港口,港口
600066.SH,宇通客车,6655101.2352,30.06,20260828,汽车,商用车,商用载客车
002422.SZ,科伦药业,6641511.51,41.75,20260828,医药生物,化学制药,化学制剂
001965.SZ,招商公路,6632012.72,9.76,20260828,交通运输,铁路公路,高速公路
600023.SH,浙能电力,6623913.9538,4.94,20260828,公用事业,电力,火力发电
300666.SZ,江丰电子,6618336.522,239.82,20260828,电子,半导体,半导体材料
688036.SH,传音控股,6612403.768,57.44,20260828,电子,消费电子,品牌消费电子
600703.SH,三安光电,6545592.5344,13.12,20260828,电子,光学光电子,LED
601179.SH,中国西电,6530374.1776,12.74,20260828,电力设备,电网设备,输变电设备
601233.SH,桐昆股份,6530359.1175,27.45,20260828,石油石化,炼化及贸易,其他石化
601360.SH,三六零,6509588.847,9.3,20260828,计算机,软件开发,横向通用软件
002428.SZ,云南锗业,6508993.92,99.66,20260828,有色金属,小金属,其他小金属
603459.SH,红板科技,6507908.5824,86.34,20260828,电子,元件,印制电路板
001979.SZ,招商蛇口,6455479.0552,7.16,20260828,房地产,房地产开发,商业地产
601231.SH,环旭电子,6447737.4543,26.99,20260828,电子,消费电子,消费电子零部件及组装
000831.SZ,中国稀土,6386426.7744,60.18,20260828,有色金属,小金属,稀土
688585.SH,上纬新材,6371098.0515,157.95,20260828,基础化工,塑料,合成树脂
000636.SZ,风华高科,6362834.8225,55.45,20260828,电子,元件,被动元件
688187.SH,时代电气,6342132.4044,47.66,20260828,机械设备,轨交设备Ⅱ,轨交设备Ⅲ
688409.SH,富创精密,6324784.074,206.55,20260828,电子,半导体,半导体设备
300548.SZ,长芯博创,6276394.192,212.9,20260828,通信,通信设备,通信网络设备及器件
300765.SZ,新诺威,6236392.476,44.4,20260828,医药生物,化学制药,原料药
600377.SH,宁沪高速,6231693.6575,12.37,20260828,交通运输,铁路公路,高速公路
600048.SH,保利发展,6212660.1246,5.19,20260828,房地产,房地产开发,住宅开发
000933.SZ,神火股份,6205003.1396,27.59,20260828,有色金属,工业金属,铝
688630.SH,芯碁微装,6135637.776,418.8,20260828,机械设备,专用设备,其他专用设备
601808.SH,中海油服,6131495.72,12.85,20260828,石油石化,油服工程,油田服务
688629.SH,华丰科技,6128520.1312,130.88,20260828,国防军工,军工电子Ⅱ,军工电子Ⅲ
002625.SZ,光启技术,6119029.5281,28.4,20260828,国防军工,航空装备Ⅱ,航空装备Ⅲ
600196.SH,复星医药,6107271.8091,22.87,20260828,医药生物,化学制药,化学制剂
002532.SZ,天山铝业,6096047.2875,13.17,20260828,有色金属,工业金属,铝
300751.SZ,迈为股份,6088426.294,218.3,20260828,电力设备,光伏设备,光伏加工设备
601607.SH,上海医药,6085421.7138,16.41,20260828,医药生物,医药商业,医药流通
002436.SZ,兴森科技,6081432.1408,35.78,20260828,电子,元件,印制电路板
000768.SZ,中航西飞,6039485.1372,21.72,20260828,国防军工,航空装备Ⅱ,航空装备Ⅲ
300567.SZ,精测电子,6031341.008,215.6,20260828,机械设备,通用设备,仪器仪表
600426.SH,华鲁恒升,5997625.683,21.81,20260828,基础化工,农化制品,氮肥
600292.SH,电投水电,5983816.4404,12.56,20260828,环保,环境治理,大气治理
000960.SZ,锡业股份,5967981.864,36.27,20260828,有色金属,小金属,其他小金属
688766.SH,普冉股份,5965691.0248,401.18,20260828,电子,半导体,数字芯片设计
002821.SZ,凯莱英,5948783.769,164.94,20260828,医药生物,医疗服务,医疗研发外包
002064.SZ,华峰化学,5900464.6971,11.89,20260828,基础化工,化学纤维,氨纶
000157.SZ,中联重科,5898301.0064,6.82,20260828,机械设备,工程机械,工程机械整机
002304.SZ,洋河股份,5894719.6763,39.13,20260828,食品饮料,白酒Ⅱ,白酒Ⅲ
000021.SZ,深科技,5890705.1758,37.17,20260828,电子,消费电子,消费电子零部件及组装
601298.SH,青岛港,5887427.7,9.07,20260828,交通运输,航运港口,港口
601061.SH,中信金属,5884900.0,12.01,20260828,商贸零售,贸易Ⅱ,贸易Ⅲ
600009.SH,上海机场,5884860.245,23.65,20260828,交通运输,航空机场,机场
688809.SH,强一股份,5883806.0502,454.14,20260828,电子,半导体,半导体设备
300136.SZ,信维通信,5838309.5358,60.34,20260828,电子,消费电子,消费电子零部件及组装
600105.SH,永鼎股份,5818739.304,39.8,20260828,通信,通信设备,通信线缆及配套
600233.SH,圆通速递,5793435.8131,16.92,20260828,交通运输,物流,快递
600096.SH,云天化,5757004.6306,31.58,20260828,基础化工,农化制品,磷肥及磷化工
300316.SZ,晶盛机电,5716115.037,43.65,20260828,电力设备,光伏设备,光伏加工设备
003031.SZ,中瓷电子,5712584.9785,126.65,20260828,通信,通信设备,通信终端及配件
301511.SZ,德福科技,5704414.1,90.5,20260828,电力设备,电池,锂电池
601901.SH,方正证券,5696614.1688,6.92,20260828,非银金融,证券Ⅱ,证券Ⅲ
600460.SH,士兰微,5686133.3406,34.17,20260828,电子,半导体,分立器件
600221.SH,海航控股,5661247.8575,1.31,20260828,交通运输,航空机场,航空运输
688432.SH,有研硅,5653865.1918,45.22,20260828,电子,半导体,半导体材料
601212.SH,白银有色,5649842.9435,7.63,20260828,有色金属,工业金属,铜
001872.SZ,招商港口,5634476.641,22.7,20260828,交通运输,航运港口,港口
002185.SZ,华天科技,5628874.3668,16.92,20260828,电子,半导体,集成电路封测
600219.SH,南山铝业,5604046.3808,4.88,20260828,有色金属,工业金属,铝
300450.SZ,先导智能,5598596.696,33.44,20260828,电力设备,电池,锂电专用设备
600498.SH,烽火通信,5592933.765,41.18,20260828,通信,通信设备,通信网络设备及器件
600803.SH,新奥股份,5577523.5502,18.02,20260828,公用事业,燃气Ⅱ,燃气Ⅲ
688147.SH,微导纳米,5574486.1262,120.02,20260828,电力设备,光伏设备,光伏加工设备
688019.SH,安集科技,5553630.08,243.2,20260828,电子,电子化学品Ⅱ,电子化学品Ⅲ
601877.SH,正泰电器,5531446.206,25.74,20260828,电力设备,电网设备,配电设备
002595.SZ,豪迈科技,5499560.0,47.41,20260828,机械设备,专用设备,其他专用设备
002414.SZ,高德红外,5487895.8885,12.85,20260828,国防军工,军工电子Ⅱ,军工电子Ⅲ
601618.SH,中国中冶,5483279.088,2.65,20260828,建筑装饰,专业工程,其他专业工程
601238.SH,广汽集团,5465627.3224,5.36,20260828,汽车,乘用车,综合乘用车
600027.SH,华电国际,5457533.874,4.7,20260828,公用事业,电力,火力发电
601059.SH,信达证券,5435268.0,16.76,20260828,非银金融,证券Ⅱ,证券Ⅲ
600372.SH,中航机载,5434080.8818,11.23,20260828,国防军工,航空装备Ⅱ,航空装备Ⅲ
300454.SZ,深信服,5389740.351,124.89,20260828,计算机,软件开发,横向通用软件
688141.SH,杰华特,5384945.6928,119.58,20260828,电子,半导体,模拟芯片设计
600438.SH,通威股份,5384381.1164,11.96,20260828,电力设备,光伏设备,硅料硅片
688017.SH,绿的谐波,5353238.92,292.0,20260828,机械设备,自动化设备,机器人
002812.SZ,恩捷股份,5346223.7328,54.48,20260828,电力设备,电池,电池化学品
301358.SZ,湖南裕能,5335623.3198,62.94,20260828,电力设备,电池,电池化学品
600497.SH,驰宏锌锗,5327682.1885,10.57,20260828,有色金属,工业金属,铅锌
002636.SZ,金安国纪,5327504.0,73.18,20260828,电子,元件,印制电路板
300390.SZ,天华新能,5326774.1296,64.12,20260828,电力设备,电池,电池化学品
002236.SZ,大华股份,5319089.4367,16.27,20260828,计算机,计算机设备,安防设备
300803.SZ,指南针,5313001.5675,86.18,20260828,计算机,软件开发,垂直应用软件
600885.SH,宏发股份,5308248.449,34.3,20260828,电力设备,电网设备,电网自动化设备
603156.SH,养元饮品,5307028.9736,42.11,20260828,食品饮料,饮料乳品,软饮料
002049.SZ,紫光国微,5293821.1686,62.78,20260828,电子,半导体,数字芯片设计
688009.SH,中国通号,5284319.681,4.99,20260828,机械设备,轨交设备Ⅱ,轨交设备Ⅲ
600601.SH,方正科技,5269524.9957,12.33,20260828,电子,元件,印制电路板
301269.SZ,华大九天,5265074.906,96.1,20260828,计算机,软件开发,垂直应用软件
002920.SZ,德赛西威,5245953.747,87.9,20260828,计算机,软件开发,垂直应用软件
688796.SH,百奥赛图,5224689.1944,116.91,20260828,医药生物,医疗服务,医疗研发外包
300418.SZ,昆仑万维,5191540.188,40.4,20260828,传媒,游戏Ⅱ,游戏Ⅲ
000039.SZ,中集集团,5187604.5286,9.62,20260828,机械设备,通用设备,金属制品
002558.SZ,巨人网络,5184733.136,27.28,20260828,传媒,游戏Ⅱ,游戏Ⅲ
601208.SH,东材科技,5180217.9112,51.28,20260828,基础化工,塑料,膜材料
002484.SZ,江海股份,5171185.312,60.8,20260828,电子,元件,被动元件
688048.SH,长光华芯,5162004.3117,292.83,20260828,电子,半导体,分立器件
688428.SH,诺诚健华,5137486.728,29.04,20260828,医药生物,化学制药,化学制剂
300373.SZ,扬杰科技,5130833.2754,94.43,20260828,电子,半导体,分立器件
688234.SH,天岳先进,5130171.441,105.86,20260828,电子,半导体,半导体材料
601377.SH,兴业证券,5121140.4689,5.93,20260828,非银金融,证券Ⅱ,证券Ⅲ
688578.SH,艾力斯,5116500.0,113.7,20260828,医药生物,化学制药,化学制剂
601699.SH,潞安环能,5115309.732,17.1,20260828,煤炭,煤炭开采,焦煤
603659.SH,璞泰来,5107446.7644,23.82,20260828,电力设备,电池,电池化学品
603979.SH,金诚信,5097633.1272,81.72,20260828,有色金属,工业金属,铜
000783.SZ,长江证券,5093197.1409,9.21,20260828,非银金融,证券Ⅱ,证券Ⅲ
300628.SZ,亿联网络,5093011.968,40.2,20260828,通信,通信设备,通信终端及配件
688110.SH,东芯股份,5087782.4774,115.01,20260828,电子,半导体,数字芯片设计
002850.SZ,科达利,5076669.906,177.3,20260828,电力设备,电池,锂电池
600350.SH,山东高速,5061795.6276,10.47,20260828,交通运输,铁路公路,高速公路
601456.SH,国联民生,5061408.1848,8.91,20260828,非银金融,证券Ⅱ,证券Ⅲ
600845.SH,宝信软件,5032769.1201,17.61,20260828,计算机,IT服务Ⅱ,IT服务Ⅲ
001391.SZ,国货航,5017850.1732,4.11,20260828,交通运输,物流,跨境物流
600801.SH,华新建材,4983352.4532,23.97,20260828,建筑材料,水泥,水泥制造
000596.SZ,古井贡酒,4963554.0,93.9,20260828,食品饮料,白酒Ⅱ,白酒Ⅲ
002074.SZ,国轩高科,4943311.8316,27.24,20260828,电力设备,电池,锂电池
300037.SZ,新宙邦,4931171.9236,65.41,20260828,电力设备,电池,电池化学品
601598.SH,中国外运,4928367.0744,6.87,20260828,交通运输,物流,跨境物流
301536.SZ,星宸科技,4912139.8144,116.48,20260828,电子,半导体,数字芯片设计
600741.SH,华域汽车,4852042.236,15.39,20260828,汽车,汽车零部件,车身附件及饰件
000963.SZ,华东医药,4850836.2654,27.66,20260828,医药生物,化学制药,化学制剂
600985.SH,淮北矿业,4823626.3317,17.91,20260828,煤炭,煤炭开采,焦煤
920045.BJ,蘅东光,4803128.4168,504.0,20260828,通信,通信设备,通信网络设备及器件
300058.SZ,蓝色光标,4800125.7444,13.37,20260828,传媒,广告营销,营销代理
688775.SH,影石创新,4783930.0,119.3,20260828,电子,消费电子,品牌消费电子
001257.SZ,盛龙股份,4749604.7196,25.87,20260828,有色金属,小金属,钼
600418.SH,江淮汽车,4742790.9328,21.04,20260828,汽车,商用车,商用载货车
601058.SH,赛轮轮胎,4731576.3317,14.39,20260828,汽车,汽车零部件,轮胎轮毂
300395.SZ,菲利华,4720503.6309,89.79,20260828,国防军工,航空装备Ⅱ,航空装备Ⅲ
600895.SH,张江高科,4715759.832,30.45,20260828,房地产,房地产开发,产业地产
600879.SH,航天电子,4711399.4004,14.28,20260828,国防军工,航天装备Ⅱ,航天装备Ⅲ
601117.SH,中国化学,4676859.4962,7.66,20260828,建筑装饰,专业工程,化学工程
600580.SH,卧龙电驱,4653548.0325,29.79,20260828,电力设备,电机Ⅱ,电机Ⅲ
300570.SZ,太辰光,4640202.567,204.3,20260828,通信,通信设备,通信网络设备及器件
688627.SH,精智达,4630636.799,491.95,20260828,机械设备,通用设备,仪器仪表
000066.SZ,中国长城,4599989.5166,14.26,20260828,计算机,计算机设备,其他计算机设备
688300.SH,联瑞新材,4585500.108,189.9,20260828,基础化工,非金属材料Ⅱ,非金属材料Ⅲ
688375.SH,国博电子,4582162.5512,76.88,20260828,国防军工,军工电子Ⅱ,军工电子Ⅲ
603129.SH,春风动力,4573633.9572,297.99,20260828,汽车,摩托车及其他,摩托车
600918.SH,中泰证券,4545127.734,5.74,20260828,非银金融,证券Ⅱ,证券Ⅲ
601198.SH,东兴证券,4541585.9275,14.05,20260828,非银金融,证券Ⅱ,证券Ⅲ
688548.SH,广钢气体,4529495.0505,34.33,20260828,电子,电子化学品Ⅱ,电子化学品Ⅲ
002203.SZ,海亮股份,4526216.52,19.75,20260828,有色金属,工业金属,铜
600663.SH,陆家嘴,4521568.0226,8.98,20260828,房地产,房地产开发,商业地产
002155.SZ,湖南黄金,4519187.5596,28.92,20260828,有色金属,贵金属,黄金
000893.SZ,亚钾国际,4509369.856,48.8,20260828,基础化工,农化制品,钾肥
688387.SH,信科移动-U,4464887.5,13.06,20260828,通信,通信设备,通信网络设备及器件
300782.SZ,卓胜微,4449824.393,77.39,20260828,电子,半导体,模拟芯片设计
688385.SH,复旦微电,4415959.1673,53.61,20260828,电子,半导体,数字芯片设计
603049.SH,中策橡胶,4405658.4528,50.38,20260828,汽车,汽车零部件,轮胎轮毂
603629.SH,利通电子,4398902.36,119.95,20260828,电子,消费电子,消费电子零部件及组装
600871.SH,石化油服,4398034.6256,2.32,20260828,石油石化,油服工程,油田服务
002407.SZ,多氟多,4397458.0244,36.94,20260828,基础化工,化学制品,氟化工
600726.SH,华电能源,4396478.9272,5.56,20260828,公用事业,电力,火力发电
600206.SH,有研新材,4372447.7945,51.65,20260828,电子,半导体,半导体材料
001203.SZ,大中矿业,4335551.3712,28.28,20260828,钢铁,冶钢原料,铁矿石
000878.SZ,云南铜业,4328953.44,17.85,20260828,有色金属,工业金属,铜
688223.SH,晶科能源,4313153.1496,4.2,20260828,电力设备,光伏设备,光伏电池组件
601021.SH,春秋航空,4312493.6272,44.08,20260828,交通运输,航空机场,航空运输
301611.SZ,珂玛科技,4292420.0,98.45,20260828,电子,半导体,半导体材料
300347.SZ,泰格医药,4292214.8593,49.85,20260828,医药生物,医疗服务,医疗研发外包
601878.SH,浙商证券,4285647.4142,9.37,20260828,非银金融,证券Ⅱ,证券Ⅲ
600352.SH,浙江龙盛,4284638.1123,13.17,20260828,基础化工,化学制品,纺织化学制品
688536.SH,思瑞浦,4263771.44,308.8,20260828,电子,半导体,模拟芯片设计
688047.SH,龙芯中科,4258620.0,106.2,20260828,电子,半导体,数字芯片设计
300919.SZ,中伟新材,4252021.9491,40.71,20260828,电力设备,电池,电池化学品
000983.SZ,山西焦煤,4212409.0162,7.42,20260828,煤炭,煤炭开采,焦煤
603087.SH,甘李药业,4204727.8236,70.38,20260828,医药生物,生物制品,其他生物制品
002078.SZ,太阳纸业,4198506.2821,14.71,20260828,轻工制造,造纸,大宗用纸
600909.SH,华安证券,4185166.3469,8.33,20260828,非银金融,证券Ⅱ,证券Ⅲ
600256.SH,广汇能源,4180369.962,6.54,20260828,石油石化,炼化及贸易,油品石化贸易
301205.SZ,联特科技,4173761.1825,320.85,20260828,通信,通信设备,通信网络设备及器件
600061.SH,国投资本,4162557.6678,6.51,20260828,非银金融,证券Ⅱ,证券Ⅲ
600570.SH,恒生电子,4160344.4363,21.97,20260828,计算机,软件开发,垂直应用软件
600642.SH,申能股份,4150179.3312,8.48,20260828,公用事业,电力,火力发电
603260.SH,合盛硅业,4145999.5983,35.07,20260828,基础化工,化学制品,有机硅
688052.SH,纳芯微,4143875.7888,253.44,20260828,电子,半导体,模拟芯片设计
600869.SH,远东股份,4139092.7855,18.65,20260828,电力设备,电网设备,线缆部件及其他
688220.SH,翱捷科技-U,4118590.6614,98.46,20260828,电子,半导体,模拟芯片设计
300832.SZ,新产业,4098309.1826,52.16,20260828,医药生物,医疗器械,体外诊断
600667.SH,太极实业,4084781.9166,19.53,20260828,建筑装饰,工程咨询服务Ⅱ,工程咨询服务Ⅲ
601108.SH,财通证券,4077229.182,8.78,20260828,非银金融,证券Ⅱ,证券Ⅲ
000999.SZ,华润三九,4059027.2142,24.39,20260828,医药生物,中药Ⅱ,中药Ⅲ
603175.SH,超颖电子,4057817.0505,92.85,20260828,电子,元件,印制电路板
601665.SH,齐鲁银行,4055382.2075,6.59,20260828,银行,城商行Ⅱ,城商行Ⅲ
601555.SH,东吴证券,4054461.4848,8.16,20260828,非银金融,证券Ⅱ,证券Ⅲ
002555.SZ,三七互娱,4041758.2779,18.27,20260828,传媒,游戏Ⅱ,游戏Ⅲ
688433.SH,华曙高科,4039413.3,97.2,20260828,机械设备,通用设备,其他通用设备
600995.SH,南网储能,4023771.3022,12.59,20260828,公用事业,电力,电能综合服务
300903.SZ,科翔股份,4019923.5545,92.33,20260828,电子,元件,印制电路板
600392.SH,盛和资源,4019231.3938,22.93,20260828,有色金属,小金属,稀土
688188.SH,柏楚电子,4015422.8273,99.01,20260828,计算机,计算机设备,其他计算机设备
600968.SH,海油发展,4005051.0548,3.94,20260828,石油石化,油服工程,油田服务
601963.SH,重庆银行,3991981.4679,11.01,20260828,银行,城商行Ⅱ,城商行Ⅲ
605376.SH,博迁新材,3982598.4,152.24,20260828,有色金属,能源金属,镍
000811.SZ,冰轮环境,3979836.78,40.1,20260828,机械设备,通用设备,制冷空调设备
002945.SZ,华林证券,3974400.0,14.72,20260828,非银金融,证券Ⅱ,证券Ⅲ
603806.SH,福斯特,3973119.7011,15.23,20260828,电力设备,光伏设备,光伏辅材
002129.SZ,TCL中环,3970328.0298,9.82,20260828,电力设备,光伏设备,硅料硅片
601216.SH,君正集团,3965868.178,4.7,20260828,基础化工,化学原料,氯碱
002138.SZ,顺络电子,3963054.936,49.15,20260828,电子,元件,被动元件
002601.SZ,龙佰集团,3957851.68,16.6,20260828,基础化工,化学原料,钛白粉
601136.SH,首创证券,3941467.3396,14.42,20260828,非银金融,证券Ⅱ,证券Ⅲ
688213.SH,思特威-W,3941399.7196,97.97,20260828,电子,半导体,数字芯片设计
688027.SH,国盾量子,3939576.3,383.0,20260828,通信,通信设备,通信终端及配件
688322.SH,奥比中光-W,3932663.3522,95.26,20260828,电子,光学光电子,光学元件
300979.SZ,华利集团,3931623.0,33.69,20260828,纺织服饰,纺织制造,纺织鞋类制造
603699.SH,纽威股份,3930684.303,50.7,20260828,机械设备,通用设备,金属制品
002966.SZ,苏州银行,3898417.2736,8.72,20260828,银行,城商行Ⅱ,城商行Ⅲ
000987.SZ,越秀资本,3898311.8748,7.77,20260828,非银金融,多元金融,金融控股
002738.SZ,中矿资源,3897103.5207,53.43,20260828,有色金属,小金属,其他小金属
688728.SH,格科微,3882675.9431,14.93,20260828,电子,半导体,数字芯片设计
600021.SH,上海电力,3868791.7218,13.71,20260828,公用事业,电力,火力发电
688781.SH,视涯科技-UW,3864000.0,38.64,20260828,电子,光学光电子,面板
301018.SZ,申菱环境,3861460.1721,103.17,20260828,机械设备,通用设备,制冷空调设备
601162.SH,天风证券,3848262.3846,3.82,20260828,非银金融,证券Ⅱ,证券Ⅲ
300346.SZ,南大光电,3846979.3054,55.66,20260828,电子,电子化学品Ⅱ,电子化学品Ⅲ
600295.SH,鄂尔多斯,3845518.6362,13.74,20260828,钢铁,冶钢原料,冶钢辅料
601577.SH,长沙银行,3844605.3372,9.56,20260828,银行,城商行Ⅱ,城商行Ⅲ
301236.SZ,软通动力,3842622.6816,37.12,20260828,计算机,IT服务Ⅱ,IT服务Ⅲ
603650.SH,彤程新材,3841810.0256,62.36,20260828,基础化工,橡胶,橡胶助剂
301696.SZ,三瑞智能,3841696.04,96.04,20260828,电力设备,电机Ⅱ,电机Ⅲ
603392.SH,万泰生物,3839960.9336,30.37,20260828,医药生物,生物制品,疫苗
688167.SH,炬光科技,3839100.5,295.0,20260828,电子,半导体,分立器件
300972.SZ,万辰集团,3835770.5168,194.38,20260828,商贸零售,一般零售,超市
688025.SH,杰普特,3825738.35,402.5,20260828,机械设备,自动化设备,激光设备
300017.SZ,网宿科技,3820893.3936,15.31,20260828,计算机,IT服务Ⅱ,IT服务Ⅲ
688336.SH,三生国健,3815231.5278,42.57,20260828,医药生物,生物制品,其他生物制品
688099.SH,晶晨股份,3797180.4,89.7,20260828,电子,半导体,数字芯片设计
301396.SZ,宏景科技,3788046.075,176.25,20260828,计算机,IT服务Ⅱ,IT服务Ⅲ
600901.SH,江苏金租,3787880.6256,6.54,20260828,非银金融,多元金融,租赁
600143.SH,金发科技,3772023.9013,14.11,20260828,基础化工,塑料,改性塑料
000002.SZ,万科A,3770104.202,3.16,20260828,房地产,房地产开发,住宅开发
600141.SH,兴发集团,3756638.9274,31.26,20260828,基础化工,农化制品,磷肥及磷化工
300748.SZ,金力永磁,3735465.1722,27.03,20260828,有色金属,金属新材料,磁性材料
000688.SZ,国城矿业,3732963.255,31.5,20260828,有色金属,工业金属,铅锌
600578.SH,京能电力,3728903.897,5.57,20260828,公用事业,电力,火力发电
600685.SH,中船防务,3721762.3512,26.33,20260828,国防军工,航海装备Ⅱ,航海装备Ⅲ
688303.SH,大全能源,3721112.686,17.45,20260828,电力设备,光伏设备,硅料硅片
601777.SH,千里科技,3720865.3823,8.23,20260828,汽车,摩托车及其他,摩托车
600711.SH,盛屯矿业,3708733.92,12.0,20260828,有色金属,能源金属,钴
002429.SZ,兆驰股份,3703037.4165,8.18,20260828,家用电器,黑色家电,彩电
603379.SH,三美股份,3690345.555,60.45,20260828,基础化工,化学制品,氟化工
300001.SZ,特锐德,3684149.0461,34.91,20260828,电力设备,电网设备,输变电设备
000559.SZ,万向钱潮,3673417.218,11.08,20260828,汽车,汽车零部件,底盘与发动机系统
000921.SZ,海信家电,3671266.7761,26.51,20260828,家用电器,白色家电,空调
600863.SH,华能蒙电,3666868.7328,4.68,20260828,公用事业,电力,火力发电
300672.SZ,国科微,3651229.845,168.18,20260828,电子,半导体,数字芯片设计
600177.SH,雅戈尔,3634025.3334,7.86,20260828,纺织服饰,服装家纺,非运动服装
301656.SZ,联合动力,3633639.0499,15.11,20260828,汽车,汽车零部件,汽车电子电气系统
002444.SZ,巨星科技,3632408.2062,30.41,20260828,机械设备,通用设备,其他通用设备
002273.SZ,水晶光电,3632331.3613,26.12,20260828,电子,光学光电子,光学元件
600060.SH,海信视像,3630432.6604,27.82,20260828,家用电器,黑色家电,彩电
688549.SH,中巨芯-U,3625235.304,24.54,20260828,电子,电子化学品Ⅱ,电子化学品Ⅲ
002195.SZ,岩山科技,3620920.8492,6.39,20260828,计算机,IT服务Ⅱ,IT服务Ⅲ
001286.SZ,陕西能源,3615000.0,9.64,20260828,公用事业,电力,火力发电
688668.SH,鼎通科技,3602234.069,258.65,20260828,通信,通信设备,通信网络设备及器件
600562.SH,国睿科技,3597662.0466,28.97,20260828,国防军工,军工电子Ⅱ,军工电子Ⅲ
002294.SZ,信立泰,3587479.497,32.18,20260828,医药生物,化学制药,化学制剂
600298.SH,安琪酵母,3584078.841,41.3,20260828,食品饮料,调味发酵品Ⅱ,调味发酵品Ⅲ
600330.SH,天通股份,3569559.1536,28.94,20260828,电子,电子化学品Ⅱ,电子化学品Ⅲ
603127.SH,昭衍新药,3562401.3428,47.54,20260828,医药生物,医疗服务,医疗研发外包
300677.SZ,英科医疗,3555309.876,54.3,20260828,医药生物,医疗器械,医疗耗材
603369.SH,今世缘,3549639.6,28.47,20260828,食品饮料,白酒Ⅱ,白酒Ⅲ
002517.SZ,恺英网络,3546495.878,16.6,20260828,传媒,游戏Ⅱ,游戏Ⅲ
688472.SH,阿特斯,3544775.3173,9.73,20260828,电力设备,光伏设备,光伏电池组件
002948.SZ,青岛银行,3515494.2388,6.04,20260828,银行,城商行Ⅱ,城商行Ⅲ
603929.SH,亚翔集成,3513612.48,164.68,20260828,建筑装饰,专业工程,其他专业工程
688617.SH,惠泰医疗,3512047.098,248.15,20260828,医药生物,医疗器械,医疗耗材
601126.SH,四方股份,3510706.577,42.14,20260828,电力设备,电网设备,电网自动化设备
688295.SH,中复神鹰,3508200.0,38.98,20260828,基础化工,化学纤维,其他化学纤维
600588.SH,用友网络,3502422.335,10.25,20260828,计算机,软件开发,横向通用软件
600157.SH,永泰能源,3490842.256,1.6,20260828,煤炭,煤炭开采,焦煤
603225.SH,新凤鸣,3487509.6102,20.79,20260828,基础化工,化学纤维,涤纶
600331.SH,宏达股份,3486912.0,13.2,20260828,基础化工,农化制品,磷肥及磷化工
688411.SH,海博思创,3467555.3745,190.05,20260828,电力设备,其他电源设备Ⅱ,其他电源设备Ⅲ
002126.SZ,银轮股份,3465192.3504,40.92,20260828,汽车,汽车零部件,底盘与发动机系统
601880.SH,辽港股份,3465049.7784,1.47,20260828,交通运输,航运港口,港口
002056.SZ,横店东磁,3464896.56,21.3,20260828,电力设备,光伏设备,光伏电池组件
688180.SH,君实生物-U,3445571.3044,33.56,20260828,医药生物,生物制品,其他生物制品
603298.SH,杭叉集团,3439566.312,26.26,20260828,机械设备,工程机械,工程机械整机
600737.SH,中粮糖业,3428573.6646,16.03,20260828,农林牧渔,农产品加工,其他农产品加工
002340.SZ,格林美,3403273.9199,6.67,20260828,电力设备,电池,电池化学品
002831.SZ,裕同科技,3401194.104,26.4,20260828,轻工制造,包装印刷,纸包装
300122.SZ,智飞生物,3399181.4407,14.2,20260828,医药生物,生物制品,疫苗
605589.SH,圣泉集团,3382144.47,39.96,20260828,基础化工,塑料,合成树脂
600348.SH,华阳股份,3376620.0,9.36,20260828,煤炭,煤炭开采,焦煤
000728.SZ,国元证券,3360108.983,7.7,20260828,非银金融,证券Ⅱ,证券Ⅲ
600085.SH,同仁堂,3357359.2944,24.48,20260828,医药生物,中药Ⅱ,中药Ⅲ
601696.SH,中银证券,3355824.0,12.08,20260828,非银金融,证券Ⅱ,证券Ⅲ
605358.SH,立昂微,3338218.0062,43.23,20260828,电子,半导体,半导体材料
688169.SH,石头科技,3337827.146,128.6,20260828,家用电器,小家电,清洁小家电
000973.SZ,佛塑科技,3323536.1536,13.52,20260828,基础化工,塑料,膜材料
600332.SH,白云山,3319865.0178,20.42,20260828,医药生物,中药Ⅱ,中药Ⅲ
600707.SH,彩虹股份,3315672.0828,9.24,20260828,电子,光学光电子,面板
300207.SZ,欣旺达,3312500.1657,17.93,20260828,电力设备,电池,锂电池
601611.SH,中国核建,3303162.2832,10.96,20260828,建筑装饰,基础建设,基建市政工程
688195.SH,腾景科技,3296381.27,182.03,20260828,电子,光学光电子,光学元件
600641.SH,先导基电,3295093.332,34.8,20260828,房地产,房地产开发,住宅开发
002716.SZ,湖南白银,3288898.3355,11.65,20260828,有色金属,贵金属,白银
601236.SH,红塔证券,3285263.59,7.0,20260828,非银金融,证券Ⅱ,证券Ⅲ
002939.SZ,长城证券,3279989.0697,8.13,20260828,非银金融,证券Ⅱ,证券Ⅲ
002841.SZ,视源股份,3274290.3795,46.83,20260828,电子,消费电子,品牌消费电子
300870.SZ,欧陆通,3274203.075,214.5,20260828,电力设备,其他电源设备Ⅱ,其他电源设备Ⅲ
600733.SH,北汽蓝谷,3272717.156,5.14,20260828,汽车,乘用车,电动乘用车
300489.SZ,光智科技,3257544.9402,234.09,20260828,电子,光学光电子,光学元件
000729.SZ,燕京啤酒,3255413.007,11.55,20260828,食品饮料,非白酒,啤酒
002252.SZ,上海莱士,3250187.7323,4.93,20260828,医药生物,生物制品,血液制品
600515.SH,海南机场,3244787.9264,2.84,20260828,房地产,房地产开发,住宅开发
688122.SH,西部超导,3242475.5195,49.91,20260828,国防军工,航空装备Ⅱ,航空装备Ⅲ
000883.SZ,湖北能源,3242359.5666,4.58,20260828,公用事业,电力,电能综合服务
603198.SH,迎驾贡酒,3240800.0,40.51,20260828,食品饮料,白酒Ⅱ,白酒Ⅲ
300115.SZ,长盈精密,3237290.5402,23.78,20260828,电子,消费电子,消费电子零部件及组装
600956.SH,新天绿能,3231192.0456,7.18,20260828,公用事业,电力,风力发电
000876.SZ,新希望,3228489.9618,7.17,20260828,农林牧渔,养殖业,生猪养殖
002032.SZ,苏泊尔,3223621.583,40.3,20260828,家用电器,小家电,厨房小家电
600109.SH,国金证券,3222855.0375,8.75,20260828,非银金融,证券Ⅱ,证券Ⅲ
600839.SH,四川长虹,3217522.2074,6.97,20260828,家用电器,黑色家电,彩电
300487.SZ,蓝晓科技,3217260.8795,63.19,20260828,基础化工,塑料,合成树脂
002261.SZ,拓维信息,3212918.91,25.5,20260828,计算机,软件开发,垂直应用软件
300776.SZ,帝尔激光,3206035.78,112.4,20260828,电力设备,光伏设备,光伏加工设备
002222.SZ,福晶科技,3204753.75,68.15,20260828,电子,光学光电子,光学元件
300811.SZ,铂科新材,3203503.2754,78.55,20260828,有色金属,金属新材料,磁性材料
300251.SZ,光线传媒,3203478.5328,10.92,20260828,传媒,影视院线,影视动漫制作
603308.SH,应流股份,3184060.4298,43.99,20260828,机械设备,通用设备,金属制品
688266.SH,泽璟制药-U,3180469.023,120.15,20260828,医药生物,化学制药,化学制剂
601866.SH,中远海发,3177957.7262,2.42,20260828,交通运输,航运港口,航运
002432.SZ,九安医疗,3162551.5116,67.86,20260828,医药生物,医疗器械,体外诊断
688538.SH,和辉光电-U,3162361.2104,2.29,20260828,电子,光学光电子,面板
600536.SH,中国软件,3153397.3482,33.77,20260828,计算机,IT服务Ⅱ,IT服务Ⅲ
600428.SH,中远海特,3147276.6988,11.47,20260828,交通运输,航运港口,航运
000423.SZ,东阿阿胶,3142829.2416,49.12,20260828,医药生物,中药Ⅱ,中药Ⅲ
689009.SH,九号公司-WD,3118525.943,42.38,20260828,汽车,摩托车及其他,其他运输设备
002131.SZ,利欧股份,3115018.202,4.6,20260828,机械设备,通用设备,金属制品
300209.SZ,行云科技,3113716.8433,33.53,20260828,计算机,软件开发,垂直应用软件
688065.SH,凯赛生物,3113086.7768,43.16,20260828,基础化工,化学制品,其他化学制品
688318.SH,财富趋势,3102324.2796,86.52,20260828,计算机,软件开发,垂直应用软件
600688.SH,上海石化,3099529.545,2.94,20260828,石油石化,炼化及贸易,炼油化工
002378.SZ,章源钨业,3098455.9904,25.79,20260828,有色金属,小金属,钨
300806.SZ,斯迪克,3098315.3324,48.89,20260828,基础化工,塑料,膜材料
000661.SZ,长春高新,3097061.5,75.92,20260828,医药生物,生物制品,其他生物制品
600301.SH,华锡有色,3085664.265,48.78,20260828,有色金属,小金属,其他小金属
300458.SZ,全志科技,3080275.94,31.0,20260828,电子,半导体,数字芯片设计
601001.SH,晋控煤业,3077934.3,18.39,20260828,煤炭,煤炭开采,动力煤
000060.SZ,中金岭南,3077732.5425,6.93,20260828,有色金属,工业金属,铅锌
603486.SH,科沃斯,3071665.4518,53.02,20260828,家用电器,小家电,清洁小家电
002536.SZ,飞龙股份,3065333.2047,53.33,20260828,汽车,汽车零部件,底盘与发动机系统
300438.SZ,鹏辉能源,3063347.3238,60.86,20260828,电力设备,电池,锂电池
001267.SZ,汇绿生态,3061487.13,39.0,20260828,建筑装饰,基础建设,园林工程
000800.SZ,一汽解放,3061036.782,6.22,20260828,汽车,商用车,商用载货车
002673.SZ,西部证券,3052724.3011,6.83,20260828,非银金融,证券Ⅱ,证券Ⅲ
002747.SZ,埃斯顿,3047597.4765,31.49,20260828,机械设备,自动化设备,机器人
000962.SZ,东方钽业,3044067.3744,57.72,20260828,有色金属,小金属,其他小金属
603568.SH,伟明环保,3044007.6964,14.86,20260828,环保,环境治理,固废治理
688676.SH,金盘科技,3039642.5223,66.11,20260828,电力设备,电网设备,输变电设备
002472.SZ,双环传动,3034491.789,35.7,20260828,汽车,汽车零部件,底盘与发动机系统
603766.SH,隆鑫通用,3022813.6768,14.72,20260828,汽车,摩托车及其他,摩托车
002245.SZ,蔚蓝锂芯,3021873.7014,17.67,20260828,电力设备,电池,锂电池
601156.SH,东航物流,3019530.7512,19.02,20260828,交通运输,物流,跨境物流
000786.SZ,北新建材,3012957.72,17.7,20260828,建筑材料,装修建材,其他建材
000027.SZ,深圳能源,3006670.4168,6.32,20260828,公用事业,电力,火力发电
600961.SH,株冶集团,3006189.3054,28.02,20260828,有色金属,工业金属,铅锌
600925.SH,苏能股份,3003555.5604,4.36,20260828,煤炭,煤炭开采,动力煤
301626.SZ,苏州天脉,2994261.12,258.84,20260828,电子,消费电子,消费电子零部件及组装
600483.SH,福能股份,2994217.8882,10.77,20260828,公用事业,电力,电能综合服务
002240.SZ,盛新锂能,2988434.5835,32.65,20260828,有色金属,能源金属,锂
688449.SH,联芸科技,2982640.0,64.84,20260828,电子,半导体,数字芯片设计
002859.SZ,洁美科技,2973623.31,65.55,20260828,电子,其他电子Ⅱ,其他电子Ⅲ
688301.SH,奕瑞科技,2965166.3334,94.61,20260828,医药生物,医疗器械,医疗设备
300456.SZ,赛微电子,2958141.328,40.4,20260828,电子,半导体,集成电路制造
688599.SH,天合光能,2956320.4374,12.62,20260828,电力设备,光伏设备,光伏电池组件
601990.SH,南京证券,2952150.2538,6.71,20260828,非银金融,证券Ⅱ,证券Ⅲ
600699.SH,均胜电子,2948014.9106,19.01,20260828,汽车,汽车零部件,汽车电子电气系统
603061.SH,金海通,2935902.0,337.46,20260828,电子,半导体,半导体设备
600517.SH,国网英大,2933557.5141,5.13,20260828,非银金融,多元金融,信托
600282.SH,南钢股份,2928418.225,4.75,20260828,钢铁,普钢,板材
301550.SZ,斯菱智驱,2928264.8484,87.32,20260828,汽车,汽车零部件,底盘与发动机系统
000737.SZ,北方铜业,2927549.2605,15.37,20260828,有色金属,工业金属,铜
603338.SH,浙江鼎力,2903905.2065,57.35,20260828,机械设备,工程机械,工程机械整机
603179.SH,新泉股份,2900936.2302,39.46,20260828,汽车,汽车零部件,汽车电子电气系统
000629.SZ,钒钛股份,2889484.7658,3.11,20260828,钢铁,冶钢原料,冶钢辅料
600563.SH,法拉电子,2887875.0,128.35,20260828,电子,元件,被动元件
688368.SH,晶丰明源,2883867.635,141.5,20260828,电子,半导体,模拟芯片设计
603186.SH,华正新材,2878673.58,183.6,20260828,电子,元件,印制电路板
000959.SZ,首钢股份,2877092.9054,3.71,20260828,钢铁,普钢,板材
600353.SH,旭光电子,2870173.1856,34.63,20260828,电子,其他电子Ⅱ,其他电子Ⅲ
600398.SH,海澜之家,2857648.3285,5.95,20260828,纺织服饰,服装家纺,非运动服装
601118.SH,海南橡胶,2854378.3426,6.67,20260828,农林牧渔,种植业,其他种植业
300339.SZ,润和软件,2853539.8964,35.83,20260828,计算机,IT服务Ⅱ,IT服务Ⅲ
300896.SZ,爱美客,2847089.0689,94.09,20260828,美容护理,医疗美容,医美耗材
688362.SH,甬矽电子,2840354.1813,62.67,20260828,电子,半导体,集成电路封测
002768.SZ,国恩股份,2836590.2,64.97,20260828,基础化工,塑料,改性塑料
601069.SH,西部黄金,2834118.2001,31.11,20260828,有色金属,贵金属,黄金
603606.SH,东方电缆,2832392.389,34.34,20260828,电力设备,电网设备,线缆部件及其他
301297.SZ,富乐德,2831393.5782,40.78,20260828,电子,半导体,半导体设备
002025.SZ,航天电器,2830813.453,62.35,20260828,国防军工,军工电子Ⅱ,军工电子Ⅲ
601918.SH,新集能源,2818509.4784,10.88,20260828,煤炭,煤炭开采,动力煤
688333.SH,铂力特,2817288.994,102.7,20260828,机械设备,通用设备,其他通用设备
000564.SZ,供销大集,2817057.8748,1.56,20260828,商贸零售,一般零售,百货
002046.SZ,国机精工,2812857.4614,52.46,20260828,机械设备,通用设备,磨具磨料
601933.SH,永辉超市,2811386.718,3.15,20260828,商贸零售,一般零售,超市
600637.SH,东方明珠,2807186.333,8.35,20260828,传媒,电视广播Ⅱ,电视广播Ⅲ
688205.SH,德科立,2805764.75,176.2,20260828,通信,通信设备,通信网络设备及器件
600012.SH,皖通高速,2805507.8998,16.42,20260828,交通运输,铁路公路,高速公路
600329.SH,达仁堂,2805453.8992,36.43,20260828,医药生物,中药Ⅱ,中药Ⅲ
002244.SZ,滨江集团,2803410.9539,9.01,20260828,房地产,房地产开发,住宅开发
000429.SZ,粤高速A,2799589.3679,13.39,20260828,交通运输,铁路公路,高速公路
000582.SZ,北部湾港,2798997.964,11.12,20260828,交通运输,航运港口,港口
000967.SZ,盈峰环境,2798204.3537,8.33,20260828,环保,环保设备Ⅱ,环保设备Ⅲ
603444.SH,吉比特,2795771.0088,388.08,20260828,传媒,游戏Ⅱ,游戏Ⅲ
600259.SH,中稀有色,2795445.8931,83.09,20260828,有色金属,小金属,稀土
002157.SZ,正邦科技,2793549.1052,3.02,20260828,农林牧渔,养殖业,生猪养殖
002396.SZ,星网锐捷,2790474.0936,36.69,20260828,通信,通信设备,通信网络设备及器件
603688.SH,石英股份,2790184.9233,51.51,20260828,基础化工,非金属材料Ⅱ,非金属材料Ⅲ
000539.SZ,粤电力A,2782650.52,5.3,20260828,公用事业,电力,火力发电
688545.SH,兴福电子,2777040.0,77.14,20260828,电子,电子化学品Ⅱ,电子化学品Ⅲ
000415.SZ,渤海租赁,2776850.0637,4.49,20260828,非银金融,多元金融,租赁
603939.SH,益丰药房,2773954.04,22.88,20260828,医药生物,医药商业,线下药店
600546.SH,山煤国际,2773456.0839,13.99,20260828,煤炭,煤炭开采,动力煤
603565.SH,中谷物流,2761582.9765,13.15,20260828,交通运输,航运港口,航运
000887.SZ,中鼎股份,2758045.9215,20.95,20260828,汽车,汽车零部件,其他汽车零部件
603823.SH,百合花,2753023.2324,66.12,20260828,基础化工,化学制品,涂料油墨
688635.SH,长进光子,2752773.96,293.88,20260828,通信,通信设备,通信线缆及配套
300236.SZ,上海新阳,2750868.0738,87.78,20260828,电子,电子化学品Ⅱ,电子化学品Ⅲ
002797.SZ,第一创业,2748369.6,6.54,20260828,非银金融,证券Ⅱ,证券Ⅲ
600369.SH,西南证券,2744430.0583,4.13,20260828,非银金融,证券Ⅱ,证券Ⅲ
300684.SZ,中石科技,2743504.4827,91.6,20260828,电子,电子化学品Ⅱ,电子化学品Ⅲ
002271.SZ,东方雨虹,2737450.0854,11.46,20260828,建筑材料,装修建材,防水材料
002491.SZ,通鼎互联,2734277.7735,22.23,20260828,通信,通信设备,通信线缆及配套
600095.SH,湘财股份,2730524.2535,9.55,20260828,非银金融,证券Ⅱ,证券Ⅲ
688192.SH,迪哲医药-U,2729128.3353,58.67,20260828,医药生物,化学制药,化学制剂
600499.SH,科达制造,2729109.6572,14.23,20260828,机械设备,专用设备,其他专用设备
600583.SH,海油工程,2719133.202,6.15,20260828,石油石化,油服工程,油气及炼化工程
600299.SH,安迪苏,2716365.3426,8.82,20260828,基础化工,化学制品,食品及饲料添加剂
000877.SZ,天山股份,2716207.8294,3.82,20260828,建筑材料,水泥,水泥制造
688018.SH,乐鑫科技,2716045.2684,115.88,20260828,电子,半导体,数字芯片设计
603920.SH,世运电路,2715191.7864,37.68,20260828,电子,元件,印制电路板
601000.SH,唐山港,2708149.3702,4.57,20260828,交通运输,航运港口,港口
601155.SH,新城控股,2704491.8571,11.99,20260828,房地产,房地产开发,商业地产
600884.SH,杉杉股份,2703749.5968,12.04,20260828,电力设备,电池,电池化学品
002603.SZ,以岭药业,2703201.3372,16.18,20260828,医药生物,中药Ⅱ,中药Ⅲ
000981.SZ,山子高科,2699317.143,2.7,20260828,汽车,汽车零部件,底盘与发动机系统
601112.SH,振石股份,2699308.2864,15.51,20260828,建筑材料,玻璃玻纤,玻纤制造
601717.SH,中创智领,2687026.8495,15.05,20260828,机械设备,专用设备,能源及重型设备
003022.SZ,联泓新科,2683156.112,20.09,20260828,电力设备,光伏设备,光伏辅材
600312.SH,平高电气,2682633.4101,19.77,20260828,电力设备,电网设备,输变电设备
002608.SZ,江苏国信,2682436.587,7.1,20260828,公用事业,电力,火力发电
688127.SH,蓝特光学,2678518.9223,65.99,20260828,电子,光学光电子,光学元件
688114.SH,华大智造,2669451.6849,64.09,20260828,医药生物,医疗器械,医疗设备
000603.SZ,盛达资源,2662591.9146,38.59,20260828,有色金属,工业金属,铅锌
300474.SZ,景嘉微,2662222.2048,50.94,20260828,国防军工,军工电子Ⅱ,军工电子Ⅲ
002456.SZ,欧菲光,2660391.4672,7.61,20260828,电子,光学光电子,光学元件
300413.SZ,芒果超媒,2647070.0735,14.15,20260828,传媒,数字媒体,视频媒体
002487.SZ,大金重工,2646546.996,35.76,20260828,电力设备,风电设备,风电零部件
688297.SH,中无人机,2646000.0,39.2,20260828,国防军工,航空装备Ⅱ,航空装备Ⅲ
688807.SH,优迅股份,2644480.0,330.56,20260828,电子,半导体,数字芯片设计
002223.SZ,鱼跃医疗,2635511.7701,26.29,20260828,医药生物,医疗器械,医疗设备
603067.SH,振华股份,2634517.0698,34.87,20260828,基础化工,化学原料,无机盐
300496.SZ,中科创达,2609625.0492,56.52,20260828,计算机,IT服务Ⅱ,IT服务Ⅲ
300432.SZ,富临精工,2605674.5448,15.24,20260828,电力设备,电池,电池化学品
000062.SZ,深圳华强,2599084.6105,24.85,20260828,电子,其他电子Ⅱ,其他电子Ⅲ
002015.SZ,协鑫能科,2598942.6846,16.01,20260828,公用事业,电力,热力服务
603345.SH,安井食品,2583655.5528,77.52,20260828,食品饮料,食品加工,预加工食品
002266.SZ,浙富控股,2583539.343,4.95,20260828,环保,环境治理,固废治理
000932.SZ,华菱钢铁,2583433.6684,3.77,20260828,钢铁,普钢,板材
600704.SH,物产中大,2580418.7701,4.99,20260828,交通运输,物流,原材料供应链服务
688568.SH,中科星图,2576155.5332,31.88,20260828,计算机,IT服务Ⅱ,IT服务Ⅲ
603663.SH,三祥新材,2573126.3835,43.35,20260828,基础化工,化学原料,无机盐
300814.SZ,中富电路,2568800.5119,134.19,20260828,电子,元件,印制电路板
301345.SZ,涛涛车业,2563741.99,235.1,20260828,汽车,摩托车及其他,摩托车
000951.SZ,中国重汽,2557761.06,21.88,20260828,汽车,商用车,商用载货车
600602.SH,云赛智联,2554814.098,18.68,20260828,计算机,软件开发,垂直应用软件
002430.SZ,杭氧股份,2554497.1767,26.11,20260828,基础化工,化学制品,其他化学制品
600595.SH,中孚实业,2541011.8334,6.34,20260828,有色金属,工业金属,铝
600153.SH,建发股份,2539995.8136,8.76,20260828,交通运输,物流,原材料供应链服务
603306.SH,华懋科技,2539093.8642,77.06,20260828,汽车,汽车零部件,车身附件及饰件
300012.SZ,华测检测,2534339.2692,15.06,20260828,社会服务,专业服务,检测服务
600208.SH,衢州发展,2527155.4176,2.97,20260828,房地产,房地产开发,住宅开发
001339.SZ,智微智能,2525674.3144,77.23,20260828,计算机,计算机设备,其他计算机设备
603596.SH,伯特利,2513397.1184,28.0,20260828,汽车,汽车零部件,底盘与发动机系统
688102.SH,斯瑞新材,2512718.275,32.17,20260828,有色金属,金属新材料,其他金属新材料
002756.SZ,永兴材料,2512213.456,46.6,20260828,有色金属,能源金属,锂
688652.SH,京仪装备,2511768.0,149.51,20260828,电子,半导体,半导体设备
002465.SZ,海格通信,2506652.239,10.1,20260828,国防军工,军工电子Ⅱ,军工电子Ⅲ
600732.SH,爱旭股份,2506505.601,11.85,20260828,电力设备,光伏设备,光伏电池组件
300602.SZ,飞荣达,2492385.3,42.5,20260828,电子,消费电子,消费电子零部件及组装
600816.SH,建元信托,2490645.3946,2.53,20260828,非银金融,多元金融,信托
300623.SZ,捷捷微电,2488750.9809,29.91,20260828,电子,半导体,分立器件
605090.SH,九丰能源,2487177.44,35.2,20260828,公用事业,燃气Ⅱ,燃气Ⅲ
603618.SH,杭电股份,2483421.1552,35.92,20260828,电力设备,电网设备,线缆部件及其他
300763.SZ,锦浪科技,2481307.209,62.55,20260828,电力设备,光伏设备,逆变器
600862.SH,中航高科,2478234.3489,17.79,20260828,国防军工,航空装备Ⅱ,航空装备Ⅲ
000739.SZ,普洛药业,2470960.1988,21.33,20260828,医药生物,化学制药,原料药
600998.SH,九州通,2470810.398,4.9,20260828,医药生物,医药商业,医药流通
688001.SH,华兴源创,2467702.7848,52.33,20260828,机械设备,通用设备,仪器仪表
600323.SH,瀚蓝环境,2464794.2833,30.23,20260828,环保,环境治理,固废治理
600521.SH,华海药业,2464477.1212,16.46,20260828,医药生物,化学制药,化学制剂
000830.SZ,鲁西化工,2464188.9154,12.94,20260828,基础化工,化学原料,煤化工
000750.SZ,国海证券,2458677.1825,3.85,20260828,非银金融,证券Ⅱ,证券Ⅲ
000738.SZ,航发控制,2456763.712,18.68,20260828,国防军工,航空装备Ⅱ,航空装备Ⅲ
688608.SH,恒玄科技,2452006.986,103.51,20260828,电子,半导体,数字芯片设计
000034.SZ,神州数码,2448308.9568,24.08,20260828,计算机,IT服务Ⅱ,IT服务Ⅲ
605111.SH,新洁能,2446724.3466,58.91,20260828,电子,半导体,分立器件
688692.SH,达梦数据,2440661.72,215.53,20260828,计算机,软件开发,垂直应用软件
601099.SH,太平洋,2440241.2712,3.58,20260828,非银金融,证券Ⅱ,证券Ⅲ
600161.SH,天坛生物,2440076.3076,12.34,20260828,医药生物,生物制品,血液制品
601666.SH,平煤股份,2437263.3537,9.87,20260828,煤炭,煤炭开采,焦煤
603605.SH,珀莱雅,2429312.76,61.35,20260828,美容护理,化妆品,品牌化妆品
688403.SH,汇成股份,2429118.1972,24.46,20260828,电子,半导体,集成电路封测
002180.SZ,奔图科技,2427147.2823,17.07,20260828,计算机,计算机设备,其他计算机设备
300260.SZ,新莱应材,2417478.1176,59.28,20260828,机械设备,通用设备,金属制品
002459.SZ,晶澳科技,2416093.921,7.3,20260828,电力设备,光伏设备,光伏电池组件
002152.SZ,广电运通,2413848.1788,9.72,20260828,计算机,计算机设备,其他计算机设备
603119.SH,浙江荣泰,2412531.72,51.02,20260828,汽车,汽车零部件,其他汽车零部件
600575.SH,淮河能源,2408042.1792,3.36,20260828,煤炭,煤炭开采,动力煤
002130.SZ,沃尔核材,2402206.7784,17.16,20260828,电子,其他电子Ⅱ,其他电子Ⅲ
603435.SH,嘉德利,2401905.1925,52.31,20260828,基础化工,塑料,膜材料
002007.SZ,华兰生物,2400783.665,13.15,20260828,医药生物,生物制品,疫苗
000029.SZ,深深房A,2400669.18,23.73,20260828,房地产,房地产开发,住宅开发
688778.SH,厦钨新能,2399806.1805,47.55,20260828,电力设备,电池,电池化学品
601615.SH,明阳智能,2397186.502,10.6,20260828,电力设备,风电设备,风电整机
600598.SH,北大荒,2385646.4258,13.42,20260828,农林牧渔,种植业,粮食种植
688278.SH,特宝生物,2383826.68,58.4,20260828,医药生物,生物制品,其他生物制品
600166.SH,福田汽车,2383137.5204,3.01,20260828,汽车,商用车,商用载货车
920185.BJ,贝特瑞,2377679.7414,20.89,20260828,电力设备,电池,电池化学品
000513.SZ,丽珠集团,2376039.6672,26.76,20260828,医药生物,化学制药,化学制剂
601865.SH,福莱特,2375680.827,10.14,20260828,电力设备,光伏设备,光伏辅材
000683.SZ,博源化工,2363904.8976,6.36,20260828,基础化工,化学原料,纯碱
603588.SH,高能环境,2361013.475,15.5,20260828,环保,环境治理,固废治理
603407.SH,长裕集团,2357518.656,57.8,20260828,有色金属,小金属,其他小金属
000088.SZ,盐田港,2355365.9349,4.53,20260828,交通运输,航运港口,港口
600246.SH,万通发展,2354900.85,12.12,20260828,房地产,房地产开发,住宅开发
600100.SH,同方股份,2348558.6877,7.01,20260828,计算机,计算机设备,其他计算机设备
000791.SZ,甘肃能源,2348540.0152,7.24,20260828,公用事业,电力,水力发电
601228.SH,广州港,2346349.2654,3.11,20260828,交通运输,航运港口,港口
601399.SH,国机重装,2337192.1116,3.24,20260828,机械设备,专用设备,能源及重型设备
600388.SH,龙净环保,2334345.0994,18.38,20260828,环保,环保设备Ⅱ,环保设备Ⅲ
002670.SZ,国盛证券,2331776.943,12.05,20260828,非银金融,证券Ⅱ,证券Ⅲ
688502.SH,茂莱光学,2328563.6707,441.01,20260828,电子,光学光电子,光学元件
601799.SH,星宇股份,2327715.7512,81.48,20260828,汽车,汽车零部件,车身附件及饰件
603730.SH,岱美股份,2324778.3834,10.82,20260828,汽车,汽车零部件,车身附件及饰件
002683.SZ,广东宏大,2314610.0146,30.46,20260828,基础化工,化学制品,民爆制品
002335.SZ,科华数据,2310004.6724,30.62,20260828,电力设备,其他电源设备Ⅱ,其他电源设备Ⅲ
001337.SZ,四川黄金,2309160.0,54.98,20260828,有色金属,贵金属,黄金
600566.SH,济川药业,2308236.258,25.05,20260828,医药生物,中药Ⅱ,中药Ⅲ
600486.SH,扬农化工,2296567.9277,56.83,20260828,基础化工,农化制品,农药
688248.SH,南网科技,2292117.3,40.59,20260828,电力设备,电网设备,电网自动化设备
601606.SH,长城军工,2290010.2008,31.62,20260828,国防军工,地面兵装Ⅱ,地面兵装Ⅲ
600390.SH,五矿资本,2289515.3395,5.09,20260828,非银金融,多元金融,金融控股
688400.SH,凌云光,2288356.057,48.1,20260828,机械设备,专用设备,其他专用设备
603885.SH,吉祥航空,2288300.5915,10.55,20260828,交通运输,航空机场,航空运输
600977.SH,中国电影,2285208.0,12.24,20260828,传媒,影视院线,影视动漫制作
300142.SZ,沃森生物,2283869.658,14.28,20260828,医药生物,生物制品,疫苗
600126.SH,杭钢股份,2282979.8316,6.76,20260828,钢铁,普钢,板材
300627.SZ,华测导航,2282665.6533,28.75,20260828,通信,通信设备,通信终端及配件
000155.SZ,川能动力,2280017.8505,12.35,20260828,公用事业,电力,风力发电
002423.SZ,中粮资本,2278760.4384,9.89,20260828,非银金融,多元金融,金融控股
603160.SH,汇顶科技,2278189.9092,48.89,20260828,电子,半导体,模拟芯片设计
300083.SZ,创世纪,2273568.1497,13.37,20260828,机械设备,自动化设备,工控设备
300568.SZ,星源材质,2272755.832,15.2,20260828,电力设备,电池,电池化学品
603236.SH,移远通信,2271666.5808,56.04,20260828,通信,通信设备,通信终端及配件
000733.SZ,振华科技,2269878.272,40.96,20260828,国防军工,军工电子Ⅱ,军工电子Ⅲ
600664.SH,哈药股份,2266658.91,9.0,20260828,医药生物,化学制药,化学制剂
603737.SH,三棵树,2266575.36,25.6,20260828,建筑材料,装修建材,涂料
600038.SH,中直股份,2265364.9116,27.63,20260828,国防军工,航空装备Ⅱ,航空装备Ⅲ
688475.SH,萤石网络,2264062.5,28.75,20260828,计算机,计算机设备,安防设备
000547.SZ,航天发展,2263431.1128,14.16,20260828,国防军工,军工电子Ⅱ,军工电子Ⅲ
002926.SZ,华西证券,2260125.0,8.61,20260828,非银金融,证券Ⅱ,证券Ⅲ
002545.SZ,东方铁塔,2257972.7115,18.15,20260828,基础化工,农化制品,钾肥
300024.SZ,机器人,2257623.8958,14.42,20260828,机械设备,自动化设备,机器人
603816.SH,顾家家居,2256937.054,24.38,20260828,轻工制造,家居用品,成品家居
300953.SZ,震裕科技,2255167.8805,92.6,20260828,电力设备,电池,锂电池
300085.SZ,银之杰,2248530.3892,31.82,20260828,计算机,软件开发,垂直应用软件
688206.SH,概伦电子,2243966.4912,44.52,20260828,计算机,软件开发,垂直应用软件
601609.SH,金田股份,2243772.3836,12.98,20260828,有色金属,工业金属,铜
601128.SH,常熟银行,2243630.208,6.15,20260828,银行,农商行Ⅱ,农商行Ⅲ
301486.SZ,致尚科技,2243350.26,174.25,20260828,电子,消费电子,消费电子零部件及组装
300255.SZ,常山药业,2242508.596,24.4,20260828,医药生物,化学制药,化学制剂
688563.SH,航材股份,2242304.404,49.9,20260828,国防军工,航空装备Ⅱ,航空装备Ⅲ
603678.SH,火炬电子,2240869.8192,47.12,20260828,国防军工,军工电子Ⅱ,军工电子Ⅲ
688531.SH,日联科技,2238829.528,135.2,20260828,机械设备,专用设备,其他专用设备
300073.SZ,当升科技,2234325.6385,41.05,20260828,电力设备,电池,电池化学品
002262.SZ,恩华药业,2232588.9656,22.04,20260828,医药生物,化学制药,化学制剂
002237.SZ,恒邦股份,2232183.7944,15.61,20260828,有色金属,贵金属,黄金
000623.SZ,吉林敖东,2226757.2348,18.62,20260828,医药生物,中药Ⅱ,中药Ⅲ
000400.SZ,许继电气,2225689.507,21.85,20260828,电力设备,电网设备,电网自动化设备
002065.SZ,东华软件,2224604.7856,6.94,20260828,计算机,IT服务Ⅱ,IT服务Ⅲ
600535.SH,天士力,2224491.55,14.89,20260828,医药生物,中药Ⅱ,中药Ⅲ
002497.SZ,雅化集团,2224445.625,19.3,20260828,基础化工,化学制品,民爆制品
300003.SZ,乐普医疗,2223170.3088,12.06,20260828,医药生物,医疗器械,医疗耗材
000709.SZ,河钢股份,2222481.0365,2.15,20260828,钢铁,普钢,板材
603301.SH,振德医疗,2219462.7182,84.11,20260828,医药生物,医疗器械,医疗耗材
601016.SH,节能风电,2218581.1947,3.39,20260828,公用事业,电力,风力发电
002085.SZ,万丰奥威,2214599.2925,10.43,20260828,汽车,汽车零部件,轮胎轮毂
600873.SH,梅花生物,2212546.7013,7.89,20260828,基础化工,化学制品,食品及饲料添加剂
600316.SH,洪都航空,2207278.431,30.78,20260828,国防军工,航空装备Ⅱ,航空装备Ⅲ
300843.SZ,胜蓝股份,2201872.1024,134.5,20260828,电子,消费电子,消费电子零部件及组装
300383.SZ,光环新网,2200253.5872,12.24,20260828,通信,通信服务,通信应用增值服务
688727.SH,恒坤新材,2197622.1636,48.91,20260828,电子,半导体,半导体材料
002317.SZ,众生药业,2197070.084,25.85,20260828,医药生物,中药Ⅱ,中药Ⅲ
688349.SH,三一重能,2195617.4214,13.78,20260828,电力设备,风电设备,风电整机
601608.SH,中信重工,2193606.0786,4.79,20260828,机械设备,专用设备,能源及重型设备
600098.SH,广州发展,2191165.625,6.25,20260828,公用事业,电力,火力发电
301171.SZ,易点天下,2190801.382,35.42,20260828,传媒,广告营销,营销代理
603876.SH,鼎胜新材,2190282.7904,23.57,20260828,有色金属,工业金属,铝
605198.SH,安德利,2186257.896,65.42,20260828,农林牧渔,农产品加工,果蔬加工
688279.SH,峰岹科技,2183369.1347,189.67,20260828,电子,半导体,数字芯片设计
600848.SH,上海临港,2181951.255,8.65,20260828,房地产,房地产开发,产业地产
603290.SH,斯达半导,2180885.1645,91.07,20260828,电子,半导体,分立器件
600320.SH,振华重工,2176216.5438,4.14,20260828,机械设备,专用设备,能源及重型设备
600906.SH,财达证券,2174150.067,6.7,20260828,非银金融,证券Ⅱ,证券Ⅲ
300726.SZ,宏达电子,2172043.1052,52.74,20260828,国防军工,军工电子Ⅱ,军工电子Ⅲ
688425.SH,铁建重工,2170733.279,4.07,20260828,机械设备,工程机械,工程机械整机
688392.SH,骄成超声,2167686.582,187.3,20260828,电力设备,电池,锂电专用设备
603881.SH,数据港,2166337.6812,25.13,20260828,通信,通信服务,通信应用增值服务
003035.SZ,南网能源,2162878.7948,5.71,20260828,公用事业,电力,电能综合服务
688123.SH,聚辰股份,2158215.1132,135.82,20260828,电子,半导体,数字芯片设计
601928.SH,凤凰传媒,2155530.3,8.47,20260828,传媒,出版,教育出版
603077.SH,和邦生物,2154936.6856,2.44,20260828,基础化工,农化制品,磷肥及磷化工
002468.SZ,申通快递,2150777.0432,14.05,20260828,交通运输,物流,快递
688352.SH,颀中科技,2150745.9464,18.08,20260828,电子,半导体,集成电路封测
002498.SZ,汉缆股份,2149110.216,6.46,20260828,电力设备,电网设备,线缆部件及其他
000598.SZ,兴蓉环境,2148486.264,7.2,20260828,环保,环境治理,水务及水治理
301606.SZ,绿联科技,2147988.0346,51.77,20260828,电子,消费电子,品牌消费电子
001301.SZ,尚太科技,2145771.0568,58.85,20260828,电力设备,电池,电池化学品
600765.SH,中航重机,2145546.9194,13.82,20260828,国防军工,航空装备Ⅱ,航空装备Ⅲ
002975.SZ,博杰股份,2141248.6416,102.88,20260828,机械设备,自动化设备,工控设备
688596.SH,正帆科技,2141099.17,67.4,20260828,机械设备,专用设备,其他专用设备
600186.SH,莲花控股,2140560.9814,11.94,20260828,食品饮料,调味发酵品Ⅱ,调味发酵品Ⅲ
300558.SZ,贝达药业,2139941.6677,50.55,20260828,医药生物,化学制药,化学制剂
601333.SH,广深铁路,2139228.174,3.02,20260828,交通运输,铁路公路,铁路运输
300679.SZ,电连技术,2136419.78,50.29,20260828,电子,消费电子,消费电子零部件及组装
601101.SH,昊华能源,2132636.8899,14.81,20260828,煤炭,煤炭开采,动力煤
688097.SH,博众精工,2130956.6538,47.71,20260828,机械设备,自动化设备,其他自动化设备
001359.SZ,平安电工,2130114.1653,88.33,20260828,基础化工,塑料,膜材料
603773.SH,沃格光电,2129503.7708,94.78,20260828,电子,光学光电子,面板
688819.SH,天能股份,2127926.9,21.89,20260828,电力设备,电池,蓄电池及其他电池
601677.SH,明泰铝业,2123540.3448,17.08,20260828,有色金属,工业金属,铝
603358.SH,华达科技,2123238.36,45.2,20260828,汽车,汽车零部件,其他汽车零部件
002153.SZ,石基信息,2120583.5826,7.77,20260828,计算机,软件开发,垂直应用软件
603899.SH,晨光股份,2117318.9648,23.12,20260828,轻工制造,文娱用品,文化用品
002624.SZ,完美世界,2112625.5876,10.89,20260828,传媒,游戏Ⅱ,游戏Ⅲ
601106.SH,中国一重,2112197.1332,3.08,20260828,机械设备,专用设备,能源及重型设备
300747.SZ,锐科激光,2110492.8,37.58,20260828,机械设备,自动化设备,激光设备
600548.SH,深高速,2108958.4191,8.31,20260828,交通运输,铁路公路,高速公路
301035.SZ,润丰股份,2101007.9728,57.64,20260828,基础化工,农化制品,农药
688143.SH,长盈通,2092816.7808,162.51,20260828,通信,通信设备,通信线缆及配套
002364.SZ,中恒电气,2091389.3439,37.11,20260828,电力设备,其他电源设备Ⅱ,其他电源设备Ⅲ
600396.SH,华电辽能,2086825.5356,14.17,20260828,公用事业,电力,火力发电
600008.SH,首创环保,2084727.7588,2.84,20260828,环保,环境治理,水务及水治理
300503.SZ,昊志机电,2083478.7307,67.06,20260828,机械设备,通用设备,其他通用设备
601567.SH,三星电气,2079709.912,14.8,20260828,电力设备,电网设备,配电设备
600172.SH,黄河旋风,2079630.049,14.42,20260828,机械设备,通用设备,磨具磨料
688372.SH,伟测科技,2079163.9395,123.03,20260828,电子,半导体,集成电路封测
000997.SZ,新大陆,2077863.7929,20.51,20260828,计算机,计算机设备,其他计算机设备
603530.SH,神马电力,2075917.9728,48.12,20260828,电力设备,电网设备,线缆部件及其他
002299.SZ,圣农发展,2072940.8604,16.68,20260828,农林牧渔,养殖业,肉鸡养殖
300199.SZ,翰宇药业,2071201.083,23.45,20260828,医药生物,化学制药,化学制剂
603233.SH,大参林,2067020.9175,18.15,20260828,医药生物,医药商业,线下药店
002518.SZ,科士达,2065152.4297,35.47,20260828,电力设备,其他电源设备Ⅱ,其他电源设备Ⅲ
002552.SZ,宝鼎科技,2063693.8107,53.19,20260828,机械设备,通用设备,金属制品
600516.SH,方大炭素,2061296.8448,5.12,20260828,钢铁,冶钢原料,冶钢辅料
600582.SH,天地科技,2056878.6833,4.97,20260828,机械设备,专用设备,能源及重型设备
001270.SZ,铖昌科技,2054965.553,99.7,20260828,国防军工,军工电子Ⅱ,军工电子Ⅲ
603991.SH,领先股份,2050891.271,134.3,20260828,电子,半导体,半导体设备
000825.SZ,太钢不锈,2050649.208,3.6,20260828,钢铁,特钢Ⅱ,特钢Ⅲ
000937.SZ,冀中能源,2048397.0905,5.27,20260828,煤炭,煤炭开采,焦煤
600754.SH,锦江酒店,2048351.1125,19.25,20260828,社会服务,酒店餐饮,酒店
688185.SH,康希诺,2047251.9706,82.87,20260828,医药生物,生物制品,疫苗
600808.SH,马钢股份,2040680.518,2.65,20260828,钢铁,普钢,板材
600170.SH,上海建工,2034880.1913,2.29,20260828,建筑装饰,房屋建设Ⅱ,房屋建设Ⅲ
600500.SH,中化国际,2034569.6721,5.67,20260828,基础化工,化学制品,其他化学制品
600114.SH,东睦股份,2030578.1964,30.42,20260828,机械设备,通用设备,金属制品
300724.SZ,捷佳伟创,2027407.732,58.21,20260828,电力设备,光伏设备,光伏加工设备
300738.SZ,奥飞数据,2026564.7905,20.57,20260828,通信,通信服务,通信应用增值服务
600550.SH,保变电气,2025681.35,11.0,20260828,电力设备,电网设备,输变电设备
300398.SZ,飞凯材料,2024758.2816,35.52,20260828,电子,电子化学品Ⅱ,电子化学品Ⅲ
600511.SH,国药股份,2019804.531,26.77,20260828,医药生物,医药商业,医药流通
600970.SH,中材国际,2018795.933,7.7,20260828,建筑装饰,专业工程,国际工程
000158.SZ,常山北明,2015855.6587,12.61,20260828,计算机,IT服务Ⅱ,IT服务Ⅲ
300821.SZ,东岳硅材,2013600.1678,16.78,20260828,基础化工,化学制品,有机硅
603728.SH,鸣志电器,2013568.1775,48.07,20260828,电力设备,电机Ⅱ,电机Ⅲ
002895.SZ,川恒股份,2013300.6932,33.23,20260828,基础化工,农化制品,磷肥及磷化工
601997.SH,贵阳银行,2010908.955,5.5,20260828,银行,城商行Ⅱ,城商行Ⅲ
688343.SH,云天励飞-U,2010183.006,55.9,20260828,计算机,IT服务Ⅱ,IT服务Ⅲ
000519.SZ,中兵红箭,2009462.637,14.43,20260828,国防军工,地面兵装Ⅱ,地面兵装Ⅲ
688257.SH,新锐股份,2009013.9615,56.55,20260828,机械设备,通用设备,金属制品
603002.SH,宏昌电子,2003916.7095,17.67,20260828,电子,电子化学品Ⅱ,电子化学品Ⅲ
600004.SH,白云机场,2002519.0542,7.77,20260828,交通运输,航空机场,机场
600179.SH,安通控股,2001512.271,4.73,20260828,交通运输,航运港口,航运
601158.SH,重庆水务,1996812.5216,4.16,20260828,环保,环境治理,水务及水治理
688131.SH,皓元医药,1995444.7078,93.58,20260828,医药生物,医疗服务,医疗研发外包
300699.SZ,光威复材,1994413.448,23.99,20260828,国防军工,航空装备Ⅱ,航空装备Ⅲ
000506.SZ,招金黄金,1990885.1454,21.43,20260828,有色金属,贵金属,黄金
603833.SH,欧派家居,1986785.216,32.8,20260828,轻工制造,家居用品,定制家居
000620.SZ,盈新发展,1984673.47,3.38,20260828,房地产,房地产开发,住宅开发
000898.SZ,鞍钢股份,1976905.6943,2.11,20260828,钢铁,普钢,板材
603132.SH,金徽股份,1970670.0,20.15,20260828,有色金属,工业金属,铅锌
603005.SH,晶方科技,1969558.534,30.2,20260828,电子,半导体,集成电路封测
601137.SH,博威合金,1965709.6929,21.41,20260828,有色金属,金属新材料,其他金属新材料
601375.SH,中原证券,1963940.2281,4.23,20260828,非银金融,证券Ⅱ,证券Ⅲ
002500.SZ,山西证券,1960015.239,5.46,20260828,非银金融,证券Ⅱ,证券Ⅲ
301301.SZ,川宁生物,1957720.961,8.77,20260828,医药生物,化学制药,原料药
002120.SZ,韵达股份,1956960.8775,6.75,20260828,交通运输,物流,快递
601020.SH,华钰矿业,1951515.986,23.8,20260828,有色金属,工业金属,铅锌
600518.SH,康美药业,1949874.4347,1.41,20260828,医药生物,中药Ⅱ,中药Ⅲ
600132.SH,重庆啤酒,1949435.9936,40.28,20260828,食品饮料,非白酒,啤酒
001386.SZ,马可波罗,1947719.6,16.3,20260828,轻工制造,家居用品,瓷砖地板
603667.SH,五洲新春,1944879.552,50.76,20260828,机械设备,通用设备,金属制品
601969.SH,海南矿业,1942834.6047,9.79,20260828,钢铁,冶钢原料,铁矿石
601975.SH,招商南油,1942343.0505,4.15,20260828,交通运输,航运港口,航运
002318.SZ,久立特材,1940661.0499,19.86,20260828,钢铁,特钢Ⅱ,特钢Ⅲ
603950.SH,长源东谷,1939922.838,59.85,20260828,汽车,汽车零部件,底盘与发动机系统
002192.SZ,融捷股份,1932613.6536,74.43,20260828,有色金属,能源金属,锂
600339.SH,中油工程,1931769.035,3.46,20260828,石油石化,油服工程,油气及炼化工程
688584.SH,上海合晶,1930628.4405,28.85,20260828,电子,半导体,半导体材料
002461.SZ,珠江啤酒,1927809.1235,8.71,20260828,食品饮料,非白酒,啤酒
002265.SZ,建设工业,1927653.3864,18.66,20260828,汽车,汽车零部件,底盘与发动机系统
603341.SH,龙旗科技,1925746.361,36.85,20260828,电子,消费电子,消费电子零部件及组装
002773.SZ,康弘药业,1917280.0303,20.81,20260828,医药生物,生物制品,其他生物制品
300323.SZ,华灿光电,1916761.5828,11.81,20260828,电子,光学光电子,LED
601326.SH,秦港股份,1916482.316,3.43,20260828,交通运输,航运港口,港口
300779.SZ,惠城环保,1913474.6227,64.36,20260828,环保,环境治理,固废治理
300131.SZ,英唐智控,1910237.8185,16.83,20260828,电子,其他电子Ⅱ,其他电子Ⅲ
688281.SH,华秦科技,1906849.7033,49.97,20260828,国防军工,航空装备Ⅱ,航空装备Ⅲ
600927.SH,永安期货,1905884.3358,13.14,20260828,非银金融,多元金融,期货
000686.SZ,东北证券,1905128.6606,8.14,20260828,非银金融,证券Ⅱ,证券Ⅲ
600007.SH,中国国贸,1903763.925,18.9,20260828,房地产,房地产开发,商业地产
300835.SZ,龙磁科技,1901162.8925,159.43,20260828,有色金属,金属新材料,磁性材料
301319.SZ,唯特偶,1901069.2337,104.19,20260828,电子,电子化学品Ⅱ,电子化学品Ⅲ
002980.SZ,华盛昌,1900880.5968,100.89,20260828,电力设备,电网设备,电工仪器仪表
600397.SH,江钨装备,1899733.0481,19.19,20260828,煤炭,煤炭开采,动力煤
600110.SH,诺德股份,1898287.9046,10.94,20260828,电力设备,电池,锂电池
600577.SH,精达股份,1892578.5264,8.48,20260828,电力设备,电网设备,线缆部件及其他
688388.SH,嘉元科技,1889974.5072,28.64,20260828,电力设备,电池,锂电池
603658.SH,安图生物,1889701.8136,33.07,20260828,医药生物,医疗器械,体外诊断
600967.SH,内蒙一机,1888992.117,11.1,20260828,国防军工,地面兵装Ⅱ,地面兵装Ⅲ
601187.SH,厦门银行,1886976.4485,7.15,20260828,银行,城商行Ⅱ,城商行Ⅲ
688005.SH,容百科技,1885879.0132,26.39,20260828,电力设备,电池,电池化学品
003021.SZ,兆威机电,1884513.8218,70.43,20260828,电力设备,电机Ⅱ,电机Ⅲ
688503.SH,聚和材料,1884231.576,77.85,20260828,电力设备,光伏设备,光伏辅材
600629.SH,华建集团,1882230.6213,16.37,20260828,建筑装饰,工程咨询服务Ⅱ,工程咨询服务Ⅲ
688615.SH,合合信息,1881600.0,96.0,20260828,计算机,软件开发,垂直应用软件
600623.SH,华谊集团,1877868.8488,8.86,20260828,基础化工,化学原料,煤化工
600057.SH,厦门象屿,1876589.3116,6.61,20260828,交通运输,物流,原材料供应链服务
603871.SH,嘉友国际,1875539.9277,13.71,20260828,交通运输,物流,跨境物流
002913.SZ,奥士康,1874331.1366,59.06,20260828,电子,元件,印制电路板
000009.SZ,中国宝安,1872509.364,7.26,20260828,电力设备,电池,电池化学品
002901.SZ,大博医疗,1870540.101,45.18,20260828,医药生物,医疗器械,医疗耗材
688800.SH,瑞可达,1868170.986,64.78,20260828,电子,其他电子Ⅱ,其他电子Ⅲ
688726.SH,拉普拉斯,1862879.2152,45.96,20260828,电力设备,光伏设备,光伏加工设备
300257.SZ,开山股份,1862071.99,18.74,20260828,机械设备,通用设备,其他通用设备
300762.SZ,上海瀚讯,1858714.0184,28.58,20260828,国防军工,军工电子Ⅱ,军工电子Ⅲ
300319.SZ,麦捷科技,1855947.1353,20.91,20260828,电子,元件,被动元件
605196.SH,华通线缆,1855850.6672,36.32,20260828,电力设备,电网设备,线缆部件及其他
603529.SH,爱玛科技,1854676.4226,21.46,20260828,汽车,摩托车及其他,其他运输设备
001896.SZ,豫能控股,1852298.4982,12.14,20260828,公用事业,电力,火力发电
688561.SH,奇安信-U,1850951.5751,27.13,20260828,计算机,软件开发,横向通用软件
603516.SH,淳中科技,1850554.6032,91.04,20260828,计算机,计算机设备,其他计算机设备
301183.SZ,东田微,1848964.076,230.9,20260828,电子,光学光电子,光学元件
002568.SZ,百润股份,1844715.5727,17.71,20260828,食品饮料,非白酒,其他酒类
002044.SZ,美年健康,1843613.5869,4.71,20260828,医药生物,医疗服务,医院
301286.SZ,侨源股份,1842860.6,46.06,20260828,基础化工,化学制品,其他化学制品
603115.SH,海星股份,1841462.3954,75.29,20260828,有色金属,工业金属,铝
688268.SH,华特气体,1841174.44,144.2,20260828,电子,电子化学品Ⅱ,电子化学品Ⅲ
601139.SH,深圳燃气,1835362.991,6.38,20260828,公用事业,燃气Ⅱ,燃气Ⅲ
688813.SH,泰金新能,1832000.0,114.5,20260828,机械设备,专用设备,其他专用设备
000902.SZ,新洋丰,1830657.1978,14.59,20260828,基础化工,农化制品,复合肥
001365.SZ,天海电子,1828575.0,34.83,20260828,汽车,汽车零部件,汽车电子电气系统
600606.SH,绿地控股,1827048.379,1.3,20260828,房地产,房地产开发,住宅开发
600655.SH,豫园股份,1821085.5312,4.68,20260828,商贸零售,一般零售,商业物业经营
000969.SZ,安泰科技,1818449.0814,17.31,20260828,有色金属,金属新材料,其他金属新材料
603000.SH,人民网,1815544.7862,16.42,20260828,传媒,数字媒体,门户网站
920186.BJ,中科仪,1814439.7446,81.06,20260828,电子,半导体,半导体设备
600835.SH,上海机电,1814137.7547,18.01,20260828,机械设备,专用设备,楼宇设备
002611.SZ,东方精工,1813755.991,14.9,20260828,机械设备,专用设备,印刷包装机械
002815.SZ,崇达技术,1812968.2597,14.69,20260828,电子,元件,印制电路板
300277.SZ,汽轮科技,1809296.8806,11.93,20260828,计算机,IT服务Ⅱ,IT服务Ⅲ
603124.SH,江南新材,1807240.48,124.0,20260828,有色金属,金属新材料,其他金属新材料
600490.SH,鹏欣资源,1803502.9865,8.15,20260828,有色金属,工业金属,铜
600226.SH,亨通股份,1802475.0072,6.06,20260828,公用事业,电力,热力服务
603171.SH,税友股份,1801733.73,44.34,20260828,计算机,IT服务Ⅱ,IT服务Ⅲ
603337.SH,杰克科技,1800270.6299,37.79,20260828,机械设备,专用设备,纺织服装设备
000875.SZ,电投绿能,1799126.2672,4.96,20260828,公用事业,电力,电能综合服务
601107.SH,四川成渝,1792023.16,5.86,20260828,交通运输,铁路公路,高速公路
301285.SZ,鸿日达,1791828.9,86.7,20260828,电子,消费电子,消费电子零部件及组装
002925.SZ,盈趣科技,1790272.312,23.2,20260828,电子,消费电子,消费电子零部件及组装
603733.SH,仙鹤股份,1788967.2548,21.89,20260828,轻工制造,造纸,特种纸
600131.SH,国网信通,1788296.4864,14.94,20260828,计算机,IT服务Ⅱ,IT服务Ⅲ
300975.SZ,商络电子,1786214.56,26.0,20260828,电子,元件,被动元件
000935.SZ,四川双马,1785686.8617,23.39,20260828,非银金融,多元金融,资产管理
301275.SZ,汉朔科技,1785484.8,42.27,20260828,电子,其他电子Ⅱ,其他电子Ⅲ
002979.SZ,雷赛智能,1782770.9221,56.41,20260828,机械设备,自动化设备,机器人
688785.SH,恒运昌,1780552.08,263.0,20260828,电子,半导体,半导体设备
002389.SZ,航天彩虹,1779743.212,18.07,20260828,国防军工,航空装备Ⅱ,航空装备Ⅲ
688772.SH,珠海冠宇,1779131.0148,15.63,20260828,电力设备,电池,锂电池
601098.SH,中南传媒,1776244.0,9.89,20260828,传媒,出版,教育出版
301123.SZ,奕东电子,1776224.8,75.7,20260828,电子,消费电子,消费电子零部件及组装
603938.SH,三孚股份,1775760.3045,46.41,20260828,基础化工,化学原料,其他化学原料
301219.SZ,腾远钴业,1772126.0877,46.29,20260828,有色金属,能源金属,钴
688233.SH,神工股份,1771179.28,104.0,20260828,电子,半导体,半导体材料
600612.SH,老凤祥,1770753.753,33.85,20260828,纺织服饰,饰品,钟表珠宝
001331.SZ,胜通能源,1770407.2806,43.26,20260828,公用事业,燃气Ⅱ,燃气Ⅲ
601519.SH,大智慧,1770352.4,8.9,20260828,计算机,软件开发,垂直应用软件
002739.SZ,儒意电影,1769670.5506,8.38,20260828,传媒,影视院线,院线
688700.SH,东威科技,1766237.8866,59.19,20260828,机械设备,专用设备,其他专用设备
002326.SZ,永太科技,1766068.7793,19.09,20260828,基础化工,化学制品,氟化工
000032.SZ,深桑达A,1764440.3436,14.52,20260828,建筑装饰,专业工程,其他专业工程
600459.SH,贵研铂业,1764068.9539,21.43,20260828,有色金属,小金属,其他小金属
300179.SZ,四方达,1762206.3092,36.28,20260828,机械设备,通用设备,磨具磨料
002402.SZ,和而泰,1759980.387,19.06,20260828,电子,消费电子,消费电子零部件及组装
605020.SH,永和股份,1754662.2345,34.35,20260828,基础化工,化学制品,氟化工
002149.SZ,西部材料,1754642.1942,35.94,20260828,有色金属,小金属,其他小金属
301392.SZ,汇成真空,1754100.0,175.41,20260828,机械设备,专用设备,其他专用设备
600162.SH,香江控股,1751882.8216,5.36,20260828,房地产,房地产开发,住宅开发
300088.SZ,长信科技,1745915.7165,6.99,20260828,电子,光学光电子,面板
688208.SH,道通科技,1745165.4142,26.04,20260828,计算机,计算机设备,其他计算机设备
000581.SZ,威孚高科,1745048.008,18.05,20260828,汽车,汽车零部件,底盘与发动机系统
603162.SH,海通发展,1743363.7914,12.68,20260828,交通运输,航运港口,航运
300888.SZ,稳健医疗,1742500.319,29.89,20260828,美容护理,个护用品,生活用纸
001287.SZ,中电港,1741691.0292,22.92,20260828,电子,其他电子Ⅱ,其他电子Ⅲ
688363.SH,华熙生物,1741266.693,36.15,20260828,美容护理,医疗美容,医美耗材
301389.SZ,隆扬电子,1740123.0,61.38,20260828,电子,消费电子,消费电子零部件及组装
601636.SH,旗滨集团,1739688.3756,5.88,20260828,建筑材料,玻璃玻纤,玻璃制造
000723.SZ,美锦能源,1739383.369,3.95,20260828,煤炭,焦炭Ⅱ,焦炭Ⅲ
600820.SH,隧道股份,1735541.0472,5.52,20260828,建筑装饰,基础建设,基建市政工程
001696.SZ,宗申动力,1733570.7266,15.14,20260828,机械设备,通用设备,其他通用设备
601858.SH,中国科传,1733566.5,21.93,20260828,传媒,出版,大众出版
300170.SZ,汉得信息,1731258.3808,16.64,20260828,计算机,IT服务Ⅱ,IT服务Ⅲ
300773.SZ,拉卡拉,1731030.7928,15.92,20260828,非银金融,多元金融,金融信息服务
002745.SZ,木林森,1729053.856,11.65,20260828,电子,光学光电子,LED
605296.SH,神农集团,1724983.9068,32.78,20260828,农林牧渔,养殖业,生猪养殖
000833.SZ,粤桂股份,1724476.945,21.5,20260828,综合,综合Ⅱ,综合Ⅲ
300613.SZ,富瀚微,1719930.3135,73.85,20260828,电子,半导体,数字芯片设计
600380.SH,健康元,1714197.8358,9.37,20260828,医药生物,化学制药,化学制剂
002957.SZ,科瑞技术,1713528.192,40.8,20260828,机械设备,自动化设备,工控设备
600531.SH,豫光金铅,1713525.2459,14.17,20260828,有色金属,工业金属,铅锌
688520.SH,神州细胞,1713432.9551,36.43,20260828,医药生物,生物制品,其他生物制品
600739.SH,辽宁成大,1709560.7557,11.23,20260828,医药生物,生物制品,疫苗
600403.SH,大有能源,1707040.0536,7.14,20260828,煤炭,煤炭开采,动力煤
300140.SZ,节能环境,1704486.85,5.5,20260828,环保,环境治理,固废治理
002270.SZ,华明装备,1703724.6755,19.01,20260828,电力设备,电网设备,输变电设备
688332.SH,中科蓝讯,1696859.7471,95.07,20260828,电子,半导体,数字芯片设计
601083.SH,锦江航运,1695297.2,13.1,20260828,交通运输,航运港口,航运
000628.SZ,高新发展,1695171.36,48.12,20260828,建筑装饰,房屋建设Ⅱ,房屋建设Ⅲ
688582.SH,芯动联科,1694133.7847,42.17,20260828,电子,半导体,模拟芯片设计
603092.SH,德力佳,1692000.423,42.3,20260828,电力设备,风电设备,风电零部件
000591.SZ,太阳能,1690801.3057,4.33,20260828,公用事业,电力,光伏发电
600552.SH,凯盛科技,1688957.1372,17.88,20260828,电子,光学光电子,面板
600120.SH,浙江东方,1687198.461,4.94,20260828,非银金融,多元金融,金融控股
300638.SZ,广和通,1684325.0307,18.73,20260828,通信,通信设备,通信终端及配件
000543.SZ,皖能电力,1684279.4319,7.43,20260828,公用事业,电力,火力发电
600345.SH,长江通信,1682669.7705,51.05,20260828,通信,通信设备,其他通信设备
002145.SZ,钛能化学,1682549.1124,4.42,20260828,基础化工,化学原料,钛白粉
600062.SH,华润双鹤,1678333.16,16.16,20260828,医药生物,化学制药,化学制剂
300723.SZ,一品红,1676683.3024,37.12,20260828,医药生物,化学制药,化学制剂
000685.SZ,中山公用,1676148.9162,11.42,20260828,环保,环境治理,水务及水治理
002171.SZ,楚江新材,1674871.9128,10.32,20260828,有色金属,工业金属,铜
300657.SZ,弘信电子,1674422.2088,34.73,20260828,电子,元件,印制电路板
603283.SH,赛腾股份,1672736.819,47.45,20260828,机械设备,自动化设备,工控设备
002539.SZ,云图控股,1669074.1534,13.82,20260828,基础化工,农化制品,复合肥
300146.SZ,汤臣倍健,1664610.2664,9.84,20260828,食品饮料,食品加工,保健品
688686.SH,奥普特,1662402.8,136.0,20260828,机械设备,自动化设备,其他自动化设备
300735.SZ,光弘科技,1661114.1215,20.53,20260828,电子,消费电子,消费电子零部件及组装
300718.SZ,长盛轴承,1658224.005,55.5,20260828,机械设备,通用设备,金属制品
300102.SZ,乾照光电,1657521.1738,18.01,20260828,电子,光学光电子,LED
688523.SH,航天环宇,1656001.6,40.7,20260828,国防军工,航天装备Ⅱ,航天装备Ⅲ
002439.SZ,启明星辰,1655984.0734,13.67,20260828,计算机,软件开发,横向通用软件
300364.SZ,中文在线,1655880.9546,22.73,20260828,传媒,出版,大众出版
603638.SH,艾迪精密,1654824.026,18.79,20260828,机械设备,工程机械,工程机械器件
002947.SZ,恒铭达,1653290.1696,64.64,20260828,电子,消费电子,消费电子零部件及组装
300676.SZ,华大基因,1653189.1792,39.52,20260828,医药生物,医疗服务,诊断服务
600032.SH,浙江新能,1652011.9311,6.87,20260828,公用事业,电力,光伏发电
300607.SZ,拓斯达,1651278.4488,34.62,20260828,机械设备,自动化设备,机器人
002249.SZ,大洋电机,1650414.3699,6.69,20260828,电力设备,电机Ⅱ,电机Ⅲ
300761.SZ,立华股份,1650357.735,19.5,20260828,农林牧渔,养殖业,肉鸡养殖
601921.SH,浙版传媒,1646666.6502,7.41,20260828,传媒,出版,教育出版
300593.SZ,新雷能,1643770.455,30.3,20260828,电力设备,其他电源设备Ⅱ,其他电源设备Ⅲ
688709.SH,成都华微,1643065.518,25.8,20260828,电子,半导体,数字芯片设计
601678.SH,滨化股份,1640503.3263,6.81,20260828,基础化工,化学原料,氯碱
601966.SH,玲珑轮胎,1637659.5213,11.19,20260828,汽车,汽车零部件,轮胎轮毂
688380.SH,中微半导,1637092.485,40.89,20260828,电子,半导体,数字芯片设计
000050.SZ,深天马A,1636841.2032,6.72,20260828,电子,光学光电子,面板
688390.SH,固德威,1633544.1089,67.19,20260828,电力设备,光伏设备,逆变器
002312.SZ,川发龙蟒,1632868.5445,8.65,20260828,基础化工,农化制品,磷肥及磷化工
301362.SZ,民爆光电,1632829.3036,111.88,20260828,家用电器,照明设备Ⅱ,照明设备Ⅲ
600888.SH,新疆众和,1632293.2809,10.51,20260828,有色金属,工业金属,铝
002506.SZ,协鑫集成,1632238.2756,2.79,20260828,电力设备,光伏设备,光伏电池组件
688708.SH,佳驰科技,1631546.1498,40.74,20260828,国防军工,航空装备Ⅱ,航空装备Ⅲ
301128.SZ,强瑞技术,1630648.428,112.6,20260828,机械设备,专用设备,其他专用设备
301029.SZ,怡合达,1627613.952,25.6,20260828,机械设备,自动化设备,其他自动化设备
002827.SZ,高争民爆,1625982.974,58.69,20260828,基础化工,化学制品,民爆制品
600776.SH,东方通信,1624008.1293,12.93,20260828,通信,通信设备,其他通信设备
600171.SH,上海贝岭,1622725.4337,22.89,20260828,电子,半导体,模拟芯片设计
002958.SZ,青农商行,1622266.0644,2.92,20260828,银行,农商行Ⅱ,农商行Ⅲ
600435.SH,北方导航,1621247.4544,10.72,20260828,国防军工,地面兵装Ⅱ,地面兵装Ⅲ
002792.SZ,通宇通讯,1620224.748,30.93,20260828,通信,通信设备,通信网络设备及器件
688150.SH,莱特光电,1619408.9024,40.24,20260828,电子,电子化学品Ⅱ,电子化学品Ⅲ
688661.SH,和林微纳,1619123.948,106.6,20260828,电子,半导体,半导体材料
002936.SZ,郑州银行,1618392.2692,1.78,20260828,银行,城商行Ⅱ,城商行Ⅲ
601702.SH,华峰铝业,1612626.919,16.15,20260828,有色金属,工业金属,铝
002563.SZ,森马服饰,1611065.9396,5.98,20260828,纺织服饰,服装家纺,非运动服装
601038.SH,一拖股份,1610183.7149,14.33,20260828,机械设备,专用设备,农用机械
605289.SH,罗曼股份,1606378.123,105.26,20260828,建筑装饰,专业工程,其他专业工程
000528.SZ,柳工,1605932.7595,7.87,20260828,机械设备,工程机械,工程机械整机
000766.SZ,通化金马,1605347.8628,16.61,20260828,医药生物,化学制药,化学制剂
603355.SH,莱克电气,1604937.9231,27.99,20260828,家用电器,小家电,清洁小家电
600867.SH,通化东宝,1602088.0104,8.18,20260828,医药生物,生物制品,其他生物制品
603858.SH,步长制药,1599780.2628,15.17,20260828,医药生物,中药Ⅱ,中药Ⅲ
002408.SZ,齐翔腾达,1598068.759,5.62,20260828,石油石化,炼化及贸易,其他石化
603009.SH,北特科技,1596510.5882,46.09,20260828,汽车,汽车零部件,底盘与发动机系统
688308.SH,欧科亿,1589404.817,100.1,20260828,机械设备,通用设备,金属制品
001213.SZ,中铁特货,1586666.6508,3.57,20260828,交通运输,铁路公路,铁路运输
300002.SZ,神州泰岳,1579640.6417,8.03,20260828,传媒,游戏Ⅱ,游戏Ⅲ
688003.SH,天准科技,1577541.9773,80.99,20260828,机械设备,自动化设备,其他自动化设备
002151.SZ,北斗星通,1572269.9664,28.96,20260828,国防军工,军工电子Ⅱ,军工电子Ⅲ
600763.SH,通策医疗,1567301.0064,35.04,20260828,医药生物,医疗服务,医院
688484.SH,南芯科技,1565931.0015,36.45,20260828,电子,半导体,模拟芯片设计
301086.SZ,鸿富瀚,1565750.648,124.4,20260828,电子,消费电子,消费电子零部件及组装
301316.SZ,慧博云通,1564357.476,38.76,20260828,计算机,IT服务Ⅱ,IT服务Ⅲ
600619.SH,海立股份,1563862.7908,14.57,20260828,家用电器,家电零部件Ⅱ,家电零部件Ⅲ
688690.SH,纳微科技,1563570.9056,38.72,20260828,医药生物,化学制药,原料药
002440.SZ,闰土股份,1561235.8611,13.89,20260828,基础化工,化学制品,纺织化学制品
603786.SH,科博达,1560098.4321,38.63,20260828,汽车,汽车零部件,汽车电子电气系统
000563.SZ,陕国投A,1559760.972,3.05,20260828,非银金融,多元金融,信托
000537.SZ,绿发电力,1558234.1682,7.58,20260828,公用事业,电力,风力发电
000680.SZ,山推股份,1557148.0188,10.38,20260828,机械设备,工程机械,工程机械整机
688779.SH,五矿新能,1556880.54,8.07,20260828,电力设备,电池,电池化学品
301071.SZ,力量钻石,1555963.5845,61.15,20260828,基础化工,非金属材料Ⅱ,非金属材料Ⅲ
600528.SH,中铁工业,1552864.5684,6.99,20260828,机械设备,轨交设备Ⅱ,轨交设备Ⅲ
603738.SH,泰晶科技,1552039.525,40.22,20260828,电子,元件,被动元件
301498.SZ,乖宝宠物,1551031.5417,38.73,20260828,农林牧渔,饲料,宠物食品
603906.SH,龙蟠科技,1549788.2121,19.59,20260828,电力设备,电池,电池化学品
300144.SZ,宋城演艺,1547062.7564,5.93,20260828,社会服务,旅游及景区,人工景区
000682.SZ,东方电子,1545858.231,11.53,20260828,电力设备,电网设备,电网自动化设备
301196.SZ,唯科科技,1545083.8806,94.09,20260828,基础化工,塑料,其他塑料制品
600750.SH,华润江中,1543208.3924,24.28,20260828,医药生物,中药Ⅱ,中药Ⅲ
002176.SZ,江特电机,1542239.0436,9.06,20260828,电力设备,电机Ⅱ,电机Ⅲ
600959.SH,江苏有线,1540221.0516,3.08,20260828,传媒,电视广播Ⅱ,电视广播Ⅲ
301603.SZ,乔锋智能,1538120.12,127.37,20260828,机械设备,通用设备,机床工具
002290.SZ,禾盛新材,1538048.1477,61.99,20260828,家用电器,家电零部件Ⅱ,家电零部件Ⅲ
300990.SZ,同飞股份,1537867.5012,89.82,20260828,机械设备,通用设备,制冷空调设备
600928.SH,西安银行,1537777.797,3.46,20260828,银行,城商行Ⅱ,城商行Ⅲ
600409.SH,三友化工,1535875.9536,7.44,20260828,基础化工,化学原料,纯碱
002583.SZ,海能达,1534914.7736,8.44,20260828,通信,通信设备,通信网络设备及器件
002399.SZ,海普瑞,1533324.529,10.45,20260828,医药生物,化学制药,化学制剂
601568.SH,北元化工,1533277.7692,3.86,20260828,基础化工,化学原料,氯碱
603025.SH,大豪科技,1533167.0404,13.73,20260828,机械设备,自动化设备,工控设备
002048.SZ,宁波华翔,1531811.6518,18.86,20260828,汽车,汽车零部件,车身附件及饰件
301093.SZ,华兰股份,1527725.8752,71.68,20260828,医药生物,医疗器械,医疗耗材
000927.SZ,中国铁物,1524689.1324,2.52,20260828,机械设备,轨交设备Ⅱ,轨交设备Ⅲ
002320.SZ,海峡股份,1523284.1583,6.81,20260828,交通运输,航运港口,航运
601369.SH,陕鼓动力,1518381.0345,8.81,20260828,机械设备,专用设备,能源及重型设备
301039.SZ,中集车辆,1518040.764,8.1,20260828,汽车,商用车,商用载货车
002508.SZ,老板电器,1517658.6231,16.06,20260828,家用电器,厨卫电器,厨房电器
601992.SH,金隅集团,1516243.4962,1.42,20260828,建筑材料,水泥,水泥制造
002405.SZ,四维图新,1514516.7762,6.39,20260828,计算机,软件开发,垂直应用软件
920438.BJ,戈碧迦,1513951.28,104.8,20260828,电子,光学光电子,光学元件
688166.SH,博瑞医药,1512644.445,34.71,20260828,医药生物,化学制药,原料药
300253.SZ,卫宁健康,1512275.8563,6.87,20260828,计算机,软件开发,垂直应用软件
300139.SZ,晓程科技,1506452.0,54.98,20260828,有色金属,贵金属,黄金
301599.SZ,理奇智能,1502399.6,34.81,20260828,电力设备,电池,锂电专用设备
600596.SH,新安股份,1502101.461,11.13,20260828,基础化工,农化制品,农药
603031.SH,安孚科技,1501365.1344,40.16,20260828,电力设备,电池,蓄电池及其他电池
001221.SZ,悍高集团,1500837.52,37.52,20260828,轻工制造,家居用品,其他家居用品
301095.SZ,广立微,1497702.0658,74.78,20260828,计算机,软件开发,垂直应用软件
002158.SZ,汉钟精机,1497227.48,28.0,20260828,机械设备,通用设备,制冷空调设备
002929.SZ,润建股份,1491742.4811,52.09,20260828,通信,通信服务,通信工程及服务
688106.SH,金宏气体,1489913.3502,27.78,20260828,电子,电子化学品Ⅱ,电子化学品Ⅲ
300655.SZ,晶瑞电材,1488273.6065,13.21,20260828,电子,电子化学品Ⅱ,电子化学品Ⅲ
002081.SZ,金螳螂,1486981.272,5.6,20260828,建筑装饰,装修装饰Ⅱ,装修装饰Ⅲ
002410.SZ,广联达,1486749.96,9.0,20260828,计算机,软件开发,垂直应用软件
600410.SH,华胜天成,1483557.3291,13.53,20260828,计算机,IT服务Ⅱ,IT服务Ⅲ
000970.SZ,中科三环,1480754.0244,12.18,20260828,有色金属,金属新材料,磁性材料
603026.SH,石大胜华,1479745.659,63.59,20260828,电力设备,电池,电池化学品
301338.SZ,凯格精机,1476193.6,99.1,20260828,机械设备,专用设备,其他专用设备
000069.SZ,华侨城A,1470909.7323,1.83,20260828,房地产,房地产开发,商业地产
000778.SZ,新兴铸管,1470340.6333,3.71,20260828,钢铁,普钢,钢铁管材
300436.SZ,广生堂,1469715.876,92.28,20260828,医药生物,化学制药,化学制剂
002984.SZ,森麒麟,1468418.5373,14.17,20260828,汽车,汽车零部件,轮胎轮毂
688535.SH,华海诚科,1467126.784,102.4,20260828,电子,半导体,半导体材料
688029.SH,南微医学,1467088.194,78.1,20260828,医药生物,医疗器械,医疗耗材
600022.SH,山东钢铁,1465742.3952,1.37,20260828,钢铁,普钢,板材
300302.SZ,同有科技,1464150.909,30.55,20260828,计算机,计算机设备,其他计算机设备
601886.SH,江河集团,1462705.7111,12.91,20260828,建筑装饰,装修装饰Ⅱ,装修装饰Ⅲ
000552.SZ,甘肃能化,1461045.9591,2.73,20260828,煤炭,煤炭开采,动力煤
688353.SH,华盛锂电,1460222.5,91.55,20260828,电力设备,电池,电池化学品
600761.SH,安徽合力,1459845.4992,16.39,20260828,机械设备,工程机械,工程机械整机
603063.SH,禾望电气,1457873.7912,31.41,20260828,电力设备,风电设备,风电零部件
688798.SH,艾为电子,1457289.0665,62.51,20260828,电子,半导体,模拟芯片设计
603997.SH,继峰股份,1456743.3105,11.45,20260828,汽车,汽车零部件,车身附件及饰件
301292.SZ,海科新源,1456193.3488,65.36,20260828,电力设备,电池,电池化学品
603203.SH,快克智能,1452051.04,44.0,20260828,机械设备,自动化设备,工控设备
300601.SZ,康泰生物,1452009.39,13.0,20260828,医药生物,生物制品,疫苗
002385.SZ,大北农,1451046.0961,3.39,20260828,农林牧渔,饲料,畜禽饲料
600475.SH,华光环能,1449244.0012,15.16,20260828,公用事业,电力,热力服务
688605.SH,先锋精科,1447420.3296,71.52,20260828,电子,半导体,半导体设备
688625.SH,呈和科技,1443747.964,55.6,20260828,基础化工,化学制品,其他化学制品
600877.SH,电科芯片,1443368.5305,12.19,20260828,电子,半导体,模拟芯片设计
000600.SZ,建投能源,1442587.52,8.0,20260828,公用事业,电力,火力发电
603317.SH,天味食品,1442300.7018,13.58,20260828,食品饮料,调味发酵品Ⅱ,调味发酵品Ⅲ
002645.SZ,华宏科技,1442225.566,19.15,20260828,环保,环保设备Ⅱ,环保设备Ⅲ
688516.SH,奥特维,1441603.09,45.8,20260828,电力设备,光伏设备,光伏加工设备
002911.SZ,佛燃能源,1440975.138,11.1,20260828,公用事业,燃气Ⅱ,燃气Ⅲ
600267.SH,海正药业,1439931.962,12.2,20260828,医药生物,化学制药,化学制剂
600367.SH,红星发展,1436161.089,42.1,20260828,基础化工,化学原料,无机盐
300166.SZ,东方国信,1435958.4538,12.61,20260828,计算机,IT服务Ⅱ,IT服务Ⅲ
688559.SH,海目星,1434772.369,57.91,20260828,机械设备,自动化设备,激光设备
002690.SZ,美亚光电,1434504.1914,16.26,20260828,机械设备,专用设备,其他专用设备
300409.SZ,道氏技术,1433862.417,18.33,20260828,电力设备,电池,电池化学品
600621.SH,华鑫股份,1433274.9543,13.51,20260828,非银金融,证券Ⅱ,证券Ⅲ
600872.SH,中炬高新,1433217.4536,18.51,20260828,食品饮料,调味发酵品Ⅱ,调味发酵品Ⅲ
002003.SZ,伟星股份,1432611.968,12.05,20260828,纺织服饰,纺织制造,辅料
600916.SH,中国黄金,1431360.0,8.52,20260828,纺织服饰,饰品,钟表珠宝
300827.SZ,上能电气,1429584.0288,25.68,20260828,电力设备,光伏设备,逆变器
001369.SZ,双欣材料,1428015.0,12.45,20260828,基础化工,化学纤维,其他化学纤维
000422.SZ,湖北宜化,1427998.7111,13.13,20260828,基础化工,农化制品,氮肥
600151.SH,航天机电,1427081.0385,9.95,20260828,电力设备,光伏设备,光伏电池组件
300720.SZ,海川智能,1426695.9812,73.21,20260828,机械设备,通用设备,仪器仪表
000785.SZ,居然智家,1425994.1752,2.29,20260828,商贸零售,一般零售,商业物业经营
688612.SH,威迈斯,1425223.9,34.0,20260828,汽车,汽车零部件,汽车电子电气系统
300009.SZ,安科生物,1423436.9964,8.52,20260828,医药生物,生物制品,其他生物制品
603662.SH,柯力传感,1417629.3352,50.48,20260828,机械设备,通用设备,仪器仪表
002310.SZ,东方新能,1415840.0392,2.36,20260828,建筑装饰,基础建设,园林工程
600675.SH,中华企业,1414795.6602,2.34,20260828,房地产,房地产开发,住宅开发
601965.SH,中国汽研,1413734.244,14.1,20260828,汽车,汽车服务,汽车综合服务
000966.SZ,长源电力,1413300.21,4.06,20260828,公用事业,电力,火力发电
688603.SH,天承科技,1411881.34,113.2,20260828,电子,电子化学品Ⅱ,电子化学品Ⅲ
300201.SZ,海伦哲,1411651.9964,13.99,20260828,机械设备,工程机械,工程机械整机
603078.SH,江化微,1411432.152,36.6,20260828,电子,电子化学品Ⅱ,电子化学品Ⅲ
000550.SZ,江铃汽车,1410491.676,16.34,20260828,汽车,商用车,商用载货车
003018.SZ,金富科技,1409321.4692,44.89,20260828,轻工制造,包装印刷,塑料包装
688028.SH,沃尔德,1408354.17,93.3,20260828,机械设备,通用设备,磨具磨料
600452.SH,涪陵电力,1405935.6555,9.15,20260828,公用事业,电力,电能综合服务
300184.SZ,力源信息,1405782.479,12.26,20260828,电子,其他电子Ⅱ,其他电子Ⅲ
002906.SZ,华阳集团,1404683.244,26.76,20260828,汽车,汽车零部件,汽车电子电气系统
601019.SH,山东出版,1404483.7,6.73,20260828,传媒,出版,教育出版
601068.SH,中铝国际,1403851.46,4.7,20260828,建筑装饰,专业工程,其他专业工程
300660.SZ,江苏雷利,1402622.6075,24.13,20260828,电力设备,电机Ⅱ,电机Ⅲ
600710.SH,苏美达,1400835.3568,10.72,20260828,商贸零售,贸易Ⅱ,贸易Ⅲ
600361.SH,创新新材,1399748.5875,3.75,20260828,有色金属,工业金属,铝
002250.SZ,联化科技,1398403.1082,15.54,20260828,基础化工,农化制品,农药
688401.SH,路维光电,1398157.1082,68.08,20260828,电子,半导体,半导体材料
688593.SH,新相微,1396969.376,30.4,20260828,电子,半导体,数字芯片设计
600155.SH,华创云信,1396745.3175,6.31,20260828,非银金融,证券Ⅱ,证券Ⅲ
002832.SZ,比音勒芬,1396520.2737,24.47,20260828,纺织服饰,服装家纺,非运动服装
603118.SH,共进股份,1395841.0572,17.73,20260828,通信,通信设备,通信终端及配件
002541.SZ,鸿路钢构,1395218.6202,20.22,20260828,建筑装饰,专业工程,钢结构
000672.SZ,上峰水泥,1394960.1245,14.39,20260828,建筑材料,水泥,水泥制造
600635.SH,大众公用,1393549.1784,4.72,20260828,公用事业,燃气Ⅱ,燃气Ⅲ
002655.SZ,共达电声,1393497.378,38.22,20260828,电子,消费电子,消费电子零部件及组装
600201.SH,生物股份,1392508.5948,12.66,20260828,农林牧渔,动物保健Ⅱ,动物保健Ⅲ
920982.BJ,锦波生物,1392175.5487,120.99,20260828,美容护理,医疗美容,医美耗材
300957.SZ,贝泰妮,1391526.0,32.85,20260828,美容护理,化妆品,品牌化妆品
600258.SH,首旅酒店,1390170.8595,12.45,20260828,社会服务,酒店餐饮,酒店
300573.SZ,兴齐眼药,1389502.7955,39.15,20260828,医药生物,化学制药,化学制剂
301369.SZ,联动科技,1388827.0275,135.75,20260828,电子,半导体,半导体设备
300296.SZ,利亚德,1388532.3377,5.12,20260828,电子,光学光电子,LED
600056.SH,中国医药,1388176.4544,9.28,20260828,医药生物,医药商业,医药流通
600827.SH,百联股份,1388082.7818,7.78,20260828,商贸零售,一般零售,多业态零售
600651.SH,飞乐音响,1383879.456,5.52,20260828,汽车,汽车零部件,汽车电子电气系统
000905.SZ,厦门港务,1383450.1863,8.97,20260828,交通运输,航运港口,港口
301080.SZ,百普赛斯,1383352.2285,82.5,20260828,医药生物,生物制品,其他生物制品
603826.SH,坤彩科技,1383258.24,16.24,20260828,基础化工,非金属材料Ⅱ,非金属材料Ⅲ
600933.SH,爱柯迪,1382285.969,13.42,20260828,汽车,汽车零部件,底盘与发动机系统
002969.SZ,嘉美包装,1381907.5906,12.58,20260828,轻工制造,包装印刷,金属包装
000070.SZ,特发信息,1381613.1039,15.91,20260828,通信,通信设备,通信线缆及配套
601778.SH,晶科科技,1381249.5095,3.71,20260828,公用事业,电力,光伏发电
688158.SH,优刻得-W,1379811.7745,29.95,20260828,计算机,IT服务Ⅱ,IT服务Ⅲ
000410.SZ,沈阳机床,1377517.96,5.2,20260828,机械设备,通用设备,机床工具
300457.SZ,赢合科技,1377458.2325,21.35,20260828,电力设备,电池,锂电专用设备
688765.SH,禾元生物-U,1376375.0,38.5,20260828,医药生物,生物制品,血液制品
300077.SZ,国民技术,1375919.0743,20.29,20260828,电子,半导体,数字芯片设计
601811.SH,新华文轩,1374498.874,11.14,20260828,传媒,出版,教育出版
688712.SH,北芯生命,1374432.0,32.96,20260828,医药生物,医疗器械,医疗耗材
301031.SZ,中熔电气,1373850.42,94.0,20260828,电子,其他电子Ⅱ,其他电子Ⅲ
300342.SZ,天银机电,1373713.4432,32.32,20260828,家用电器,家电零部件Ⅱ,家电零部件Ⅲ
603093.SH,南华期货,1372427.029,13.22,20260828,非银金融,多元金融,期货
002779.SZ,中坚科技,1371400.8,74.21,20260828,机械设备,专用设备,其他专用设备
603456.SH,九洲药业,1371059.05,15.55,20260828,医药生物,医疗服务,医疗研发外包
002372.SZ,伟星新材,1370744.718,8.61,20260828,建筑材料,装修建材,管材
000567.SZ,海德股份,1370169.1322,7.01,20260828,非银金融,多元金融,资产管理
002703.SZ,浙江世宝,1368860.3136,16.64,20260828,汽车,汽车零部件,底盘与发动机系统
603505.SH,金石资源,1368553.4688,16.26,20260828,基础化工,化学制品,氟化工
603011.SH,合锻智能,1367055.816,27.65,20260828,机械设备,专用设备,其他专用设备
002226.SZ,江南化工,1366844.2164,5.16,20260828,基础化工,化学制品,民爆制品
000612.SZ,焦作万方,1366260.5124,11.46,20260828,有色金属,工业金属,铝
603194.SH,中力股份,1365405.0,34.05,20260828,机械设备,工程机械,工程机械整机
601827.SH,三峰环境,1362625.6395,8.15,20260828,环保,环境治理,固废治理
000998.SZ,隆平高科,1359239.4,9.25,20260828,农林牧渔,种植业,种子
601133.SH,柏诚股份,1358654.855,25.82,20260828,建筑装饰,专业工程,其他专业工程
301682.SZ,宏明电子,1357097.9345,111.65,20260828,国防军工,军工电子Ⅱ,军工电子Ⅲ
000592.SZ,平潭发展,1354178.3408,7.01,20260828,农林牧渔,林业Ⅱ,林业Ⅲ
301529.SZ,福赛科技,1352399.796,114.2,20260828,汽车,汽车零部件,车身附件及饰件
300469.SZ,信息发展,1351660.266,54.45,20260828,计算机,软件开发,垂直应用软件
688507.SH,索辰科技,1349909.2112,151.49,20260828,计算机,软件开发,垂直应用软件
603868.SH,飞科电器,1349053.2,30.97,20260828,家用电器,小家电,个护小家电
301312.SZ,智立方,1348163.2,80.0,20260828,机械设备,自动化设备,其他自动化设备
301489.SZ,思泉新材,1347611.3956,115.88,20260828,电子,电子化学品Ⅱ,电子化学品Ⅲ
300428.SZ,立中集团,1345796.6808,19.63,20260828,汽车,汽车零部件,轮胎轮毂
000089.SZ,深圳机场,1345304.792,6.56,20260828,交通运输,航空机场,机场
002647.SZ,仁东控股,1341656.2479,11.87,20260828,非银金融,多元金融,金融信息服务
301500.SZ,飞南资源,1340426.8092,23.89,20260828,环保,环境治理,固废治理
688006.SH,杭可科技,1338341.2674,22.17,20260828,电力设备,电池,锂电专用设备
603014.SH,威高血净,1337648.6282,32.02,20260828,医药生物,医疗器械,医疗耗材
600072.SH,中船科技,1335578.233,8.9,20260828,电力设备,风电设备,风电零部件
300855.SZ,图南股份,1334523.281,33.74,20260828,有色金属,金属新材料,其他金属新材料
600064.SH,南京高科,1334091.8316,7.71,20260828,房地产,房地产开发,住宅开发
002167.SZ,东方锆业,1333987.4226,17.22,20260828,有色金属,小金属,其他小金属
688046.SH,药康生物,1333105.15,32.5,20260828,医药生物,医疗服务,医疗研发外包
000553.SZ,安道麦A,1332652.3496,5.72,20260828,基础化工,农化制品,农药
603613.SH,国联股份,1330833.3166,18.47,20260828,商贸零售,互联网电商,综合电商
301127.SZ,武汉天源,1329276.4916,19.72,20260828,环保,环境治理,水务及水治理
301669.SZ,高特电子,1329120.0,27.69,20260828,电力设备,其他电源设备Ⅱ,其他电源设备Ⅲ
600779.SH,水井坊,1326008.704,27.2,20260828,食品饮料,白酒Ⅱ,白酒Ⅲ
301589.SZ,诺瓦星云,1322930.88,143.1,20260828,计算机,计算机设备,其他计算机设备
301015.SZ,百洋医药,1321944.6115,25.15,20260828,医药生物,医药商业,医药流通
002946.SZ,新乳业,1321148.405,15.35,20260828,食品饮料,饮料乳品,乳品
603226.SH,菲林格尔,1318163.5944,37.08,20260828,轻工制造,家居用品,瓷砖地板
688062.SH,迈威生物-U,1317407.3598,29.49,20260828,医药生物,化学制药,化学制剂
688222.SH,成都先导,1316634.48,32.86,20260828,医药生物,医疗服务,医疗研发外包
600338.SH,西藏珠峰,1314634.2676,14.38,20260828,有色金属,工业金属,铅锌
688202.SH,美迪西,1313292.755,97.75,20260828,医药生物,医疗服务,医疗研发外包
002842.SZ,翔鹭钨业,1312943.2425,40.13,20260828,有色金属,小金属,钨
300182.SZ,捷成股份,1310602.1952,4.92,20260828,传媒,影视院线,影视动漫制作
002366.SZ,融发核电,1308909.7504,6.29,20260828,电力设备,其他电源设备Ⅱ,其他电源设备Ⅲ
603305.SH,旭升集团,1308262.1352,11.32,20260828,汽车,汽车零部件,底盘与发动机系统
605179.SH,一鸣食品,1306458.0,32.58,20260828,食品饮料,饮料乳品,乳品
600456.SH,宝钛股份,1305288.13,27.32,20260828,有色金属,小金属,其他小金属
002010.SZ,传化智联,1304622.5848,4.72,20260828,交通运输,物流,公路货运
600764.SH,中国海防,1304004.949,18.35,20260828,国防军工,航海装备Ⅱ,航海装备Ⅲ
301363.SZ,美好医疗,1302997.6516,16.37,20260828,医药生物,医疗器械,医疗设备
688383.SH,新益昌,1301075.2,128.0,20260828,机械设备,专用设备,其他专用设备
600113.SH,浙江东日,1298908.9428,30.84,20260828,商贸零售,一般零售,商业物业经营
600167.SH,联美控股,1298870.447,5.74,20260828,公用事业,电力,热力服务
002354.SZ,天娱数科,1298849.853,7.85,20260828,传媒,广告营销,营销代理
002507.SZ,涪陵榨菜,1298158.875,11.25,20260828,食品饮料,调味发酵品Ⅱ,调味发酵品Ⅲ
002458.SZ,益生股份,1298092.1417,9.07,20260828,农林牧渔,养殖业,肉鸡养殖
000758.SZ,中色股份,1297314.4357,6.52,20260828,有色金属,工业金属,铅锌
600633.SH,浙数文化,1295972.139,10.22,20260828,传媒,游戏Ⅱ,游戏Ⅲ
300133.SZ,华策影视,1295467.2447,6.91,20260828,传媒,影视院线,影视动漫制作
601952.SH,苏垦农发,1295320.0,9.4,20260828,农林牧渔,种植业,粮食种植
002607.SZ,中公教育,1295153.874,2.1,20260828,社会服务,教育,培训教育
601033.SH,永兴股份,1295100.0,14.39,20260828,环保,环境治理,固废治理
301629.SZ,矽电股份,1292920.3905,309.85,20260828,电子,半导体,半导体设备
300951.SZ,博硕科技,1292865.3792,76.32,20260828,电子,消费电子,消费电子零部件及组装
300769.SZ,德方纳米,1291386.9529,46.09,20260828,电力设备,电池,电池化学品
301005.SZ,超捷股份,1290382.471,68.65,20260828,汽车,汽车零部件,其他汽车零部件
600744.SH,华银电力,1289763.9305,6.35,20260828,公用事业,电力,火力发电
600366.SH,宁波韵升,1285878.087,11.7,20260828,有色金属,金属新材料,磁性材料
301267.SZ,华厦眼科,1285200.0,15.3,20260828,医药生物,医疗服务,医院
000156.SZ,华数传媒,1284082.2225,6.93,20260828,传媒,电视广播Ⅱ,电视广播Ⅲ
600416.SH,湘电股份,1283930.688,8.7,20260828,电力设备,电机Ⅱ,电机Ⅲ
300969.SZ,恒帅股份,1282597.0185,78.15,20260828,汽车,汽车零部件,其他汽车零部件
600271.SH,航天信息,1282196.1432,6.92,20260828,计算机,IT服务Ⅱ,IT服务Ⅲ
603800.SH,洪田股份,1281904.0,61.63,20260828,机械设备,专用设备,能源及重型设备
688209.SH,英集芯,1281397.936,29.54,20260828,电子,半导体,模拟芯片设计
002091.SZ,江苏国泰,1281021.7786,7.87,20260828,商贸零售,贸易Ⅱ,贸易Ⅲ
605599.SH,菜百股份,1279444.481,16.45,20260828,纺织服饰,饰品,钟表珠宝
300034.SZ,钢研高纳,1279123.368,16.05,20260828,国防军工,航空装备Ⅱ,航空装备Ⅲ
000061.SZ,农产品,1278315.0128,6.44,20260828,商贸零售,一般零售,商业物业经营
000799.SZ,酒鬼酒,1274046.609,39.21,20260828,食品饮料,白酒Ⅱ,白酒Ⅲ
001308.SZ,康冠科技,1273701.1617,18.09,20260828,电子,光学光电子,面板
002978.SZ,安宁股份,1272957.03,26.97,20260828,有色金属,小金属,其他小金属
688100.SH,威胜信息,1272481.2976,25.88,20260828,通信,通信设备,通信终端及配件
600529.SH,山东药玻,1272148.2297,19.17,20260828,医药生物,医疗器械,医疗耗材
603882.SH,金域医学,1270254.2586,27.42,20260828,医药生物,医疗服务,诊断服务
300529.SZ,健帆生物,1269782.427,15.9,20260828,医药生物,医疗器械,医疗耗材
300070.SZ,碧水源,1268473.255,3.5,20260828,环保,环境治理,水务及水治理
600216.SH,浙江医药,1268400.2582,13.19,20260828,医药生物,化学制药,原料药
605389.SH,长龄液压,1266906.03,67.75,20260828,机械设备,工程机械,工程机械器件
301150.SZ,中一科技,1266464.249,39.1,20260828,电力设备,电池,锂电池
002865.SZ,钧达股份,1262806.5677,40.57,20260828,电力设备,光伏设备,光伏电池组件
300455.SZ,航天智装,1262553.912,17.59,20260828,计算机,计算机设备,其他计算机设备
300459.SZ,汤姆猫,1262176.1131,3.59,20260828,传媒,游戏Ⅱ,游戏Ⅲ
603707.SH,健友股份,1261823.431,7.81,20260828,医药生物,化学制药,化学制剂
688055.SH,龙腾光电,1256666.6918,3.77,20260828,电子,光学光电子,面板
600717.SH,天津港,1255996.434,4.34,20260828,交通运输,航运港口,港口
002534.SZ,西子洁能,1255574.6704,15.02,20260828,电力设备,其他电源设备Ⅱ,火电设备
688260.SH,昀冢科技,1254000.0,104.5,20260828,电子,消费电子,消费电子零部件及组装
300693.SZ,盛弘股份,1253998.3622,40.09,20260828,电力设备,其他电源设备Ⅱ,其他电源设备Ⅲ
002698.SZ,博实股份,1253660.5216,12.26,20260828,机械设备,自动化设备,机器人
600648.SH,外高桥,1251119.224,9.2,20260828,房地产,房地产开发,产业地产
002896.SZ,中大力德,1250866.9855,63.65,20260828,机械设备,通用设备,金属制品
300468.SZ,四方精创,1250740.4001,23.57,20260828,计算机,软件开发,垂直应用软件
688485.SH,九州一轨,1247424.43,83.0,20260828,机械设备,轨交设备Ⅱ,轨交设备Ⅲ
600211.SH,西藏药业,1246086.0272,38.66,20260828,医药生物,生物制品,其他生物制品
300100.SZ,双林股份,1246001.4149,21.52,20260828,汽车,汽车零部件,车身附件及饰件
688757.SH,胜科纳米,1245828.9146,30.89,20260828,社会服务,专业服务,检测服务
688107.SH,安路科技,1244236.5376,31.04,20260828,电子,半导体,数字芯片设计
601619.SH,嘉泽新能,1243681.9745,4.13,20260828,公用事业,电力,风力发电
603039.SH,泛微网络,1243169.6031,40.41,20260828,计算机,软件开发,横向通用软件
601222.SH,林洋能源,1243103.1018,6.09,20260828,公用事业,电力,光伏发电
605099.SH,共创草坪,1243019.7549,30.87,20260828,轻工制造,家居用品,其他家居用品
002701.SZ,奥瑞金,1241483.794,4.85,20260828,轻工制造,包装印刷,金属包装
001258.SZ,立新能源,1241333.289,13.3,20260828,公用事业,电力,风力发电
301047.SZ,义翘神州,1239599.6097,101.91,20260828,医药生物,生物制品,其他生物制品
300913.SZ,兆龙互连,1238468.1143,36.13,20260828,通信,通信设备,通信线缆及配套
300331.SZ,苏大维格,1237550.5218,47.66,20260828,电子,光学光电子,光学元件
002092.SZ,中泰化学,1236354.96,4.8,20260828,基础化工,化学原料,氯碱
002987.SZ,京北方,1236063.0348,11.88,20260828,计算机,软件开发,垂直应用软件
300671.SZ,富满微,1233344.1915,55.71,20260828,电子,半导体,模拟芯片设计
002881.SZ,美格智能,1233054.6384,40.82,20260828,通信,通信设备,通信终端及配件
600618.SH,氯碱化工,1232722.4,10.66,20260828,基础化工,化学原料,氯碱
600395.SH,盘江股份,1232162.6926,5.74,20260828,煤炭,煤炭开采,焦煤
688059.SH,华锐精密,1231837.2,88.0,20260828,机械设备,通用设备,金属制品
000762.SZ,西藏矿业,1230695.7696,23.63,20260828,有色金属,能源金属,锂
300328.SZ,宜安科技,1228263.5844,17.79,20260828,有色金属,工业金属,铝
688116.SH,天奈科技,1228249.0671,33.51,20260828,电力设备,电池,电池化学品
600315.SH,上海家化,1228156.902,18.27,20260828,美容护理,化妆品,品牌化妆品
002847.SZ,盐津铺子,1227191.3479,45.42,20260828,食品饮料,休闲食品,零食
605118.SH,力鼎光电,1227077.496,29.84,20260828,计算机,计算机设备,安防设备
688567.SH,孚能科技,1226992.3156,10.04,20260828,电力设备,电池,锂电池
600063.SH,皖维高新,1226980.0952,5.93,20260828,基础化工,化学纤维,其他化学纤维
600508.SH,上海能源,1226307.9024,12.12,20260828,煤炭,煤炭开采,焦煤
688710.SH,益诺思,1226100.4509,86.97,20260828,医药生物,医疗服务,医疗研发外包
300775.SZ,三角防务,1225971.9842,22.39,20260828,国防军工,航空装备Ⅱ,航空装备Ⅲ
002990.SZ,盛视科技,1225468.296,46.8,20260828,计算机,计算机设备,其他计算机设备
001227.SZ,兰州银行,1224574.8765,2.15,20260828,银行,城商行Ⅱ,城商行Ⅲ
002060.SZ,广东建工,1223932.2158,3.26,20260828,公用事业,电力,电能综合服务
600755.SH,厦门国贸,1223858.979,5.74,20260828,交通运输,物流,原材料供应链服务
000028.SZ,国药一致,1223218.557,19.98,20260828,医药生物,医药商业,医药流通
000949.SZ,新乡化纤,1222792.1424,7.38,20260828,基础化工,化学纤维,粘胶
002019.SZ,亿帆医药,1220039.2553,10.03,20260828,医药生物,化学制药,化学制剂
601022.SH,宁波远洋,1219937.043,8.39,20260828,交通运输,航运港口,航运
002867.SZ,周大生,1217901.7158,11.22,20260828,纺织服饰,饰品,钟表珠宝
603757.SH,大元泵业,1217780.7744,65.28,20260828,机械设备,通用设备,其他通用设备
300191.SZ,潜能恒信,1216960.0,38.03,20260828,石油石化,油服工程,油气及炼化工程
002643.SZ,万润股份,1214483.5326,13.26,20260828,电子,电子化学品Ⅱ,电子化学品Ⅲ
688031.SH,星环科技-U,1214387.3975,100.25,20260828,计算机,软件开发,横向通用软件
603406.SH,天富龙,1214030.35,30.35,20260828,基础化工,化学纤维,涤纶
600864.SH,哈投股份,1212972.6015,5.83,20260828,非银金融,证券Ⅱ,证券Ⅲ
600116.SH,三峡水利,1212298.5986,6.34,20260828,公用事业,电力,电能综合服务
688515.SH,裕太微-U,1211840.0,151.48,20260828,电子,半导体,模拟芯片设计
301373.SZ,凌玮科技,1210982.5244,111.64,20260828,基础化工,化学制品,其他化学制品
600720.SH,中交设计,1209251.8812,5.27,20260828,建筑装饰,工程咨询服务Ⅱ,工程咨询服务Ⅲ
301021.SZ,英诺激光,1208437.35,79.05,20260828,机械设备,自动化设备,激光设备
600908.SH,无锡银行,1207074.935,5.5,20260828,银行,农商行Ⅱ,农商行Ⅲ
002182.SZ,宝武镁业,1206018.464,12.16,20260828,有色金属,小金属,其他小金属
002096.SZ,易普力,1205708.4576,9.72,20260828,基础化工,化学制品,民爆制品
002373.SZ,千方科技,1205683.5966,7.63,20260828,计算机,IT服务Ⅱ,IT服务Ⅲ
603515.SH,欧普照明,1205462.2328,16.24,20260828,家用电器,照明设备Ⅱ,照明设备Ⅲ
300576.SZ,容大感光,1205413.5624,29.86,20260828,电子,电子化学品Ⅱ,电子化学品Ⅲ
603888.SH,新华网,1205352.288,16.24,20260828,传媒,数字媒体,门户网站
300674.SZ,宇信科技,1204641.527,17.11,20260828,计算机,IT服务Ⅱ,IT服务Ⅲ
301238.SZ,瑞泰新材,1202666.612,16.4,20260828,电力设备,电池,电池化学品
301087.SZ,可孚医疗,1200715.73,50.9,20260828,医药生物,医疗器械,医疗耗材
603556.SH,海兴电力,1200586.3098,24.69,20260828,电力设备,电网设备,电工仪器仪表
300357.SZ,我武生物,1199530.944,22.91,20260828,医药生物,生物制品,其他生物制品
605507.SH,国邦医药,1198564.6428,15.32,20260828,医药生物,化学制药,原料药
688088.SH,虹软科技,1197894.8144,29.86,20260828,计算机,IT服务Ⅱ,IT服务Ⅲ
000801.SZ,四川九洲,1197230.4966,11.78,20260828,家用电器,黑色家电,其他黑色家电
002268.SZ,电科网安,1194883.8093,14.13,20260828,计算机,计算机设备,其他计算机设备
601512.SH,中新集团,1194615.33,7.97,20260828,房地产,房地产开发,产业地产
002139.SZ,拓邦股份,1194467.8342,9.58,20260828,电子,消费电子,消费电子零部件及组装
000697.SZ,炼石航空,1193655.4965,8.55,20260828,国防军工,航空装备Ⅱ,航空装备Ⅲ
002838.SZ,道恩股份,1193604.008,24.95,20260828,基础化工,塑料,改性塑料
600850.SH,电科数字,1193340.687,14.62,20260828,计算机,IT服务Ⅱ,IT服务Ⅲ
002292.SZ,奥飞娱乐,1193310.6579,8.07,20260828,传媒,影视院线,影视动漫制作
301307.SZ,美利信,1193259.6,56.66,20260828,通信,通信设备,通信网络设备及器件
003043.SZ,华亚智能,1191683.5775,82.75,20260828,电子,半导体,半导体设备
688138.SH,清溢光电,1191203.2,37.84,20260828,电子,半导体,半导体材料
000065.SZ,北方国际,1188155.3706,10.23,20260828,建筑装饰,专业工程,国际工程
000719.SZ,中原传媒,1186916.292,11.6,20260828,传媒,出版,大众出版
002597.SZ,金禾实业,1185515.3114,20.86,20260828,基础化工,化学制品,食品及饲料添加剂
300820.SZ,英杰电气,1183903.4448,53.28,20260828,电力设备,其他电源设备Ⅱ,其他电源设备Ⅲ
002617.SZ,露笑科技,1183687.818,6.2,20260828,公用事业,电力,光伏发电
000534.SZ,万泽股份,1182152.52,23.2,20260828,医药生物,生物制品,其他生物制品
002741.SZ,光华科技,1181815.0006,25.22,20260828,电子,电子化学品Ⅱ,电子化学品Ⅲ
002183.SZ,怡亚通,1181639.1405,4.55,20260828,商贸零售,贸易Ⅱ,贸易Ⅲ
600783.SH,鲁信创投,1179809.4905,15.85,20260828,机械设备,通用设备,磨具磨料
002416.SZ,爱施德,1177317.71,9.5,20260828,商贸零售,专业连锁Ⅱ,专业连锁Ⅲ
301366.SZ,一博科技,1176336.2268,56.14,20260828,电子,元件,印制电路板
688319.SH,欧林生物,1176092.3793,29.01,20260828,医药生物,生物制品,疫苗
603927.SH,中科软,1175921.6,14.15,20260828,计算机,软件开发,垂直应用软件
000048.SZ,京基智农,1175459.6076,22.17,20260828,农林牧渔,养殖业,生猪养殖
600702.SH,舍得酒业,1174937.6042,35.38,20260828,食品饮料,白酒Ⅱ,白酒Ⅲ
600821.SH,金开新能,1174493.025,5.97,20260828,公用事业,电力,光伏发电
003036.SZ,泰坦股份,1173790.6235,54.19,20260828,机械设备,专用设备,纺织服装设备
603698.SH,航天工程,1172210.13,21.87,20260828,机械设备,专用设备,能源及重型设备
600589.SH,大位科技,1171921.7909,7.91,20260828,计算机,IT服务Ⅱ,IT服务Ⅲ
603936.SH,博敏电子,1170015.924,18.13,20260828,电子,元件,印制电路板
002287.SZ,奇正藏药,1169981.719,20.45,20260828,医药生物,中药Ⅱ,中药Ⅲ
603297.SH,永新光学,1166309.6103,105.33,20260828,电子,光学光电子,光学元件
300244.SZ,迪安诊断,1166211.5604,18.66,20260828,医药生物,医疗服务,诊断服务
000599.SZ,青岛双星,1165364.9487,4.77,20260828,汽车,汽车零部件,轮胎轮毂
688382.SH,益方生物-U,1164400.328,20.09,20260828,医药生物,化学制药,化学制剂
600343.SH,航天动力,1164088.2912,18.24,20260828,机械设备,通用设备,其他通用设备
002174.SZ,游族网络,1163035.5383,11.87,20260828,传媒,游戏Ⅱ,游戏Ⅲ
601005.SH,重庆钢铁,1162730.0916,1.21,20260828,钢铁,普钢,板材
688153.SH,唯捷创芯,1161845.1,27.0,20260828,电子,半导体,模拟芯片设计
300171.SZ,东富龙,1161761.076,15.17,20260828,医药生物,医疗器械,医疗设备
600420.SH,国药现代,1161455.5582,8.66,20260828,医药生物,化学制药,化学制剂
300204.SZ,舒泰神,1161183.62,21.45,20260828,医药生物,化学制药,化学制剂
300229.SZ,拓尔思,1161042.309,13.29,20260828,计算机,软件开发,垂直应用软件
000681.SZ,视觉中国,1158054.4422,16.53,20260828,传媒,数字媒体,图片媒体
002170.SZ,芭田股份,1157450.3994,11.91,20260828,基础化工,农化制品,复合肥
600461.SH,洪城环境,1155741.12,9.0,20260828,环保,环境治理,水务及水治理
002654.SZ,万润科技,1155528.5175,13.67,20260828,电子,光学光电子,LED
688258.SH,卓易信息,1153758.3128,95.24,20260828,计算机,IT服务Ⅱ,IT服务Ⅲ
000012.SZ,南玻A,1153095.6752,3.79,20260828,建筑材料,玻璃玻纤,玻璃制造
603303.SH,得邦照明,1151344.2644,24.14,20260828,家用电器,照明设备Ⅱ,照明设备Ⅲ
002258.SZ,利尔化学,1150228.2564,14.37,20260828,基础化工,农化制品,农药
000510.SZ,新金路,1149867.8028,17.73,20260828,基础化工,化学原料,氯碱
601339.SH,百隆东方,1148669.854,7.66,20260828,纺织服饰,纺织制造,棉纺
300480.SZ,光力科技,1147319.8374,30.99,20260828,机械设备,专用设备,能源及重型设备
603589.SH,口子窖,1146595.0815,19.17,20260828,食品饮料,白酒Ⅱ,白酒Ⅲ
688321.SH,微芯生物,1144117.3779,25.83,20260828,医药生物,化学制药,化学制剂
688508.SH,芯朋微,1143846.5514,86.38,20260828,电子,半导体,模拟芯片设计
300353.SZ,东土科技,1143700.608,18.6,20260828,通信,通信设备,其他通信设备
600572.SH,康恩贝,1142339.445,4.5,20260828,医药生物,中药Ⅱ,中药Ⅲ
002031.SZ,巨轮智能,1141486.3683,5.19,20260828,机械设备,专用设备,其他专用设备
301571.SZ,国科天成,1141328.1499,63.61,20260828,国防军工,军工电子Ⅱ,军工电子Ⅲ
603989.SH,艾华集团,1140510.514,28.6,20260828,电子,元件,被动元件
300382.SZ,斯莱克,1139887.2,17.58,20260828,机械设备,专用设备,其他专用设备
600285.SH,羚锐制药,1138767.924,20.08,20260828,医药生物,中药Ⅱ,中药Ⅲ
300377.SZ,赢时胜,1138520.548,15.16,20260828,计算机,软件开发,垂直应用软件
000990.SZ,诚志股份,1136490.11,6.68,20260828,基础化工,化学原料,煤化工
301371.SZ,敷尔佳,1136427.24,21.85,20260828,美容护理,化妆品,品牌化妆品
600859.SH,王府井,1136294.7465,10.11,20260828,商贸零售,一般零售,百货
000815.SZ,美利云,1134669.216,16.32,20260828,计算机,IT服务Ⅱ,IT服务Ⅲ
920808.BJ,曙光数创,1134600.0057,56.73,20260828,计算机,计算机设备,其他计算机设备
601096.SH,宏盛华源,1134265.72,4.24,20260828,建筑装饰,专业工程,钢结构
688182.SH,灿勤科技,1133200.0,28.33,20260828,通信,通信设备,通信网络设备及器件
688090.SH,瑞松科技,1131215.2575,71.27,20260828,机械设备,自动化设备,机器人
300861.SZ,美畅股份,1128020.1995,16.79,20260828,机械设备,通用设备,磨具磨料
002400.SZ,省广集团,1127939.1037,6.47,20260828,传媒,广告营销,营销代理
688758.SH,赛分科技,1127784.7828,27.08,20260828,医药生物,化学制药,原料药
000035.SZ,中国天楹,1127151.4344,4.72,20260828,环保,环境治理,固废治理
688610.SH,埃科光电,1126896.0,165.72,20260828,机械设备,通用设备,仪器仪表
600391.SH,航发科技,1126731.6422,34.13,20260828,国防军工,航空装备Ⅱ,航空装备Ⅲ
002585.SZ,双星新材,1126485.4062,9.87,20260828,基础化工,塑料,膜材料
301531.SZ,春光集团,1126353.4084,51.26,20260828,有色金属,金属新材料,磁性材料
002020.SZ,京新药业,1124504.0046,13.06,20260828,医药生物,化学制药,化学制剂
301510.SZ,固高科技,1123071.0076,27.77,20260828,机械设备,自动化设备,工控设备
688790.SH,昂瑞微-UW,1122916.6394,112.82,20260828,电子,半导体,模拟芯片设计
603713.SH,密尔克卫,1122786.8735,64.51,20260828,交通运输,物流,仓储物流
300118.SZ,东方日升,1121773.6776,9.84,20260828,电力设备,光伏设备,光伏电池组件
600458.SH,时代新材,1121588.7606,11.78,20260828,机械设备,轨交设备Ⅱ,轨交设备Ⅲ
603983.SH,丸美生物,1120795.0,27.95,20260828,美容护理,化妆品,品牌化妆品
688378.SH,奥来德,1119422.7064,42.82,20260828,电子,光学光电子,光学元件
000810.SZ,创维数字,1119140.3188,9.73,20260828,家用电器,黑色家电,其他黑色家电
300130.SZ,新国都,1118159.1405,19.71,20260828,计算机,计算机设备,其他计算机设备
603267.SH,鸿远电子,1117045.0706,48.34,20260828,国防军工,军工电子Ⅱ,军工电子Ⅲ
688016.SH,心脉医疗,1114659.1703,90.43,20260828,医药生物,医疗器械,医疗耗材
603619.SH,中曼石油,1113773.4465,24.09,20260828,石油石化,油服工程,油田服务
002348.SZ,高乐股份,1113309.0432,11.21,20260828,轻工制造,文娱用品,娱乐用品
603393.SH,新天然气,1110249.8847,26.19,20260828,公用事业,燃气Ⅱ,燃气Ⅲ
688112.SH,鼎阳科技,1109996.4395,69.55,20260828,机械设备,通用设备,仪器仪表
688759.SH,必贝特-U,1109790.5022,24.66,20260828,医药生物,化学制药,化学制剂
301630.SZ,同宇新材,1108800.0,198.0,20260828,电子,电子化学品Ⅱ,电子化学品Ⅲ
300049.SZ,福瑞医科,1108498.6289,41.99,20260828,医药生物,医疗器械,医疗设备
301665.SZ,泰禾股份,1107450.0,24.61,20260828,基础化工,农化制品,农药
002217.SZ,合力泰,1106951.0372,1.48,20260828,电子,光学光电子,面板
002531.SZ,天顺风能,1106877.2792,6.16,20260828,电力设备,风电设备,风电零部件
002246.SZ,北化股份,1106854.1568,20.16,20260828,基础化工,化学制品,民爆制品
603185.SH,弘元绿能,1106584.416,16.2,20260828,电力设备,光伏设备,硅料硅片
688583.SH,思看科技,1106414.4,89.4,20260828,机械设备,通用设备,仪器仪表
300065.SZ,海兰信,1106119.5936,15.33,20260828,国防军工,航海装备Ⅱ,航海装备Ⅲ
300185.SZ,通裕重工,1105919.2384,2.74,20260828,电力设备,风电设备,风电零部件
300446.SZ,航天智造,1105796.4108,13.08,20260828,汽车,汽车零部件,车身附件及饰件
002897.SZ,意华股份,1105119.99,57.0,20260828,通信,通信设备,通信网络设备及器件
301216.SZ,万凯新材,1102968.5644,19.01,20260828,基础化工,塑料,其他塑料制品
002544.SZ,普天科技,1102464.918,16.2,20260828,通信,通信服务,通信工程及服务
300910.SZ,瑞丰新材,1101629.6548,28.76,20260828,基础化工,化学制品,其他化学制品
000901.SZ,航天科技,1101517.932,13.8,20260828,汽车,汽车零部件,汽车电子电气系统
000839.SZ,国安股份,1101471.2184,2.81,20260828,通信,通信服务,通信应用增值服务
002967.SZ,广电计量,1100787.9131,17.21,20260828,社会服务,专业服务,检测服务
300868.SZ,杰美特,1099968.5763,86.49,20260828,电子,消费电子,消费电子零部件及组装
300263.SZ,隆华科技,1099176.6906,10.62,20260828,机械设备,通用设备,其他通用设备
002755.SZ,奥赛康,1098941.9136,11.84,20260828,医药生物,化学制药,化学制剂
300113.SZ,顺网科技,1097538.8292,16.28,20260828,传媒,游戏Ⅱ,游戏Ⅲ
002718.SZ,友邦吊顶,1096940.6572,84.74,20260828,建筑材料,装修建材,其他建材
000880.SZ,潍柴重机,1096538.5632,23.64,20260828,汽车,汽车零部件,底盘与发动机系统
300687.SZ,赛意信息,1096176.7612,26.84,20260828,计算机,IT服务Ⅱ,IT服务Ⅲ
600248.SH,陕建股份,1095609.1435,2.95,20260828,建筑装饰,房屋建设Ⅱ,房屋建设Ⅲ
603328.SH,依顿电子,1094293.0896,10.96,20260828,电子,元件,印制电路板
603052.SH,可川科技,1094125.9779,58.23,20260828,电子,消费电子,消费电子零部件及组装
002807.SZ,江阴银行,1093842.9684,4.04,20260828,银行,农商行Ⅱ,农商行Ⅲ
688105.SH,诺唯赞,1092389.5163,21.13,20260828,医药生物,生物制品,其他生物制品
300618.SZ,寒锐钴业,1091372.5804,35.24,20260828,有色金属,能源金属,钴
002011.SZ,盾安环境,1090594.4595,10.15,20260828,家用电器,家电零部件Ⅱ,家电零部件Ⅲ
600058.SH,五矿发展,1090133.1819,10.17,20260828,商贸零售,贸易Ⅱ,贸易Ⅲ
000923.SZ,河钢资源,1090057.43,16.7,20260828,钢铁,冶钢原料,铁矿石
002254.SZ,泰和新材,1087401.5114,12.77,20260828,基础化工,化学纤维,其他化学纤维
002043.SZ,兔宝宝,1086978.395,13.1,20260828,建筑材料,装修建材,其他建材
300008.SZ,天海防务,1086930.3668,6.29,20260828,国防军工,航海装备Ⅱ,航海装备Ⅲ
300863.SZ,卡倍亿,1086665.5734,41.57,20260828,汽车,汽车零部件,汽车电子电气系统
688677.SH,海泰新光,1086325.374,90.62,20260828,医药生物,医疗器械,医疗设备
688811.SH,有研复材,1086123.344,21.65,20260828,有色金属,金属新材料,其他金属新材料
002437.SZ,誉衡药业,1083715.8966,4.86,20260828,医药生物,化学制药,化学制剂
603099.SH,长白山,1082887.0584,39.76,20260828,社会服务,旅游及景区,自然景区
600971.SH,恒源煤电,1082404.4198,9.02,20260828,煤炭,煤炭开采,动力煤
688063.SH,派能科技,1082279.4312,44.11,20260828,电力设备,电池,锂电池
600268.SH,国电南自,1080584.3552,10.64,20260828,电力设备,电网设备,电网自动化设备
600006.SH,东风股份,1080000.0,5.4,20260828,汽车,商用车,商用载货车
600123.SH,兰花科创,1078411.68,7.32,20260828,煤炭,煤炭开采,焦煤
688275.SH,万润新能,1078187.0565,85.49,20260828,电力设备,电池,电池化学品
300315.SZ,掌趣科技,1077629.178,3.98,20260828,传媒,游戏Ⅱ,游戏Ⅲ
300376.SZ,易事特,1075647.111,4.62,20260828,电力设备,其他电源设备Ⅱ,其他电源设备Ⅲ
688020.SH,方邦股份,1073711.09,130.3,20260828,电子,元件,印制电路板
002216.SZ,三全食品,1073483.7861,12.21,20260828,食品饮料,食品加工,预加工食品
002324.SZ,普利特,1073404.5295,9.65,20260828,基础化工,塑料,改性塑料
300363.SZ,博腾股份,1073298.345,19.75,20260828,医药生物,医疗服务,医疗研发外包
600773.SH,西藏城投,1072438.4363,11.27,20260828,房地产,房地产开发,住宅开发
688327.SH,云从科技-UW,1071174.559,10.3,20260828,计算机,IT服务Ⅱ,IT服务Ⅲ
301678.SZ,新恒汇,1070813.085,44.7,20260828,电子,半导体,半导体材料
301207.SZ,华兰疫苗,1070430.1556,17.81,20260828,医药生物,生物制品,疫苗
603626.SH,科森科技,1070362.9413,19.29,20260828,电子,消费电子,消费电子零部件及组装
301293.SZ,三博脑科,1070102.465,51.95,20260828,医药生物,医疗服务,医院
301291.SZ,明阳电气,1068493.3244,33.97,20260828,电力设备,电网设备,配电设备
300976.SZ,达瑞电子,1068336.274,57.09,20260828,电子,消费电子,消费电子零部件及组装
000099.SZ,中信海直,1068235.4277,13.77,20260828,交通运输,航空机场,航空运输
688663.SH,新风光,1068097.92,54.15,20260828,电力设备,电网设备,电网自动化设备
688306.SH,均普智能,1067377.7532,8.69,20260828,机械设备,自动化设备,其他自动化设备
301382.SZ,蜂助手,1067124.476,37.4,20260828,通信,通信服务,通信应用增值服务
601003.SH,柳钢股份,1066859.829,4.05,20260828,钢铁,普钢,板材
600611.SH,大众交通,1066219.4279,4.51,20260828,交通运输,铁路公路,公交
000690.SZ,宝新能源,1066185.022,4.9,20260828,公用事业,电力,火力发电
002051.SZ,中工国际,1065813.8139,8.69,20260828,建筑装饰,专业工程,国际工程
600639.SH,浦东金桥,1064047.4292,9.48,20260828,房地产,房地产开发,产业地产
600559.SH,老白干酒,1063851.2262,11.63,20260828,食品饮料,白酒Ⅱ,白酒Ⅲ
300725.SZ,药石科技,1063823.67,45.5,20260828,医药生物,医疗服务,医疗研发外包
002675.SZ,东诚药业,1063728.453,12.9,20260828,医药生物,化学制药,化学制剂
002706.SZ,良信股份,1063599.375,9.47,20260828,电力设备,电网设备,配电设备
600986.SH,浙文互联,1063472.4815,7.15,20260828,传媒,广告营销,营销代理
000828.SZ,东莞控股,1062386.374,10.22,20260828,交通运输,铁路公路,高速公路
300224.SZ,正海磁材,1061929.1564,11.41,20260828,有色金属,金属新材料,磁性材料
000767.SZ,晋控电力,1061545.059,3.45,20260828,公用事业,电力,火力发电
000869.SZ,张裕A,1060128.3265,16.13,20260828,食品饮料,非白酒,其他酒类
301177.SZ,迪阿股份,1059526.8662,26.47,20260828,纺织服饰,饰品,钟表珠宝
600184.SH,光电股份,1059398.595,18.18,20260828,国防军工,地面兵装Ⅱ,地面兵装Ⅲ
002215.SZ,诺普信,1057484.5164,10.53,20260828,农林牧渔,种植业,其他种植业
000712.SZ,锦龙股份,1057280.0,11.8,20260828,非银金融,证券Ⅱ,证券Ⅲ
600326.SH,西藏天路,1055909.91,7.75,20260828,建筑材料,水泥,水泥制造
301090.SZ,华润材料,1054659.1761,7.17,20260828,基础化工,塑料,其他塑料制品
002413.SZ,雷科防务,1050195.1972,7.96,20260828,国防军工,军工电子Ⅱ,军工电子Ⅲ
002315.SZ,焦点科技,1048750.2381,25.43,20260828,商贸零售,互联网电商,跨境电商
002276.SZ,万马股份,1046463.039,10.35,20260828,电力设备,电网设备,线缆部件及其他
000727.SZ,冠捷科技,1046329.977,2.31,20260828,电子,光学光电子,面板
301566.SZ,达利凯普,1045226.13,26.13,20260828,电子,元件,被动元件
600446.SH,金证股份,1044806.925,11.1,20260828,计算机,IT服务Ⅱ,IT服务Ⅲ
002993.SZ,奥海科技,1044259.32,37.83,20260828,电子,消费电子,消费电子零部件及组装
000555.SZ,神州信息,1044078.715,10.7,20260828,计算机,IT服务Ⅱ,IT服务Ⅲ
002839.SZ,张家港行,1043735.315,4.27,20260828,银行,农商行Ⅱ,农商行Ⅲ
002297.SZ,博云新材,1043623.8408,18.21,20260828,国防军工,航空装备Ⅱ,航空装备Ⅲ
001393.SZ,维通利,1042961.6122,41.83,20260828,电力设备,电网设备,输变电设备
600383.SH,金地集团,1042868.8116,2.31,20260828,房地产,房地产开发,住宅开发
002922.SZ,伊戈尔,1042089.4314,24.66,20260828,电子,其他电子Ⅱ,其他电子Ⅲ
002063.SZ,远光软件,1040101.7847,5.43,20260828,计算机,软件开发,垂直应用软件
601882.SH,海天精工,1039824.0,19.92,20260828,机械设备,通用设备,机床工具
301109.SZ,军信股份,1039245.7536,13.17,20260828,环保,环境治理,固废治理
600722.SH,金牛化工,1038848.1819,15.27,20260828,基础化工,化学原料,煤化工
301563.SZ,云汉芯城,1038751.1939,122.71,20260828,电子,其他电子Ⅱ,其他电子Ⅲ
600882.SH,妙可蓝多,1038262.2512,20.42,20260828,食品饮料,饮料乳品,乳品
301458.SZ,钧崴电子,1038133.4631,38.93,20260828,电子,元件,被动元件
300026.SZ,红日药业,1036433.406,3.45,20260828,医药生物,中药Ⅱ,中药Ⅲ
000837.SZ,秦川机床,1035423.5496,10.12,20260828,机械设备,通用设备,机床工具
002626.SZ,金达威,1034451.456,16.96,20260828,食品饮料,食品加工,保健品
688662.SH,富信科技,1034300.3952,90.17,20260828,电子,其他电子Ⅱ,其他电子Ⅲ
603601.SH,再升科技,1033818.605,9.05,20260828,建筑材料,玻璃玻纤,玻纤制造
600654.SH,中安科,1032883.6848,3.63,20260828,计算机,软件开发,垂直应用软件
603376.SH,大明电子,1030802.577,25.77,20260828,汽车,汽车零部件,汽车电子电气系统
300682.SZ,朗新科技,1029715.189,9.55,20260828,计算机,IT服务Ⅱ,IT服务Ⅲ
000700.SZ,模塑科技,1029095.2634,11.21,20260828,汽车,汽车零部件,车身附件及饰件
688125.SH,安达智能,1026773.2078,124.57,20260828,机械设备,自动化设备,其他自动化设备
600509.SH,天富能源,1026674.8578,7.47,20260828,公用事业,电力,火力发电
601026.SH,道生天合,1026026.4,15.56,20260828,基础化工,塑料,合成树脂
600851.SH,海欣股份,1025998.195,8.5,20260828,医药生物,化学制药,化学制剂
688660.SH,电气风电,1024000.0512,7.68,20260828,电力设备,风电设备,风电整机
301232.SZ,飞沃科技,1023383.808,97.2,20260828,电力设备,风电设备,风电零部件
002338.SZ,奥普光电,1023360.0,42.64,20260828,国防军工,军工电子Ⅱ,军工电子Ⅲ
002387.SZ,维信诺,1022454.672,7.32,20260828,电子,光学光电子,面板
002083.SZ,孚日股份,1022370.12,10.8,20260828,纺织服饰,纺织制造,棉纺
002251.SZ,步步高,1021705.886,3.8,20260828,商贸零售,一般零售,超市
688371.SH,菲沃泰,1021513.458,30.45,20260828,电子,电子化学品Ⅱ,电子化学品Ⅲ
601900.SH,南方传媒,1021321.3758,11.58,20260828,传媒,出版,教育出版
300007.SZ,汉威科技,1020975.3808,31.18,20260828,机械设备,通用设备,仪器仪表
300850.SZ,新强联,1019479.2396,24.62,20260828,电力设备,风电设备,风电零部件
688198.SH,佰仁医疗,1019473.6881,74.01,20260828,医药生物,医疗器械,医疗耗材
300303.SZ,聚飞光电,1018683.1545,7.19,20260828,电子,光学光电子,LED
002100.SZ,天康生物,1018477.619,7.46,20260828,农林牧渔,饲料,畜禽饲料
605060.SH,联德股份,1017902.442,42.31,20260828,机械设备,通用设备,其他通用设备
603235.SH,天新药业,1017838.5,23.25,20260828,基础化工,化学制品,食品及饲料添加剂
002635.SZ,安洁科技,1017237.0456,15.42,20260828,电子,消费电子,消费电子零部件及组装
300378.SZ,鼎捷数智,1016972.3515,37.45,20260828,计算机,软件开发,横向通用软件
000922.SZ,佳电股份,1015790.3196,12.18,20260828,电力设备,电机Ⅱ,电机Ⅲ
605006.SH,山东玻纤,1015696.4202,15.54,20260828,建筑材料,玻璃玻纤,玻纤制造
601330.SH,绿色动力,1015587.55,7.1,20260828,环保,环境治理,固废治理
600740.SH,山西焦化,1014599.9952,3.96,20260828,煤炭,焦炭Ⅱ,焦炭Ⅲ
002204.SZ,大连重工,1013969.25,5.25,20260828,机械设备,专用设备,能源及重型设备
688325.SH,赛微微电,1013645.9237,117.23,20260828,电子,半导体,模拟芯片设计
002668.SZ,TCL智家,1013644.159,9.35,20260828,家用电器,白色家电,冰洗
600787.SH,中储股份,1013427.1732,4.67,20260828,交通运输,物流,仓储物流
600198.SH,大唐电信,1012899.9195,7.77,20260828,通信,通信设备,通信终端及配件
603281.SH,江瀚新材,1011341.76,19.5,20260828,基础化工,化学制品,有机硅
002515.SZ,金字火腿,1010862.7735,8.35,20260828,食品饮料,食品加工,肉制品
600728.SH,佳都科技,1010852.0682,4.74,20260828,计算机,IT服务Ⅱ,IT服务Ⅲ
688231.SH,隆达股份,1010829.3259,31.63,20260828,有色金属,金属新材料,其他金属新材料
600610.SH,中毅达,1010211.9478,9.43,20260828,基础化工,化学原料,其他化学原料
000006.SZ,深振业A,1009796.26,7.48,20260828,房地产,房地产开发,住宅开发
603327.SH,福蓉科技,1008868.321,9.65,20260828,电子,消费电子,消费电子零部件及组装
600480.SH,凌云股份,1008337.5225,8.25,20260828,汽车,汽车零部件,其他汽车零部件
601801.SH,皖新传媒,1008334.568,5.15,20260828,传媒,出版,大众出版
300005.SZ,探路者,1008304.2102,11.41,20260828,纺织服饰,服装家纺,运动服装
600993.SH,马应龙,1008235.0721,23.39,20260828,医药生物,中药Ⅱ,中药Ⅲ
000403.SZ,派林生物,1006470.8466,10.59,20260828,医药生物,生物制品,血液制品
920068.BJ,天工股份,1005034.823,15.33,20260828,有色金属,小金属,其他小金属
002931.SZ,锋龙股份,1002942.081,45.9,20260828,机械设备,通用设备,金属制品
688139.SH,海尔生物,1001383.5356,31.64,20260828,医药生物,医疗器械,医疗设备
300777.SZ,中简科技,1001213.9775,22.77,20260828,国防军工,航空装备Ⅱ,航空装备Ⅲ
002361.SZ,神剑股份,1000488.82,10.52,20260828,基础化工,塑料,合成树脂
603693.SH,江苏新能,1000235.9598,11.22,20260828,公用事业,电力,风力发电
603883.SH,老百姓,1000217.2836,13.18,20260828,医药生物,医药商业,线下药店
301607.SZ,富特科技,999495.8472,42.69,20260828,汽车,汽车零部件,汽车电子电气系统
000917.SZ,电广传媒,999377.262,7.05,20260828,传媒,电视广播Ⅱ,电视广播Ⅲ
600163.SH,中闽能源,999072.9525,5.25,20260828,公用事业,电力,风力发电
600360.SH,华微电子,998707.112,10.4,20260828,电子,半导体,分立器件
002549.SZ,凯美特气,998519.5844,14.36,20260828,基础化工,化学制品,其他化学制品
601163.SH,三角轮胎,998400.0,12.48,20260828,汽车,汽车零部件,轮胎轮毂
603859.SH,能科科技,997398.2304,37.44,20260828,计算机,IT服务Ⅱ,IT服务Ⅲ
605168.SH,三人行,997375.227,47.31,20260828,传媒,广告营销,营销代理
600649.SH,城投控股,996720.32,4.0,20260828,房地产,房地产开发,住宅开发
002937.SZ,兴瑞科技,995430.555,31.5,20260828,汽车,汽车零部件,汽车电子电气系统
600718.SH,东软集团,994240.7259,8.31,20260828,计算机,IT服务Ⅱ,IT服务Ⅲ
301263.SZ,泰恩康,994132.359,19.47,20260828,医药生物,化学制药,化学制剂
603220.SH,中贝通信,993871.7446,18.53,20260828,通信,通信服务,通信工程及服务
601949.SH,中国出版,993871.3482,5.22,20260828,传媒,出版,大众出版
600037.SH,歌华有线,993729.4206,7.14,20260828,传媒,电视广播Ⅱ,电视广播Ⅲ
600507.SH,方大特钢,992357.6091,4.29,20260828,钢铁,特钢Ⅱ,特钢Ⅲ
002971.SZ,和远气体,991622.5,47.08,20260828,基础化工,化学制品,其他化学制品
300304.SZ,云意电气,991424.2373,11.29,20260828,汽车,汽车零部件,汽车电子电气系统
300842.SZ,帝科股份,990662.2743,68.19,20260828,电力设备,光伏设备,光伏辅材
600929.SH,雪天盐业,990628.4332,6.04,20260828,基础化工,化学原料,无机盐
000761.SZ,本钢板材,990122.0141,2.41,20260828,钢铁,普钢,板材
301188.SZ,力诺药包,989617.8834,36.99,20260828,医药生物,医疗器械,医疗耗材
603040.SH,新坐标,988958.4325,50.11,20260828,汽车,汽车零部件,底盘与发动机系统
300580.SZ,贝斯特,988068.9476,19.67,20260828,汽车,汽车零部件,底盘与发动机系统
601528.SH,瑞丰银行,986967.1842,5.03,20260828,银行,农商行Ⅱ,农商行Ⅲ
002041.SZ,登海种业,985600.0,11.2,20260828,农林牧渔,种植业,种子
603218.SH,日月股份,985563.1005,9.57,20260828,电力设备,风电设备,风电零部件
600033.SH,福建高速,985239.6,3.59,20260828,交通运输,铁路公路,高速公路
300790.SZ,宇瞳光学,985052.838,18.93,20260828,计算机,计算机设备,安防设备
301488.SZ,豪恩汽电,983703.19,97.0,20260828,汽车,汽车零部件,汽车电子电气系统
688543.SH,国科军工,982893.9888,39.22,20260828,国防军工,地面兵装Ⅱ,地面兵装Ⅲ
600666.SH,奥瑞德,982220.3118,3.57,20260828,电子,光学光电子,面板
002961.SZ,瑞达期货,980575.276,20.56,20260828,非银金融,多元金融,期货
300595.SZ,欧普康视,980214.8336,10.96,20260828,医药生物,医疗器械,医疗耗材
600373.SH,中文传媒,979529.7749,7.27,20260828,传媒,出版,大众出版
300483.SZ,首华燃气,979328.8811,25.43,20260828,公用事业,燃气Ⅱ,燃气Ⅲ
000536.SZ,华映科技,979175.6112,3.54,20260828,电子,光学光电子,面板
688530.SH,欧莱新材,979154.6982,61.18,20260828,电子,半导体,半导体材料
002761.SZ,浙江建投,979080.3341,7.39,20260828,建筑装饰,房屋建设Ⅱ,房屋建设Ⅲ
603360.SH,百傲化学,978119.8245,13.85,20260828,基础化工,农化制品,农药
000795.SZ,英洛华,977835.6132,8.76,20260828,有色金属,金属新材料,磁性材料
002181.SZ,粤传媒,977611.0044,8.42,20260828,传媒,出版,大众出版
603100.SH,川仪股份,977594.946,19.05,20260828,机械设备,通用设备,仪器仪表
688035.SH,德邦科技,977188.8,68.7,20260828,电子,电子化学品Ⅱ,电子化学品Ⅲ
002062.SZ,宏润建设,976206.7401,7.89,20260828,建筑装饰,基础建设,基建市政工程
301658.SZ,首航新能,975670.2592,23.66,20260828,电力设备,光伏设备,逆变器
301310.SZ,鑫宏业,975608.5092,51.09,20260828,汽车,汽车零部件,汽车电子电气系统
603027.SH,千禾味业,975431.3938,7.33,20260828,食品饮料,调味发酵品Ⅱ,调味发酵品Ⅲ
600662.SH,外服控股,975030.2037,4.27,20260828,社会服务,专业服务,人力资源服务
000401.SZ,金隅冀东,972149.802,3.66,20260828,建筑材料,水泥,水泥制造
002283.SZ,天润工业,971956.9063,8.53,20260828,汽车,汽车零部件,底盘与发动机系统
688552.SH,航天南湖,971611.488,28.81,20260828,国防军工,军工电子Ⅱ,军工电子Ⅲ
300181.SZ,佐力药业,970018.6843,13.83,20260828,医药生物,中药Ⅱ,中药Ⅲ
920116.BJ,星图测控,969003.42,43.32,20260828,计算机,IT服务Ⅱ,IT服务Ⅲ
000031.SZ,大悦城,968706.8058,2.26,20260828,房地产,房地产开发,商业地产
603300.SH,海南华铁,967607.0888,4.84,20260828,非银金融,多元金融,租赁
002293.SZ,罗莱生活,966422.8392,11.54,20260828,纺织服饰,服装家纺,家纺
301091.SZ,深城交,963340.56,18.27,20260828,建筑装饰,工程咨询服务Ⅱ,工程咨询服务Ⅲ
601828.SH,美凯龙,962165.0259,2.21,20260828,商贸零售,一般零售,商业物业经营
300596.SZ,利安隆,962106.543,41.9,20260828,基础化工,化学制品,其他化学制品
300768.SZ,迪普科技,961236.697,14.93,20260828,计算机,软件开发,横向通用软件
300740.SZ,水羊股份,959866.8186,21.82,20260828,美容护理,化妆品,品牌化妆品
603583.SH,捷昌驱动,959773.368,24.88,20260828,机械设备,自动化设备,工控设备
600328.SH,中盐化工,958966.413,6.54,20260828,基础化工,化学原料,无机盐
603690.SH,至纯科技,958176.6786,25.02,20260828,电子,半导体,半导体设备
603269.SH,海鸥股份,958055.119,22.18,20260828,机械设备,通用设备,其他通用设备
301099.SZ,雅创电子,957663.3595,50.69,20260828,电子,其他电子Ⅱ,其他电子Ⅲ
603323.SH,苏农银行,956990.5036,4.31,20260828,银行,农商行Ⅱ,农商行Ⅲ
002580.SZ,圣阳股份,956755.852,21.08,20260828,电力设备,电池,蓄电池及其他电池
000950.SZ,重药控股,955730.1798,5.58,20260828,医药生物,医药商业,医药流通
603103.SH,横店影视,955105.2,15.06,20260828,传媒,影视院线,院线
688697.SH,纽威数控,954637.6497,14.91,20260828,机械设备,通用设备,机床工具
601700.SH,风范股份,954278.6174,8.38,20260828,电力设备,电网设备,线缆部件及其他
000930.SZ,中粮科技,954211.3936,5.14,20260828,农林牧渔,农产品加工,其他农产品加工
002169.SZ,智光电气,954116.2979,12.19,20260828,电力设备,电网设备,电网自动化设备
600597.SH,光明乳业,953903.8696,6.92,20260828,食品饮料,饮料乳品,乳品
301061.SZ,匠心家居,953869.5504,33.54,20260828,轻工制造,家居用品,成品家居
002882.SZ,金龙羽,953678.7,22.03,20260828,电力设备,电网设备,线缆部件及其他
688359.SH,三孚新科,952443.3555,95.55,20260828,电子,电子化学品Ⅱ,电子化学品Ⅲ
603599.SH,广信股份,950321.1492,10.44,20260828,基础化工,农化制品,农药
002557.SZ,洽洽食品,949996.2534,18.78,20260828,食品饮料,休闲食品,零食
605318.SH,法狮龙,948876.763,75.47,20260828,建筑材料,装修建材,其他建材
301381.SZ,赛维时代,948735.7566,23.34,20260828,商贸零售,互联网电商,跨境电商
003010.SZ,若羽臣,948731.475,30.5,20260828,商贸零售,互联网电商,电商服务
601200.SH,上海环境,947746.1312,7.04,20260828,环保,环境治理,固废治理
002392.SZ,北京利尔,946440.186,7.95,20260828,建筑材料,装修建材,耐火材料
600094.SH,大名城,946254.65,4.07,20260828,房地产,房地产开发,住宅开发
688032.SH,禾迈股份,944447.482,76.12,20260828,电力设备,光伏设备,逆变器
603992.SH,松霖科技,944122.0758,21.31,20260828,轻工制造,家居用品,卫浴制品
300909.SZ,汇创达,944086.634,54.58,20260828,电子,光学光电子,面板
300499.SZ,高澜股份,943828.6712,30.92,20260828,机械设备,专用设备,其他专用设备
688262.SH,国芯科技,943823.7191,28.09,20260828,电子,半导体,数字芯片设计
600210.SH,紫江企业,941893.1802,6.21,20260828,轻工制造,包装印刷,塑料包装
000899.SZ,赣能股份,941529.077,9.65,20260828,公用事业,电力,火力发电
603125.SH,常青科技,940434.9572,23.23,20260828,基础化工,化学制品,其他化学制品
002588.SZ,史丹利,939943.872,8.16,20260828,基础化工,农化制品,复合肥
300862.SZ,蓝盾光电,939889.7289,50.91,20260828,机械设备,通用设备,仪器仪表
002017.SZ,东信和平,939719.2461,16.19,20260828,通信,通信设备,通信终端及配件
600307.SH,酒钢宏兴,939503.61,1.5,20260828,钢铁,普钢,板材
688611.SH,杭州柯林,936443.508,61.05,20260828,电力设备,电网设备,电网自动化设备
301078.SZ,孩子王,935783.946,7.4,20260828,商贸零售,专业连锁Ⅱ,专业连锁Ⅲ
002061.SZ,浙江交科,935675.808,3.54,20260828,建筑装饰,基础建设,基建市政工程
000756.SZ,新华制药,935645.8062,13.43,20260828,医药生物,化学制药,原料药
301251.SZ,威尔高,935089.3719,49.59,20260828,电子,元件,印制电路板
001914.SZ,招商积余,934649.5513,8.87,20260828,房地产,房地产服务,物业管理
688337.SH,普源精电,932437.4488,42.64,20260828,机械设备,通用设备,仪器仪表
002190.SZ,成飞集成,932337.4507,25.99,20260828,汽车,汽车零部件,其他汽车零部件
300846.SZ,首都在线,931398.1414,18.47,20260828,计算机,IT服务Ⅱ,IT服务Ⅲ
000516.SZ,国际医学,931381.0688,4.16,20260828,医药生物,医疗服务,医院
300035.SZ,中科电气,930809.4586,13.58,20260828,电力设备,电池,电池化学品
002639.SZ,雪人集团,930633.961,11.94,20260828,机械设备,通用设备,制冷空调设备
600997.SH,开滦股份,930450.7414,5.86,20260828,煤炭,煤炭开采,焦煤
300938.SZ,信测标准,930212.398,27.29,20260828,社会服务,专业服务,检测服务
601860.SH,紫金银行,929920.4922,2.54,20260828,银行,农商行Ⅱ,农商行Ⅲ
600133.SH,东湖高新,929761.1928,8.72,20260828,环保,环境治理,综合环境治理
000420.SZ,吉林化纤,929452.2174,3.78,20260828,基础化工,化学纤维,粘胶
605123.SH,派克新材,928169.094,76.6,20260828,国防军工,航空装备Ⅱ,航空装备Ⅲ
603538.SH,美诺华,928003.986,27.3,20260828,医药生物,化学制药,原料药
688239.SH,航宇科技,927836.4607,48.6,20260828,国防军工,航空装备Ⅱ,航空装备Ⅲ
601579.SH,会稽山,926802.7522,19.33,20260828,食品饮料,非白酒,其他酒类
002891.SZ,中宠股份,925777.7852,28.76,20260828,农林牧渔,饲料,宠物食品
002426.SZ,胜利精密,925514.272,2.72,20260828,电子,消费电子,消费电子零部件及组装
301209.SZ,联合化学,924336.0,58.95,20260828,基础化工,化学制品,涂料油墨
300497.SZ,富祥股份,924321.684,17.16,20260828,医药生物,化学制药,原料药
002345.SZ,潮宏基,924053.208,10.4,20260828,纺织服饰,饰品,钟表珠宝
688376.SH,美埃科技,924040.9808,68.32,20260828,环保,环保设备Ⅱ,环保设备Ⅲ
688698.SH,伟创电气,923997.6604,42.97,20260828,机械设备,自动化设备,工控设备
002221.SZ,东华能源,923610.8908,5.86,20260828,石油石化,炼化及贸易,其他石化
600782.SH,新钢股份,923366.409,2.9,20260828,钢铁,普钢,板材
300415.SZ,伊之密,923067.14,19.7,20260828,机械设备,专用设备,其他专用设备
605319.SH,无锡振华,921807.8234,26.33,20260828,汽车,汽车零部件,其他汽车零部件
002309.SZ,中利集团,920345.6124,3.06,20260828,电力设备,电网设备,线缆部件及其他
600645.SH,中源协和,919519.5885,19.65,20260828,医药生物,医疗器械,体外诊断
301662.SZ,宏工科技,917212.0,79.07,20260828,电力设备,电池,锂电专用设备
002705.SZ,新宝股份,916607.7782,11.29,20260828,家用电器,小家电,厨房小家电
603995.SH,甬金股份,915568.721,25.18,20260828,钢铁,特钢Ⅱ,特钢Ⅲ
301584.SZ,建发致新,915459.9105,21.73,20260828,医药生物,医药商业,医药流通
002511.SZ,中顺洁柔,914732.9604,7.14,20260828,美容护理,个护用品,生活用纸
600251.SH,冠农股份,914521.4672,11.77,20260828,农林牧渔,农产品加工,果蔬加工
000823.SZ,超声电子,914445.6813,15.37,20260828,电子,元件,印制电路板
600604.SH,市北高新,914172.7424,4.88,20260828,房地产,房地产开发,产业地产
603890.SH,春秋电子,914104.7455,18.16,20260828,电子,消费电子,消费电子零部件及组装
300072.SZ,海新能科,914041.1967,3.89,20260828,基础化工,化学制品,其他化学制品
301421.SZ,波长光电,913940.764,78.98,20260828,电子,光学光电子,光学元件
002239.SZ,奥特佳,913508.674,2.6,20260828,汽车,汽车零部件,汽车电子电气系统
605298.SH,必得科技,912951.0,48.6,20260828,机械设备,轨交设备Ⅱ,轨交设备Ⅲ
300624.SZ,万兴科技,912934.0086,47.22,20260828,计算机,软件开发,横向通用软件
002243.SZ,力合科创,912795.5668,7.54,20260828,社会服务,专业服务,其他专业服务
301013.SZ,利和兴,912766.415,39.05,20260828,机械设备,专用设备,其他专用设备
002346.SZ,柘中股份,911853.201,20.65,20260828,电力设备,电网设备,配电设备
688586.SH,江航装备,910831.4192,11.51,20260828,国防军工,航空装备Ⅱ,航空装备Ⅲ
600751.SH,海航科技,910392.0692,3.14,20260828,交通运输,航运港口,航运
688068.SH,热景生物,908990.18,98.0,20260828,医药生物,医疗器械,体外诊断
300420.SZ,五洋自控,907619.8668,8.13,20260828,机械设备,通用设备,其他通用设备
688669.SH,聚石化学,907573.084,74.8,20260828,基础化工,塑料,改性塑料
002960.SZ,青鸟智控,906211.842,8.6,20260828,机械设备,专用设备,楼宇设备
600481.SH,双良节能,906184.3707,4.39,20260828,电力设备,光伏设备,硅料硅片
000049.SZ,德赛电池,905054.6258,23.53,20260828,电力设备,电池,锂电池
600185.SH,珠免集团,904802.784,4.8,20260828,商贸零售,旅游零售Ⅱ,旅游零售Ⅲ
605016.SH,百龙创园,902606.4327,21.49,20260828,基础化工,化学制品,食品及饲料添加剂
002943.SZ,宇晶股份,902172.516,33.81,20260828,机械设备,通用设备,机床工具
300188.SZ,国投智能,901591.6877,10.49,20260828,计算机,软件开发,垂直应用软件
603533.SH,掌阅科技,901494.0272,20.54,20260828,传媒,数字媒体,文字媒体
600269.SH,赣粤高速,901467.102,3.86,20260828,交通运输,铁路公路,高速公路
002565.SZ,顺灏股份,900990.65,8.5,20260828,轻工制造,包装印刷,纸包装
002004.SZ,华邦健康,900863.236,4.55,20260828,医药生物,化学制药,化学制剂
688289.SH,圣湘生物,900352.5948,15.66,20260828,医药生物,医疗器械,体外诊断
603319.SH,美湖股份,899085.8547,26.51,20260828,汽车,汽车零部件,底盘与发动机系统
002970.SZ,锐明技术,898526.774,48.74,20260828,计算机,计算机设备,其他计算机设备
600273.SH,嘉化能源,898246.7335,6.85,20260828,基础化工,化学制品,其他化学制品
000829.SZ,天音控股,897988.038,8.76,20260828,商贸零售,专业连锁Ⅱ,专业连锁Ⅲ
603915.SH,国茂股份,896966.1975,13.43,20260828,机械设备,通用设备,金属制品
300276.SZ,三丰智能,896667.52,6.4,20260828,机械设备,自动化设备,机器人
688160.SH,步科股份,896645.416,98.3,20260828,机械设备,自动化设备,工控设备
300298.SZ,三诺生物,895408.2072,16.08,20260828,医药生物,医疗器械,医疗设备
002351.SZ,漫步者,894441.642,10.06,20260828,电子,消费电子,品牌消费电子
605255.SH,天普股份,894313.6,66.7,20260828,汽车,汽车零部件,底盘与发动机系统
002277.SZ,友阿股份,893664.7648,6.41,20260828,商贸零售,一般零售,百货
002759.SZ,天际股份,892461.028,17.8,20260828,电力设备,电池,电池化学品
301189.SZ,奥尼电子,892001.64,54.51,20260828,电子,消费电子,品牌消费电子
000059.SZ,华锦股份,890889.5282,5.57,20260828,石油石化,炼化及贸易,炼油化工
300486.SZ,东杰智能,888451.2518,18.62,20260828,机械设备,自动化设备,其他自动化设备
688443.SH,智翔金泰-U,888098.96,24.22,20260828,医药生物,生物制品,其他生物制品
002985.SZ,北摩高科,888040.2336,26.76,20260828,国防军工,航空装备Ⅱ,航空装备Ⅲ
600020.SH,中原高速,887711.861,3.95,20260828,交通运输,铁路公路,高速公路
688261.SH,东微半导,887706.6814,72.38,20260828,电子,半导体,分立器件
600266.SH,城建发展,886342.4745,4.27,20260828,房地产,房地产开发,住宅开发
300031.SZ,宝通科技,886068.0172,21.16,20260828,传媒,游戏Ⅱ,游戏Ⅲ
001208.SZ,华菱线缆,885392.1435,13.87,20260828,电力设备,电网设备,线缆部件及其他
300145.SZ,南方泵业,885231.6081,4.61,20260828,机械设备,通用设备,其他通用设备
688128.SH,中国电研,885046.0,21.88,20260828,机械设备,专用设备,其他专用设备
603712.SH,七一二,884712.0,11.46,20260828,国防军工,军工电子Ⅱ,军工电子Ⅲ
000848.SZ,承德露露,884340.0867,8.67,20260828,食品饮料,饮料乳品,软饮料
301617.SZ,博苑新材,884122.148,50.89,20260828,基础化工,化学制品,其他化学制品
000058.SZ,深赛格,884002.1026,7.18,20260828,商贸零售,一般零售,商业物业经营
002651.SZ,利君股份,883608.3,8.55,20260828,国防军工,航空装备Ⅱ,航空装备Ⅲ
600757.SH,长江传媒,883537.4184,7.28,20260828,传媒,出版,教育出版
600775.SH,南京熊猫,882767.991,9.66,20260828,通信,通信设备,通信终端及配件
600017.SH,日照港,882712.6693,2.87,20260828,交通运输,航运港口,港口
300634.SZ,彩讯股份,882117.3095,19.55,20260828,计算机,IT服务Ⅱ,IT服务Ⅲ
002579.SZ,中京电子,880945.6906,14.38,20260828,电子,元件,印制电路板
688083.SH,中望软件,880294.1318,51.89,20260828,计算机,软件开发,垂直应用软件
688190.SH,云路股份,879720.0,73.31,20260828,有色金属,金属新材料,其他金属新材料
603112.SH,华翔股份,879597.1206,16.29,20260828,家用电器,家电零部件Ⅱ,家电零部件Ⅲ
600874.SH,创业环保,879434.136,5.6,20260828,环保,环境治理,水务及水治理
688161.SH,威高骨科,878400.0,21.96,20260828,医药生物,医疗器械,医疗耗材
002368.SZ,太极股份,878132.7608,14.09,20260828,计算机,IT服务Ⅱ,IT服务Ⅲ
688739.SH,成大生物,877876.6,21.08,20260828,医药生物,生物制品,疫苗
301248.SZ,杰创智能,877655.55,57.1,20260828,计算机,IT服务Ⅱ,IT服务Ⅲ
301600.SZ,慧翰股份,877579.306,83.96,20260828,计算机,计算机设备,其他计算机设备
002099.SZ,海翔药业,877343.6671,5.42,20260828,医药生物,化学制药,原料药
600376.SH,首开股份,877052.168,3.4,20260828,房地产,房地产开发,住宅开发
601311.SH,骆驼股份,876340.1367,7.47,20260828,电力设备,电池,蓄电池及其他电池
603612.SH,索通发展,875169.6065,17.57,20260828,基础化工,非金属材料Ⅱ,非金属材料Ⅲ
603687.SH,大胜达,874550.721,15.9,20260828,轻工制造,包装印刷,纸包装
600399.SH,抚顺特钢,873640.3,4.43,20260828,钢铁,特钢Ⅱ,特钢Ⅲ
605488.SH,福莱新材,872965.953,29.1,20260828,基础化工,塑料,膜材料
002119.SZ,康强电子,872535.3,23.25,20260828,电子,半导体,半导体材料
600313.SH,农发种业,871030.5,7.5,20260828,农林牧渔,种植业,种子
688381.SH,帝奥微,870705.0,35.18,20260828,电子,半导体,模拟芯片设计
688628.SH,优利德,870334.3012,77.87,20260828,机械设备,通用设备,仪器仪表
002053.SZ,云南能投,870089.3775,9.45,20260828,公用事业,电力,风力发电
002208.SZ,合肥城建,868358.5439,10.81,20260828,房地产,房地产开发,住宅开发
002730.SZ,电光科技,867543.4404,23.96,20260828,机械设备,专用设备,能源及重型设备
300440.SZ,运达科技,866598.6487,19.61,20260828,计算机,IT服务Ⅱ,IT服务Ⅲ
301155.SZ,海力风电,865869.9462,39.83,20260828,电力设备,风电设备,风电零部件
301522.SZ,上大股份,865333.8109,23.27,20260828,有色金属,金属新材料,其他金属新材料
002233.SZ,塔牌集团,864174.768,7.36,20260828,建筑材料,水泥,水泥制造
300741.SZ,华宝股份,864079.7803,14.03,20260828,基础化工,化学制品,食品及饲料添加剂
600103.SH,青山纸业,862718.2795,3.85,20260828,轻工制造,造纸,特种纸
002332.SZ,仙琚制药,862586.6728,8.72,20260828,医药生物,化学制药,原料药
002550.SZ,千红制药,862585.2,6.74,20260828,医药生物,化学制药,化学制剂
603169.SH,兰石重装,862152.588,6.6,20260828,机械设备,专用设备,能源及重型设备
603299.SH,苏盐井神,862148.1897,9.03,20260828,基础化工,化学原料,无机盐
600729.SH,重百集团,860645.162,19.54,20260828,商贸零售,一般零售,多业态零售
600973.SH,宝胜股份,859846.6074,6.27,20260828,电力设备,电网设备,线缆部件及其他
002803.SZ,吉宏股份,859051.9168,18.76,20260828,商贸零售,互联网电商,跨境电商
301328.SZ,维峰电子,857439.2117,53.81,20260828,电子,其他电子Ⅱ,其他电子Ⅲ
000980.SZ,众泰汽车,857233.109,1.7,20260828,汽车,汽车零部件,汽车电子电气系统
301357.SZ,北方长龙,856704.8,89.99,20260828,国防军工,地面兵装Ⅱ,地面兵装Ⅲ
603418.SH,友升股份,856644.4908,44.37,20260828,汽车,汽车零部件,车身附件及饰件
000751.SZ,锌业股份,856284.218,5.3,20260828,有色金属,工业金属,铅锌
688351.SH,微电生理,856021.4,18.19,20260828,医药生物,医疗器械,医疗耗材
002115.SZ,三维通信,855754.6499,10.63,20260828,通信,通信服务,通信工程及服务
300151.SZ,昌红科技,855742.7665,16.07,20260828,机械设备,专用设备,其他专用设备
603919.SH,金徽酒,853211.32,16.82,20260828,食品饮料,白酒Ⅱ,白酒Ⅲ
301191.SZ,菲菱科思,853178.085,88.05,20260828,通信,通信设备,通信终端及配件
003040.SZ,楚天龙,853101.6,18.5,20260828,通信,通信设备,通信终端及配件
600996.SH,贵广网络,852811.1316,6.84,20260828,传媒,电视广播Ⅱ,电视广播Ⅲ
001233.SZ,海安集团,850641.8742,45.74,20260828,汽车,汽车零部件,轮胎轮毂
688456.SH,有研粉材,850633.96,82.06,20260828,有色金属,金属新材料,其他金属新材料
300739.SZ,明阳电路,849610.58,22.75,20260828,电子,元件,印制电路板
002079.SZ,苏州固锝,849436.7475,9.35,20260828,电力设备,电池,电池化学品
688505.SH,复旦张江,848952.5499,8.19,20260828,医药生物,化学制药,化学制剂
603057.SH,紫燕食品,848079.945,20.43,20260828,食品饮料,休闲食品,熟食
603072.SH,天和磁材,847017.4,32.05,20260828,有色金属,金属新材料,磁性材料
600812.SH,华北制药,845855.0872,4.93,20260828,医药生物,化学制药,化学制剂
600936.SH,北投科技,845539.2572,5.06,20260828,传媒,电视广播Ⅱ,电视广播Ⅲ
603055.SH,台华新材,844888.7213,9.49,20260828,纺织服饰,纺织制造,其他纺织
301376.SZ,致欧科技,844782.431,20.99,20260828,轻工制造,家居用品,成品家居
300053.SZ,航宇微,844611.6516,12.12,20260828,电子,半导体,数字芯片设计
600567.SH,山鹰国际,843942.3016,1.36,20260828,轻工制造,造纸,大宗用纸
000019.SZ,深粮控股,843655.8396,7.32,20260828,农林牧渔,农产品加工,粮油加工
600640.SH,国脉文化,842210.5832,10.64,20260828,传媒,数字媒体,其他数字媒体
603045.SH,福达合金,842198.2536,62.18,20260828,有色金属,金属新材料,其他金属新材料
603202.SH,天有为,841920.0,52.62,20260828,汽车,汽车零部件,汽车电子电气系统
300180.SZ,华峰超纤,841786.7278,4.78,20260828,基础化工,塑料,其他塑料制品
000676.SZ,智度股份,840279.3964,6.67,20260828,传媒,广告营销,营销代理
600478.SH,科力远,840183.7744,4.96,20260828,电力设备,电池,锂电池
002681.SZ,奋达科技,839897.2296,4.68,20260828,电子,消费电子,消费电子零部件及组装
603227.SH,雪峰科技,839135.3841,7.83,20260828,基础化工,化学制品,民爆制品
601890.SH,亚星锚链,838515.6,8.74,20260828,国防军工,航海装备Ⅱ,航海装备Ⅲ
600935.SH,华塑股份,837573.954,2.33,20260828,基础化工,化学原料,氯碱
603608.SH,天创时尚,837308.509,19.7,20260828,纺织服饰,服装家纺,鞋帽及其他
688091.SH,上海谊众,837149.742,40.5,20260828,医药生物,化学制药,化学制剂
603271.SH,永杰新材,836922.24,42.24,20260828,有色金属,工业金属,铝
600075.SH,新疆天业,836820.677,4.9,20260828,基础化工,化学原料,氯碱
603248.SH,锡华科技,836280.0,18.18,20260828,电力设备,风电设备,风电零部件
300766.SZ,每日互动,836079.8646,21.18,20260828,计算机,软件开发,横向通用软件
301179.SZ,泽宇智能,835505.895,20.66,20260828,电力设备,电网设备,电网自动化设备
600746.SH,江苏索普,835007.6735,7.15,20260828,基础化工,化学原料,煤化工
600054.SH,黄山旅游,834410.0336,11.44,20260828,社会服务,旅游及景区,自然景区
688789.SH,宏华数科,834225.2308,46.28,20260828,机械设备,专用设备,纺织服装设备
605222.SH,起帆电缆,834073.756,20.2,20260828,电力设备,电网设备,线缆部件及其他
301175.SZ,中科环保,833084.08,5.66,20260828,环保,环境治理,固废治理
000722.SZ,湖南发展,833005.7988,13.02,20260828,公用事业,电力,水力发电
688165.SH,埃夫特-U,832760.88,15.96,20260828,机械设备,自动化设备,机器人
301225.SZ,恒勃股份,832564.7316,57.78,20260828,汽车,汽车零部件,底盘与发动机系统
600693.SH,东百集团,831573.0628,9.56,20260828,商贸零售,一般零售,百货
600556.SH,天下秀,831563.896,4.6,20260828,传媒,广告营销,营销代理
603193.SH,润本股份,831439.2315,20.55,20260828,美容护理,个护用品,洗护用品
002121.SZ,科陆电子,829585.1016,4.96,20260828,电力设备,电网设备,电工仪器仪表
300633.SZ,开立医疗,829282.8,19.52,20260828,医药生物,医疗器械,医疗设备
300516.SZ,久之洋,829080.0,32.9,20260828,电子,其他电子Ⅱ,其他电子Ⅲ
600389.SH,江山股份,829001.25,19.25,20260828,基础化工,农化制品,农药
605008.SH,长鸿高科,826831.872,12.8,20260828,基础化工,塑料,其他塑料制品
300327.SZ,中颖电子,826798.6244,24.22,20260828,电子,半导体,数字芯片设计
603196.SH,璞源材料,826070.4375,19.73,20260828,纺织服饰,服装家纺,非运动服装
920599.BJ,同力股份,826069.65,17.86,20260828,机械设备,工程机械,工程机械整机
002104.SZ,恒宝股份,825936.3332,11.66,20260828,通信,通信设备,通信终端及配件
002039.SZ,黔源电力,825614.6911,19.31,20260828,公用事业,电力,水力发电
688252.SH,天德钰,825404.9834,20.18,20260828,电子,半导体,数字芯片设计
002075.SZ,沙钢股份,824878.3504,3.76,20260828,钢铁,特钢Ⅱ,特钢Ⅲ
603809.SH,豪能股份,824578.7648,8.96,20260828,汽车,汽车零部件,底盘与发动机系统
001323.SZ,慕思股份,824042.8458,18.94,20260828,轻工制造,家居用品,成品家居
002533.SZ,金杯电工,823481.9142,11.22,20260828,电力设备,电网设备,线缆部件及其他
605116.SH,奥锐特,823333.3464,20.27,20260828,医药生物,化学制药,原料药
603508.SH,思维列控,822027.6064,21.56,20260828,计算机,计算机设备,安防设备
301565.SZ,中仑新材,822020.55,20.55,20260828,基础化工,塑料,膜材料
600686.SH,金龙汽车,821019.273,11.45,20260828,汽车,商用车,商用载客车
002125.SZ,湘潭电化,820268.3387,13.03,20260828,电力设备,电池,电池化学品
600363.SH,联创光电,820166.1815,18.19,20260828,电子,消费电子,消费电子零部件及组装
301580.SZ,爱迪特,820099.6288,54.97,20260828,医药生物,医疗器械,医疗耗材
300045.SZ,华力创通,819729.2224,12.37,20260828,国防军工,军工电子Ⅱ,军工电子Ⅲ
300109.SZ,新开源,819713.2286,14.21,20260828,基础化工,化学制品,其他化学制品
002173.SZ,创新医疗,819464.9451,18.57,20260828,医药生物,医疗服务,医院
603363.SH,傲农生物,819318.57,3.0,20260828,农林牧渔,饲料,畜禽饲料
002150.SZ,正泰电源,819172.176,22.7,20260828,机械设备,通用设备,金属制品
000818.SZ,航锦科技,819060.0,12.41,20260828,基础化工,化学原料,氯碱
000533.SZ,顺钠股份,817926.144,11.84,20260828,电力设备,电网设备,输变电设备
002212.SZ,天融信,817361.5381,6.93,20260828,计算机,软件开发,横向通用软件
300348.SZ,长亮科技,817248.5458,10.06,20260828,计算机,软件开发,垂直应用软件
600683.SH,京投发展,817077.6928,11.03,20260828,房地产,房地产开发,住宅开发
601929.SH,吉视传媒,816610.4388,2.34,20260828,传媒,电视广播Ⅱ,电视广播Ⅲ
301413.SZ,安培龙,814735.153,59.3,20260828,机械设备,通用设备,仪器仪表
002965.SZ,祥鑫科技,814717.521,30.7,20260828,汽车,汽车零部件,其他汽车零部件
000026.SZ,飞亚达,814368.5487,20.07,20260828,纺织服饰,饰品,钟表珠宝
002721.SZ,金一文化,813769.8516,3.06,20260828,纺织服饰,饰品,钟表珠宝
300101.SZ,振芯科技,813240.9624,14.32,20260828,国防军工,军工电子Ⅱ,军工电子Ⅲ
002824.SZ,和胜股份,813094.5264,26.13,20260828,有色金属,工业金属,铝
688416.SH,恒烁股份,812881.0745,75.35,20260828,电子,半导体,数字芯片设计
002488.SZ,金固股份,812278.3056,8.16,20260828,汽车,汽车零部件,轮胎轮毂
300129.SZ,泰胜风能,811680.6156,7.32,20260828,电力设备,风电设备,风电零部件
603163.SH,圣晖集成,811600.0,81.16,20260828,建筑装饰,专业工程,其他专业工程
000593.SZ,德龙汇能,811581.953,22.63,20260828,公用事业,燃气Ⅱ,燃气Ⅲ
300098.SZ,高新兴,811544.3341,4.67,20260828,通信,通信设备,通信网络设备及器件
301160.SZ,翔楼新材,811244.5084,48.66,20260828,钢铁,特钢Ⅱ,特钢Ⅲ
000859.SZ,国风新材,810858.5515,9.05,20260828,基础化工,塑料,膜材料
002928.SZ,华夏航空,810405.1744,6.34,20260828,交通运输,航空机场,航空运输
001236.SZ,弘业期货,810253.3512,8.04,20260828,非银金融,多元金融,期货
300127.SZ,银河磁体,810127.7741,25.07,20260828,有色金属,金属新材料,磁性材料
300322.SZ,硕贝德,810127.2702,17.61,20260828,电子,消费电子,消费电子零部件及组装
603680.SH,今创集团,809581.5204,10.33,20260828,机械设备,轨交设备Ⅱ,轨交设备Ⅲ
300337.SZ,银邦股份,807975.5495,9.83,20260828,有色金属,工业金属,铝
688227.SH,品高股份,807893.1738,71.46,20260828,计算机,IT服务Ⅱ,IT服务Ⅲ
301280.SZ,珠城科技,807714.0996,42.18,20260828,家用电器,家电零部件Ⅱ,家电零部件Ⅲ
920077.BJ,吉林碳谷,806666.0377,13.76,20260828,基础化工,化学纤维,其他化学纤维
300401.SZ,花园生物,806328.568,14.8,20260828,医药生物,化学制药,原料药
301631.SZ,壹连科技,806276.52,63.0,20260828,汽车,汽车零部件,汽车电子电气系统
002785.SZ,万里石,806086.2729,35.57,20260828,建筑材料,装修建材,其他建材
603395.SH,红四方,806000.0,31.0,20260828,基础化工,农化制品,复合肥
002833.SZ,弘亚数控,805792.8966,18.78,20260828,机械设备,专用设备,其他专用设备
002445.SZ,中南文化,805669.9425,3.39,20260828,机械设备,通用设备,金属制品
301551.SZ,无线传媒,805620.14,20.14,20260828,传媒,电视广播Ⅱ,电视广播Ⅲ
002631.SZ,德尔未来,805255.729,10.1,20260828,轻工制造,家居用品,瓷砖地板
600841.SH,动力新科,804936.644,5.8,20260828,汽车,汽车零部件,底盘与发动机系统
300252.SZ,金信诺,804635.5464,11.76,20260828,国防军工,军工电子Ⅱ,军工电子Ⅲ
002818.SZ,富森美,804593.3175,10.75,20260828,商贸零售,一般零售,商业物业经营
300119.SZ,瑞普生物,804025.804,17.3,20260828,农林牧渔,动物保健Ⅱ,动物保健Ⅲ
603257.SH,中国瑞林,804000.0,67.0,20260828,建筑装饰,工程咨询服务Ⅱ,工程咨询服务Ⅲ
001285.SZ,瑞立科密,803359.39,44.5,20260828,汽车,汽车零部件,底盘与发动机系统
301070.SZ,开勒股份,801712.1376,63.54,20260828,机械设备,通用设备,制冷空调设备
300192.SZ,科德教育,800871.6166,17.38,20260828,社会服务,教育,培训教育
002516.SZ,旷达科技,800136.2528,5.44,20260828,汽车,汽车零部件,车身附件及饰件
002941.SZ,新疆交建,799807.3152,10.96,20260828,建筑装饰,基础建设,基建市政工程
688678.SH,福立旺,798957.083,19.82,20260828,电子,消费电子,消费电子零部件及组装
002272.SZ,川润股份,797623.1585,16.45,20260828,机械设备,通用设备,其他通用设备
301559.SZ,中集环科,796800.0,13.28,20260828,机械设备,通用设备,金属制品
301680.SZ,固德电材,796536.0,96.2,20260828,汽车,汽车零部件,其他汽车零部件
002955.SZ,鸿合科技,795819.9837,33.63,20260828,电子,光学光电子,面板
603477.SH,巨星农牧,794929.0285,15.2,20260828,农林牧渔,养殖业,生猪养殖
600502.SH,安徽建工,794755.1957,4.63,20260828,建筑装饰,基础建设,基建市政工程
600736.SH,苏州高新,794392.101,6.9,20260828,房地产,房地产开发,住宅开发
300222.SZ,科大智能,793954.518,10.15,20260828,电力设备,电网设备,电网自动化设备
301228.SZ,实朴检测,793800.0,66.15,20260828,社会服务,专业服务,检测服务
300042.SZ,朗科科技,793584.396,39.6,20260828,计算机,计算机设备,其他计算机设备
601089.SH,福元医药,792000.0,16.5,20260828,医药生物,化学制药,化学制剂
002303.SZ,美盈森,791694.3529,5.17,20260828,轻工制造,包装印刷,纸包装
002350.SZ,北京科锐,791261.4411,14.59,20260828,电力设备,电网设备,配电设备
600815.SH,厦工股份,791246.147,4.46,20260828,机械设备,工程机械,工程机械整机
605333.SH,沪光股份,790260.8012,17.03,20260828,汽车,汽车零部件,汽车电子电气系统
601388.SH,怡球资源,790238.9134,3.59,20260828,有色金属,工业金属,铝
002030.SZ,达安基因,790140.098,5.63,20260828,医药生物,医疗器械,体外诊断
301246.SZ,宏源药业,790013.43,19.75,20260828,医药生物,化学制药,原料药
000860.SZ,顺鑫农业,789240.088,10.64,20260828,食品饮料,白酒Ⅱ,白酒Ⅲ
600789.SH,鲁抗医药,789118.299,7.55,20260828,医药生物,化学制药,化学制剂
000017.SZ,深中华A,789116.7105,11.45,20260828,纺织服饰,饰品,钟表珠宝
603043.SH,广州酒家,789065.568,13.95,20260828,食品饮料,休闲食品,烘焙食品
688717.SH,艾罗能源,788960.0,49.31,20260828,电力设备,光伏设备,逆变器
688522.SH,纳睿雷达,788719.05,18.6,20260828,国防军工,军工电子Ⅱ,军工电子Ⅲ
000885.SZ,城发环境,787830.0741,12.27,20260828,环保,环境治理,固废治理
600129.SH,太极集团,787425.1896,14.28,20260828,医药生物,中药Ⅱ,中药Ⅲ
002097.SZ,山河智能,786619.7904,7.32,20260828,机械设备,工程机械,工程机械整机
300706.SZ,阿石创,786566.4649,51.23,20260828,电子,半导体,半导体材料
688011.SH,新光光电,786050.0,79.0,20260828,国防军工,军工电子Ⅱ,军工电子Ⅲ
605100.SH,华丰股份,785904.336,32.88,20260828,机械设备,通用设备,金属制品
603399.SH,永杉锂业,783804.618,15.3,20260828,有色金属,能源金属,锂
002386.SZ,天原股份,783591.5542,6.02,20260828,基础化工,化学原料,氯碱
002219.SZ,新里程,783586.2259,2.27,20260828,医药生物,医疗服务,医院
688293.SH,奥浦迈,783490.042,55.1,20260828,医药生物,生物制品,其他生物制品
300700.SZ,岱勒新材,783338.0197,19.73,20260828,机械设备,通用设备,磨具磨料
603053.SH,成都燃气,783112.09,8.81,20260828,公用事业,燃气Ⅱ,燃气Ⅲ
002267.SZ,陕天然气,782901.0816,7.04,20260828,公用事业,燃气Ⅱ,燃气Ⅲ
000989.SZ,九芝堂,782331.0794,9.14,20260828,医药生物,中药Ⅱ,中药Ⅲ
301176.SZ,逸豪新材,781426.2874,46.22,20260828,电子,元件,印制电路板
301321.SZ,翰博高新,780976.215,41.89,20260828,电子,光学光电子,面板
603033.SH,三维股份,780590.7695,7.57,20260828,基础化工,橡胶,其他橡胶制品
603219.SH,富佳股份,780346.0,13.9,20260828,家用电器,小家电,清洁小家电
601015.SH,陕西黑猫,780234.0832,3.82,20260828,煤炭,焦炭Ⅱ,焦炭Ⅲ
300227.SZ,光韵达,779851.6608,13.09,20260828,机械设备,自动化设备,激光设备
000650.SZ,仁和药业,779765.5774,5.57,20260828,医药生物,中药Ⅱ,中药Ⅲ
600335.SH,国机汽车,779427.4156,5.24,20260828,汽车,汽车服务,汽车经销商
600055.SH,万东医疗,778991.6988,11.08,20260828,医药生物,医疗器械,医疗设备
688328.SH,深科达,778319.912,82.4,20260828,机械设备,专用设备,其他专用设备
603075.SH,热威股份,778243.3406,19.34,20260828,家用电器,家电零部件Ⅱ,家电零部件Ⅲ
002572.SZ,索菲亚,778142.1376,8.08,20260828,轻工制造,家居用品,定制家居
688486.SH,龙迅股份,777944.8056,41.63,20260828,电子,半导体,数字芯片设计
300770.SZ,新媒股份,776929.626,34.1,20260828,传媒,电视广播Ⅱ,电视广播Ⅲ
688720.SH,艾森股份,776666.454,63.33,20260828,电子,半导体,半导体材料
688050.SH,爱博医疗,776265.4901,40.13,20260828,医药生物,医疗器械,医疗耗材
300709.SZ,精研科技,776064.9204,41.58,20260828,电子,消费电子,消费电子零部件及组装
301262.SZ,海看股份,776037.0,18.61,20260828,传媒,电视广播Ⅱ,电视广播Ⅲ
600657.SH,信达地产,775710.9792,2.72,20260828,房地产,房地产开发,住宅开发
601686.SH,友发集团,775177.9852,5.24,20260828,钢铁,普钢,钢铁管材
603123.SH,翠微股份,774774.502,9.7,20260828,商贸零售,一般零售,百货
688691.SH,灿芯股份,774120.0,64.51,20260828,电子,半导体,集成电路制造
601226.SH,华电科工,774040.9842,6.66,20260828,建筑装饰,专业工程,其他专业工程
003009.SZ,中天火箭,773842.3452,46.98,20260828,国防军工,航天装备Ⅱ,航天装备Ⅲ
600227.SH,赤天化,773437.2866,4.58,20260828,基础化工,农化制品,氮肥
688439.SH,振华风光,773000.0,38.65,20260828,国防军工,军工电子Ⅱ,军工电子Ⅲ
600698.SH,湖南天雁,772625.0571,7.23,20260828,汽车,汽车零部件,底盘与发动机系统
603181.SH,皇马科技,772374.4,13.12,20260828,基础化工,化学制品,其他化学制品
000498.SZ,山东路桥,771563.674,4.97,20260828,建筑装饰,基础建设,基建市政工程
688177.SH,百奥泰,771431.04,18.63,20260828,医药生物,生物制品,其他生物制品
300482.SZ,万孚生物,770942.2536,16.47,20260828,医药生物,医疗器械,体外诊断
002892.SZ,科力尔,770860.6906,9.13,20260828,电力设备,电机Ⅱ,电机Ⅲ
002734.SZ,利民股份,770860.1909,16.2,20260828,基础化工,农化制品,农药
600682.SH,南京新百,770760.7506,5.73,20260828,综合,综合Ⅱ,综合Ⅲ
600545.SH,卓郎智能,770590.1582,4.31,20260828,机械设备,专用设备,纺织服装设备
001237.SZ,惠康科技,770092.1174,51.91,20260828,机械设备,通用设备,制冷空调设备
001298.SZ,好上好,769874.92,17.8,20260828,电子,其他电子Ⅱ,其他电子Ⅲ
301069.SZ,凯盛新材,769489.7916,16.98,20260828,基础化工,化学原料,其他化学原料
688513.SH,苑东生物,769327.7634,43.58,20260828,医药生物,化学制药,化学制剂
605128.SH,上海沿浦,769267.415,24.5,20260828,汽车,汽车零部件,车身附件及饰件
300872.SZ,天阳科技,768790.7325,15.75,20260828,计算机,IT服务Ⅱ,IT服务Ⅲ
300772.SZ,运达股份,768750.2029,9.77,20260828,电力设备,风电设备,风电整机
603013.SH,亚普股份,768428.0352,15.12,20260828,汽车,汽车零部件,底盘与发动机系统
600117.SH,西宁特钢,768207.1164,2.36,20260828,钢铁,特钢Ⅱ,特钢Ⅲ
600252.SH,中恒集团,767383.3071,2.41,20260828,医药生物,中药Ⅱ,中药Ⅲ
603333.SH,尚纬股份,766771.1835,10.29,20260828,电力设备,电网设备,线缆部件及其他
600078.SH,澄星股份,766659.7512,11.28,20260828,基础化工,农化制品,磷肥及磷化工
605133.SH,嵘泰股份,765963.6435,26.85,20260828,汽车,汽车零部件,底盘与发动机系统
603200.SH,上海洗霸,765795.1564,43.64,20260828,环保,环境治理,水务及水治理
300926.SZ,博俊科技,765717.2881,17.63,20260828,汽车,汽车零部件,其他汽车零部件
300939.SZ,秋田微,764640.0,63.72,20260828,电子,光学光电子,面板
600587.SH,新华医疗,764372.07,12.6,20260828,医药生物,医疗器械,医疗设备
002446.SZ,盛路通信,762541.2781,8.33,20260828,国防军工,军工电子Ⅱ,军工电子Ⅲ
688253.SH,英诺特,762317.6295,55.65,20260828,医药生物,医疗器械,体外诊断
000402.SZ,金融街,762177.1245,2.55,20260828,房地产,房地产开发,商业地产
002870.SZ,香山股份,762111.6576,49.89,20260828,汽车,汽车零部件,汽车电子电气系统
002885.SZ,京泉华,762089.2397,28.13,20260828,电子,其他电子Ⅱ,其他电子Ⅲ
000928.SZ,中钢国际,761796.3357,5.31,20260828,建筑装饰,专业工程,国际工程
300641.SZ,正丹股份,761514.4152,14.49,20260828,基础化工,化学制品,其他化学制品
688305.SH,科德数控,759693.3366,57.31,20260828,机械设备,通用设备,机床工具
300997.SZ,欢乐家,759463.5564,17.46,20260828,食品饮料,饮料乳品,软饮料
300400.SZ,劲拓股份,759155.28,31.2,20260828,机械设备,自动化设备,其他自动化设备
600917.SH,重庆燃气,758665.3428,4.86,20260828,公用事业,燃气Ⅱ,燃气Ⅲ
002737.SZ,葵花药业,758032.0,12.98,20260828,医药生物,中药Ⅱ,中药Ⅲ
301487.SZ,盟固利,757907.4436,16.49,20260828,电力设备,电池,电池化学品
000541.SZ,佛山照明,757138.6526,4.93,20260828,家用电器,照明设备Ⅱ,照明设备Ⅲ
600305.SH,恒顺醋业,756698.7445,6.85,20260828,食品饮料,调味发酵品Ⅱ,调味发酵品Ⅲ
301326.SZ,捷邦科技,756326.2994,104.02,20260828,电子,消费电子,消费电子零部件及组装
002434.SZ,万里扬,756057.6576,5.76,20260828,汽车,汽车零部件,底盘与发动机系统
300900.SZ,广联航空,756050.9628,23.07,20260828,国防军工,航空装备Ⅱ,航空装备Ⅲ
002034.SZ,旺能环境,755933.8556,14.63,20260828,环保,环境治理,固废治理
600127.SH,金健米业,755378.8264,11.77,20260828,农林牧渔,农产品加工,粮油加工
603496.SH,恒为科技,754412.8752,23.56,20260828,计算机,计算机设备,其他计算机设备
301365.SZ,矩阵股份,754343.088,41.35,20260828,建筑装饰,工程咨询服务Ⅱ,工程咨询服务Ⅲ
301306.SZ,西测测试,753438.8,89.27,20260828,国防军工,军工电子Ⅱ,军工电子Ⅲ
603262.SH,技源集团,753218.83,18.83,20260828,食品饮料,食品加工,保健品
300708.SZ,聚灿光电,752775.1088,7.98,20260828,电子,光学光电子,LED
002810.SZ,山东赫达,752743.2788,21.63,20260828,基础化工,化学制品,其他化学制品
300731.SZ,科创新源,752573.127,42.45,20260828,基础化工,橡胶,其他橡胶制品
300294.SZ,博雅生物,752339.0604,14.92,20260828,医药生物,生物制品,血液制品
688326.SH,经纬恒润-W,751975.521,62.7,20260828,计算机,软件开发,垂直应用软件
600724.SH,宁波富达,751525.372,5.2,20260828,房地产,房地产服务,房产租赁经纪
300143.SZ,盈康生命,751103.3496,7.72,20260828,医药生物,医疗服务,医院
002110.SZ,三钢闽光,750584.5458,3.09,20260828,钢铁,普钢,长材
300834.SZ,星辉环材,749666.8061,38.7,20260828,基础化工,塑料,改性塑料
605167.SH,利柏特,749564.172,14.7,20260828,建筑装饰,专业工程,化学工程
002796.SZ,世嘉科技,749529.693,29.7,20260828,通信,通信设备,通信网络设备及器件
002782.SZ,可立克,749174.954,15.11,20260828,电子,其他电子Ⅱ,其他电子Ⅲ
301327.SZ,华宝新能,748968.113,42.95,20260828,电力设备,电池,锂电池
600059.SH,古越龙山,748376.3104,8.21,20260828,食品饮料,非白酒,其他酒类
600861.SH,北京人力,746702.6513,13.19,20260828,社会服务,专业服务,人力资源服务
601595.SH,上海电影,746701.2,16.66,20260828,传媒,影视院线,影视动漫制作
003039.SZ,顺控发展,746580.1083,12.09,20260828,环保,环境治理,水务及水治理
002135.SZ,东南网架,746284.7532,6.69,20260828,建筑装饰,专业工程,钢结构
600510.SH,黑牡丹,745122.411,7.22,20260828,房地产,房地产开发,住宅开发
300444.SZ,双杰电气,745078.2126,9.26,20260828,电力设备,电网设备,输变电设备
300895.SZ,铜牛信息,744835.174,52.9,20260828,计算机,IT服务Ⅱ,IT服务Ⅲ
300702.SZ,天宇股份,743627.2764,21.37,20260828,医药生物,化学制药,原料药
603082.SH,北自科技,743082.5991,44.61,20260828,机械设备,自动化设备,其他自动化设备
002342.SZ,巨力索具,743040.0,7.74,20260828,机械设备,通用设备,金属制品
600846.SH,同济科技,742841.4235,11.89,20260828,建筑装饰,工程咨询服务Ⅱ,工程咨询服务Ⅲ
601121.SH,宝地矿业,742118.9958,7.54,20260828,钢铁,冶钢原料,铁矿石
600108.SH,亚盛集团,741774.6531,3.81,20260828,农林牧渔,种植业,其他种植业
688087.SH,英科再生,741481.7355,38.39,20260828,基础化工,塑料,其他塑料制品
600903.SH,贵州燃气,740294.619,6.36,20260828,公用事业,燃气Ⅱ,燃气Ⅲ
301045.SZ,天禄科技,740015.1564,67.08,20260828,电子,光学光电子,面板
301687.SZ,新广益,739900.832,50.38,20260828,基础化工,塑料,膜材料
688598.SH,金博股份,738960.236,35.6,20260828,电力设备,光伏设备,光伏辅材
002023.SZ,海特高新,738637.7191,9.97,20260828,国防军工,航空装备Ⅱ,航空装备Ⅲ
002275.SZ,桂林三金,736811.0244,12.54,20260828,医药生物,中药Ⅱ,中药Ⅲ
300959.SZ,线上线下,736731.6226,91.67,20260828,通信,通信服务,通信应用增值服务
601908.SH,京运通,736453.8845,3.05,20260828,公用事业,电力,光伏发电
603223.SH,恒通股份,736172.5546,10.43,20260828,石油石化,炼化及贸易,油品石化贸易
002106.SZ,莱宝高科,736166.2966,10.43,20260828,电子,光学光电子,面板
603416.SH,信捷电气,735902.0816,46.88,20260828,机械设备,自动化设备,机器人
603128.SH,华贸物流,735684.133,5.62,20260828,交通运输,物流,跨境物流
002674.SZ,兴业科技,735626.439,24.89,20260828,纺织服饰,纺织制造,辅料
000025.SZ,特力A,735385.4598,17.06,20260828,综合,综合Ⅱ,综合Ⅲ
603985.SH,恒润股份,735351.144,16.68,20260828,电力设备,风电设备,风电零部件
002108.SZ,沧州明珠,735274.7972,4.46,20260828,基础化工,塑料,其他塑料制品
002163.SZ,海南发展,735113.373,8.7,20260828,建筑装饰,装修装饰Ⅱ,装修装饰Ⅲ
002471.SZ,中超控股,735024.12,5.37,20260828,电力设备,电网设备,线缆部件及其他
300416.SZ,苏试试验,734851.571,14.45,20260828,社会服务,专业服务,检测服务
002527.SZ,新时达,734008.8591,11.07,20260828,机械设备,专用设备,楼宇设备
002537.SZ,海联金汇,733760.5,6.25,20260828,汽车,汽车零部件,车身附件及饰件
688553.SH,汇宇制药-W,732929.9539,11.71,20260828,医药生物,化学制药,化学制剂
600866.SH,星湖科技,732709.4166,4.41,20260828,基础化工,化学制品,食品及饲料添加剂
600557.SH,康缘药业,732609.4872,12.94,20260828,医药生物,中药Ⅱ,中药Ⅲ
688601.SH,力芯微,731299.069,54.7,20260828,电子,半导体,模拟芯片设计
300566.SZ,激智科技,731009.7294,27.89,20260828,电子,光学光电子,光学元件
301323.SZ,新莱福,729889.9027,68.48,20260828,有色金属,金属新材料,磁性材料
002213.SZ,大为股份,729200.2293,30.33,20260828,电子,半导体,数字芯片设计
300852.SZ,四会富仕,729087.2904,45.42,20260828,电子,元件,印制电路板
300598.SZ,诚迈科技,728841.8662,33.59,20260828,计算机,软件开发,垂直应用软件
603277.SH,银都股份,728551.2549,11.91,20260828,机械设备,通用设备,制冷空调设备
605365.SH,立达信,728420.7179,14.51,20260828,家用电器,照明设备Ⅱ,照明设备Ⅲ
603977.SH,国泰集团,728095.3896,11.72,20260828,基础化工,化学制品,民爆制品
000813.SZ,德展健康,727695.6085,3.47,20260828,医药生物,化学制药,化学制剂
002284.SZ,亚太股份,727274.6952,9.84,20260828,汽车,汽车零部件,底盘与发动机系统
600810.SH,神马股份,726325.6193,6.66,20260828,基础化工,化学纤维,锦纶
301050.SZ,雷电微力,725654.6352,29.31,20260828,国防军工,军工电子Ⅱ,军工电子Ⅲ
688179.SH,阿拉丁,725098.2183,20.03,20260828,基础化工,化学制品,其他化学制品
002127.SZ,南极电商,724186.7689,2.95,20260828,商贸零售,互联网电商,电商服务
301568.SZ,思泰克,722602.2832,69.98,20260828,机械设备,自动化设备,其他自动化设备
688518.SH,联赢激光,722585.2367,21.17,20260828,机械设备,自动化设备,激光设备
603050.SH,科林电气,721941.368,17.9,20260828,电力设备,电网设备,电网自动化设备
001314.SZ,亿道信息,720812.67,50.55,20260828,电子,消费电子,消费电子零部件及组装
000597.SZ,东北制药,720598.741,5.05,20260828,医药生物,化学制药,化学制剂
603091.SH,众鑫股份,719822.3947,50.29,20260828,轻工制造,包装印刷,纸包装
688277.SH,天智航-U,719724.4807,15.43,20260828,医药生物,医疗器械,医疗设备
002077.SZ,大港股份,719632.14,12.4,20260828,电子,半导体,集成电路封测
600748.SH,上实发展,719379.531,3.9,20260828,房地产,房地产开发,住宅开发
605007.SH,五洲特纸,718352.3,15.1,20260828,轻工制造,造纸,特种纸
300080.SZ,易成新能,717504.7315,3.83,20260828,电力设备,光伏设备,光伏电池组件
002036.SZ,联创电子,717051.5118,6.78,20260828,电子,光学光电子,光学元件
002448.SZ,中原内配,716682.8928,12.18,20260828,汽车,汽车零部件,底盘与发动机系统
002605.SZ,姚记科技,716545.4868,17.16,20260828,传媒,游戏Ⅱ,游戏Ⅲ
301215.SZ,中汽股份,716229.9,5.41,20260828,汽车,汽车服务,汽车综合服务
603931.SH,格林达,715815.9808,35.87,20260828,电子,电子化学品Ⅱ,电子化学品Ⅲ
300986.SZ,志特新材,715623.5647,12.43,20260828,建筑装饰,专业工程,其他专业工程
600125.SH,铁龙物流,715426.0012,5.48,20260828,交通运输,铁路公路,铁路运输
000968.SZ,蓝焰控股,714984.4953,7.39,20260828,石油石化,油气开采Ⅱ,油气开采Ⅲ
600590.SH,泰豪科技,714704.8086,8.38,20260828,国防军工,军工电子Ⅱ,军工电子Ⅲ
301282.SZ,金禄电子,714644.0532,33.88,20260828,电子,元件,印制电路板
300168.SZ,万达信息,714551.7856,4.96,20260828,计算机,IT服务Ⅱ,IT服务Ⅲ
000544.SZ,中原环保,714443.7385,7.33,20260828,环保,环境治理,水务及水治理
002787.SZ,华源控股,713660.0089,21.47,20260828,轻工制造,包装印刷,金属包装
002452.SZ,长高电气,713381.915,11.5,20260828,电力设备,电网设备,输变电设备
688103.SH,国力电子,713341.9504,74.84,20260828,电子,其他电子Ⅱ,其他电子Ⅲ
002733.SZ,雄韬股份,712718.825,18.55,20260828,电力设备,电池,蓄电池及其他电池
688049.SH,炬芯科技,712512.768,40.48,20260828,电子,半导体,数字芯片设计
600955.SH,维远股份,711700.0,12.94,20260828,基础化工,化学原料,其他化学原料
603010.SH,万盛股份,711396.8448,12.16,20260828,基础化工,化学制品,其他化学制品
600468.SH,百利电气,711378.8862,6.54,20260828,电力设备,电网设备,配电设备
600429.SH,三元股份,711339.765,4.75,20260828,食品饮料,饮料乳品,乳品
000517.SZ,荣安地产,710014.7175,2.23,20260828,房地产,房地产开发,住宅开发
600368.SH,五洲交通,709857.3699,4.41,20260828,交通运输,铁路公路,高速公路
002470.SZ,金正大,709782.0048,2.16,20260828,基础化工,农化制品,复合肥
603065.SH,宿迁联盛,708893.1792,16.92,20260828,基础化工,化学制品,其他化学制品
000755.SZ,山西高速,708710.8266,4.83,20260828,交通运输,铁路公路,高速公路
600828.SH,茂业商业,708380.8834,4.09,20260828,商贸零售,一般零售,百货
300467.SZ,迅游科技,707965.8716,34.84,20260828,传媒,游戏Ⅱ,游戏Ⅲ
920799.BJ,艾融软件,707957.179,33.85,20260828,计算机,软件开发,垂直应用软件
301592.SZ,六九一二,707350.0,101.05,20260828,国防军工,军工电子Ⅱ,军工电子Ⅲ
603071.SH,物产环能,706928.2248,12.67,20260828,煤炭,煤炭开采,动力煤
688621.SH,阳光诺和,706720.0,63.1,20260828,医药生物,医疗服务,医疗研发外包
300174.SZ,元力股份,706568.0984,19.4,20260828,基础化工,化学制品,其他化学制品
688221.SH,前沿生物-U,705706.2708,18.84,20260828,医药生物,化学制药,化学制剂
301317.SZ,鑫磊股份,705468.72,44.88,20260828,机械设备,通用设备,其他通用设备
603221.SH,爱丽家居,705005.7,29.1,20260828,轻工制造,家居用品,瓷砖地板
600797.SH,浙大网新,704883.1104,6.86,20260828,计算机,IT服务Ⅱ,IT服务Ⅲ
688480.SH,赛恩斯,704460.618,73.9,20260828,环保,环境治理,综合环境治理
301602.SZ,超研股份,704173.8624,16.44,20260828,医药生物,医疗器械,医疗设备
688591.SH,泰凌微,704158.7685,29.15,20260828,电子,半导体,数字芯片设计
600195.SH,中牧股份,703571.1787,6.89,20260828,农林牧渔,动物保健Ⅱ,动物保健Ⅲ
300985.SZ,致远新能,703338.6375,37.71,20260828,机械设备,通用设备,金属制品
301162.SZ,国能日新,702650.6906,37.63,20260828,计算机,软件开发,垂直应用软件
688108.SH,赛诺医疗,702159.36,16.8,20260828,医药生物,医疗器械,医疗耗材
002256.SZ,兆新股份,701978.8184,3.44,20260828,公用事业,电力,光伏发电
920125.BJ,鸿仕达,701213.76,124.86,20260828,机械设备,自动化设备,其他自动化设备
001330.SZ,博纳影业,701004.69,5.1,20260828,传媒,影视院线,影视动漫制作
300153.SZ,科泰电源,700160.0,21.88,20260828,电力设备,其他电源设备Ⅱ,其他电源设备Ⅲ
300196.SZ,长海股份,699726.1251,17.11,20260828,建筑材料,玻璃玻纤,玻纤制造
001311.SZ,多利科技,699546.4193,17.33,20260828,汽车,汽车零部件,其他汽车零部件
002678.SZ,珠江钢琴,699534.9545,5.15,20260828,轻工制造,文娱用品,娱乐用品
603166.SH,福达股份,698594.0574,10.82,20260828,汽车,汽车零部件,底盘与发动机系统
600691.SH,潞化科技,698538.708,2.94,20260828,基础化工,农化制品,氮肥
300057.SZ,万顺新材,698485.764,6.96,20260828,有色金属,工业金属,铝
002006.SZ,精工科技,698454.624,13.44,20260828,机械设备,专用设备,其他专用设备
000030.SZ,富奥股份,698243.2254,4.06,20260828,汽车,汽车零部件,底盘与发动机系统
002438.SZ,江苏神通,697864.0625,13.75,20260828,机械设备,通用设备,金属制品
605305.SH,中际联合,697490.64,32.82,20260828,机械设备,工程机械,工程机械整机
688550.SH,瑞联新材,696877.6031,39.58,20260828,电子,电子化学品Ⅱ,电子化学品Ⅲ
688805.SH,健信超导,696375.04,41.53,20260828,医药生物,医疗器械,医疗设备
600676.SH,交运股份,696289.6933,6.77,20260828,汽车,汽车服务,汽车综合服务
920029.BJ,开发科技,696149.9714,33.64,20260828,电力设备,电网设备,电工仪器仪表
603866.SH,桃李面包,695877.852,4.35,20260828,食品饮料,休闲食品,烘焙食品
300267.SZ,尔康制药,695097.8513,3.37,20260828,医药生物,化学制药,原料药
002194.SZ,武汉凡谷,694901.7603,10.17,20260828,通信,通信设备,通信网络设备及器件
002886.SZ,沃特股份,694857.504,26.4,20260828,基础化工,塑料,改性塑料
920493.BJ,并行科技,694148.0404,114.58,20260828,计算机,IT服务Ⅱ,IT服务Ⅲ
688366.SH,昊海生科,693819.2304,30.32,20260828,医药生物,医疗器械,医疗耗材
688276.SH,百克生物,693703.7952,16.77,20260828,医药生物,生物制品,疫苗
002490.SZ,山东墨龙,693409.5656,8.42,20260828,机械设备,专用设备,能源及重型设备
300685.SZ,艾德生物,693216.9404,17.77,20260828,医药生物,医疗器械,体外诊断
600708.SH,光明地产,693106.0448,3.11,20260828,房地产,房地产开发,住宅开发
300783.SZ,三只松鼠,692909.04,17.25,20260828,食品饮料,休闲食品,零食
000796.SZ,凯撒旅业,692836.8048,4.32,20260828,社会服务,旅游及景区,旅游综合
688312.SH,燕麦科技,692641.515,47.21,20260828,机械设备,专用设备,其他专用设备
600713.SH,南京医药,692018.756,5.29,20260828,医药生物,医药商业,医药流通
688155.SH,先惠技术,691818.4336,54.32,20260828,电力设备,电池,锂电专用设备
603402.SH,陕西旅游,691367.5041,68.77,20260828,社会服务,旅游及景区,旅游综合
002421.SZ,达实智能,691309.6342,3.26,20260828,计算机,IT服务Ⅱ,IT服务Ⅲ
002093.SZ,国脉科技,691145.0,6.86,20260828,社会服务,教育,学历教育
300520.SZ,科大国创,690069.4893,23.63,20260828,计算机,软件开发,垂直应用软件
002708.SZ,光洋股份,689694.246,12.27,20260828,汽车,汽车零部件,底盘与发动机系统
605178.SH,时空科技,689101.4,69.55,20260828,建筑装饰,专业工程,其他专业工程
002014.SZ,永新股份,689053.3875,11.25,20260828,轻工制造,包装印刷,塑料包装
600158.SH,中体产业,688930.4058,7.18,20260828,社会服务,体育Ⅱ,体育Ⅲ
003013.SZ,地铁设计,688372.1547,14.94,20260828,建筑装饰,工程咨询服务Ⅱ,工程咨询服务Ⅲ
920174.BJ,五新智能,687805.4094,31.71,20260828,机械设备,工程机械,工程机械整机
300406.SZ,九强生物,687542.8065,11.73,20260828,医药生物,医疗器械,体外诊断
300341.SZ,麦克奥迪,687121.0112,13.28,20260828,医药生物,医疗器械,医疗设备
002057.SZ,中钢天源,686788.0507,9.11,20260828,社会服务,专业服务,检测服务
300393.SZ,中来股份,686465.262,6.3,20260828,电力设备,光伏设备,光伏电池组件
300981.SZ,中红医疗,686184.0,16.0,20260828,医药生物,医疗器械,医疗耗材
000631.SZ,顺发恒能,685400.0298,2.98,20260828,房地产,房地产开发,住宅开发
301628.SZ,强达电路,684789.143,90.85,20260828,电子,元件,印制电路板
000008.SZ,神州高铁,684527.1804,2.52,20260828,机械设备,轨交设备Ⅱ,轨交设备Ⅲ
000503.SZ,国新健康,684497.4975,6.99,20260828,计算机,软件开发,垂直应用软件
600771.SH,广誉远,684308.5578,13.98,20260828,医药生物,中药Ⅱ,中药Ⅲ
300819.SZ,聚杰微纤,684105.3835,45.85,20260828,纺织服饰,纺织制造,其他纺织
603778.SH,国晟科技,683803.6156,10.36,20260828,建筑装饰,基础建设,园林工程
300681.SZ,英搏尔,683727.7636,22.34,20260828,汽车,汽车零部件,汽车电子电气系统
000912.SZ,泸天化,683648.0,4.36,20260828,基础化工,农化制品,氮肥
000524.SZ,岭南控股,682942.5634,10.19,20260828,社会服务,旅游及景区,旅游综合
688626.SH,翔宇医疗,682560.0,42.66,20260828,医药生物,医疗器械,医疗设备
600325.SH,华发股份,682533.7208,2.48,20260828,房地产,房地产开发,住宅开发
300983.SZ,尤安设计,682387.2,39.49,20260828,建筑装饰,工程咨询服务Ⅱ,工程咨询服务Ⅲ
600780.SH,通宝能源,682168.9875,5.95,20260828,公用事业,电力,火力发电
002042.SZ,华孚时尚,681973.2414,4.01,20260828,纺织服饰,纺织制造,棉纺
300841.SZ,康华生物,681181.6498,52.42,20260828,医药生物,生物制品,疫苗
300206.SZ,理邦仪器,681104.495,11.75,20260828,医药生物,医疗器械,医疗设备
688176.SH,亚虹医药-U,679764.3336,11.88,20260828,医药生物,化学制药,化学制剂
000589.SZ,贵州轮胎,679268.4737,4.37,20260828,汽车,汽车零部件,轮胎轮毂
300586.SZ,美联新材,679211.9485,9.55,20260828,基础化工,塑料,改性塑料
605188.SH,国光连锁,678857.0705,13.37,20260828,商贸零售,一般零售,超市
001382.SZ,新亚电缆,678564.0,16.47,20260828,电力设备,电网设备,线缆部件及其他
301182.SZ,凯旺科技,678417.636,70.8,20260828,计算机,计算机设备,安防设备
688488.SH,艾迪药业,678301.8736,16.12,20260828,医药生物,生物制品,其他生物制品
300189.SZ,神农种业,677888.0,6.62,20260828,农林牧渔,种植业,种子
600987.SH,航民股份,677823.7496,6.64,20260828,纺织服饰,纺织制造,印染
001212.SZ,中旗新材,677434.8116,33.71,20260828,建筑材料,装修建材,其他建材
600966.SH,博汇纸业,676443.2158,5.06,20260828,轻工制造,造纸,大宗用纸
300893.SZ,松原安全,676391.716,14.3,20260828,汽车,汽车零部件,车身附件及饰件
300648.SZ,星云股份,676386.1134,38.81,20260828,电力设备,电池,锂电专用设备
000735.SZ,罗牛山,674786.9696,5.86,20260828,农林牧渔,养殖业,生猪养殖
301234.SZ,五洲医疗,674492.0,99.19,20260828,医药生物,医疗器械,医疗耗材
605098.SH,行动教育,674364.9705,56.55,20260828,社会服务,教育,培训教育
688699.SH,明微电子,674145.675,61.25,20260828,电子,半导体,模拟芯片设计
601515.SH,衢州东峰,673564.745,3.5,20260828,轻工制造,包装印刷,纸包装
301667.SZ,纳百川,673144.3488,60.28,20260828,汽车,汽车零部件,底盘与发动机系统
000561.SZ,烽火电子,673070.2557,7.79,20260828,国防军工,航空装备Ⅱ,航空装备Ⅲ
603367.SH,辰欣药业,672339.8385,14.85,20260828,医药生物,化学制药,化学制剂
603969.SH,银龙股份,671952.5598,7.71,20260828,机械设备,通用设备,金属制品
688230.SH,芯导科技,671496.0,57.1,20260828,电子,半导体,分立器件
605011.SH,杭州热电,670567.6,16.76,20260828,公用事业,电力,热力服务
300785.SZ,值得买,669943.1688,33.69,20260828,传媒,数字媒体,门户网站
002638.SZ,勤上股份,669452.9438,4.66,20260828,家用电器,照明设备Ⅱ,照明设备Ⅲ
001400.SZ,江顺科技,669312.0,79.68,20260828,机械设备,专用设备,其他专用设备
300075.SZ,数字政通,668957.1177,10.77,20260828,计算机,软件开发,垂直应用软件
000090.SZ,天健集团,668939.2532,3.58,20260828,房地产,房地产开发,住宅开发
603990.SH,麦迪科技,668792.6714,21.91,20260828,计算机,软件开发,垂直应用软件
600496.SH,精工钢构,668682.2016,3.36,20260828,建筑装饰,专业工程,钢结构
002052.SZ,同洲电子,668166.4536,8.88,20260828,家用电器,黑色家电,其他黑色家电
002380.SZ,科远智慧,667896.9011,27.83,20260828,计算机,IT服务Ⅱ,IT服务Ⅲ
688512.SH,慧智微-U,667729.9992,14.12,20260828,电子,半导体,模拟芯片设计
688577.SH,浙海德曼,667722.7976,42.86,20260828,机械设备,通用设备,机床工具
600617.SH,国新能源,667500.3628,3.46,20260828,公用事业,燃气Ⅱ,燃气Ⅲ
688191.SH,智洋创新,667485.4945,20.35,20260828,电力设备,电网设备,电网自动化设备
688290.SH,景业智能,667094.3616,65.28,20260828,机械设备,自动化设备,机器人
300802.SZ,矩子科技,667015.7427,23.48,20260828,机械设备,自动化设备,其他自动化设备
600770.SH,综艺股份,666900.0,5.13,20260828,综合,综合Ⅱ,综合Ⅲ
300265.SZ,通光线缆,666799.4538,14.26,20260828,电力设备,电网设备,线缆部件及其他
600400.SH,红豆股份,666789.2229,2.91,20260828,纺织服饰,服装家纺,非运动服装
603229.SH,奥翔药业,666728.5713,8.03,20260828,医药生物,化学制药,原料药
300697.SZ,电工合金,666265.6,15.4,20260828,有色金属,工业金属,铜
002141.SZ,贤丰控股,666243.591,6.45,20260828,农林牧渔,动物保健Ⅱ,动物保健Ⅲ
920725.BJ,惠丰钻石,666216.225,72.99,20260828,机械设备,通用设备,磨具磨料
300284.SZ,苏交科,665510.2506,5.27,20260828,建筑装饰,工程咨询服务Ⅱ,工程咨询服务Ⅲ
001288.SZ,运机集团,665292.0594,28.46,20260828,机械设备,专用设备,能源及重型设备
300063.SZ,天龙集团,665228.2667,8.77,20260828,传媒,广告营销,营销代理
688570.SH,天玛智控,665088.0,15.36,20260828,机械设备,自动化设备,工控设备
300283.SZ,温州宏丰,664956.8316,13.38,20260828,电力设备,电网设备,配电设备
603279.SH,景津装备,664558.069,11.53,20260828,机械设备,通用设备,其他通用设备
300492.SZ,华图山鼎,664313.378,24.13,20260828,建筑装饰,工程咨询服务Ⅱ,工程咨询服务Ⅲ
002612.SZ,朗姿股份,664110.3953,15.01,20260828,纺织服饰,服装家纺,非运动服装
603466.SH,风语筑,663233.7775,11.15,20260828,传媒,数字媒体,其他数字媒体
002546.SZ,新联电子,663069.0345,7.95,20260828,电力设备,电网设备,电工仪器仪表
300905.SZ,宝丽迪,662716.1214,37.02,20260828,基础化工,化学纤维,其他化学纤维
002935.SZ,天奥电子,662706.2412,15.71,20260828,国防军工,军工电子Ⅱ,军工电子Ⅲ
301520.SZ,万邦医药,662541.1143,71.11,20260828,医药生物,医疗服务,医疗研发外包
002009.SZ,天奇股份,662478.0804,16.47,20260828,机械设备,专用设备,其他专用设备
600613.SH,神奇制药,662248.784,12.4,20260828,医药生物,化学制药,化学制剂
002840.SZ,华统股份,661787.28,8.25,20260828,食品饮料,食品加工,肉制品
002412.SZ,汉森制药,660701.6,13.13,20260828,医药生物,中药Ⅱ,中药Ⅲ
000777.SZ,中核科技,660628.5248,17.23,20260828,机械设备,通用设备,金属制品
688478.SH,晶升股份,660006.297,47.7,20260828,电子,半导体,半导体设备
688356.SH,键凯科技,659879.616,108.8,20260828,医药生物,化学制药,原料药
600960.SH,渤海汽车,659435.238,4.07,20260828,汽车,汽车零部件,底盘与发动机系统
600422.SH,昆药集团,659325.9218,8.71,20260828,医药生物,中药Ⅱ,中药Ⅲ
300435.SZ,中泰股份,659183.517,17.09,20260828,公用事业,燃气Ⅱ,燃气Ⅲ
002727.SZ,一心堂,658804.6125,11.25,20260828,医药生物,医药商业,线下药店
600962.SH,国投中鲁,658671.52,25.12,20260828,农林牧渔,农产品加工,果蔬加工
688750.SH,金天钛业,658600.0,14.24,20260828,有色金属,小金属,其他小金属
605288.SH,凯迪股份,658145.7151,66.7,20260828,机械设备,自动化设备,工控设备
002255.SZ,海陆重工,658057.752,7.92,20260828,电力设备,其他电源设备Ⅱ,火电设备
600715.SH,文投控股,657696.267,1.62,20260828,传媒,游戏Ⅱ,游戏Ⅲ
000601.SZ,韶能股份,657604.4682,6.18,20260828,公用事业,电力,水力发电
002140.SZ,东华科技,657036.8992,9.28,20260828,建筑装饰,专业工程,化学工程
688556.SH,高测股份,656311.381,7.9,20260828,电力设备,光伏设备,光伏加工设备
600479.SH,千金药业,656115.93,13.33,20260828,医药生物,中药Ⅱ,中药Ⅲ
300493.SZ,润欣科技,656027.008,12.8,20260828,电子,其他电子Ⅱ,其他电子Ⅲ
002349.SZ,精华制药,655760.2287,7.89,20260828,医药生物,中药Ⅱ,中药Ⅲ
300256.SZ,星星科技,655565.6926,2.89,20260828,电子,消费电子,消费电子零部件及组装
300678.SZ,中科信息,655013.723,22.1,20260828,计算机,IT服务Ⅱ,IT服务Ⅲ
600643.SH,爱建集团,654793.1988,4.11,20260828,非银金融,多元金融,金融控股
000566.SZ,海南海药,653872.0104,5.04,20260828,医药生物,化学制药,化学制剂
603867.SH,新化股份,653547.5335,30.05,20260828,基础化工,化学制品,其他化学制品
688788.SH,科思科技,653429.037,29.85,20260828,国防军工,军工电子Ⅱ,军工电子Ⅲ
601789.SH,宁波建工,652439.7332,4.28,20260828,建筑装饰,房屋建设Ⅱ,房屋建设Ⅲ
600975.SH,新五丰,652323.4074,5.22,20260828,农林牧渔,养殖业,生猪养殖
605598.SH,上海港湾,652272.1688,27.08,20260828,建筑装饰,专业工程,其他专业工程
688631.SH,莱斯信息,652245.3,39.9,20260828,计算机,软件开发,垂直应用软件
300756.SZ,金马游乐,651983.8125,29.55,20260828,机械设备,专用设备,其他专用设备
300134.SZ,大富科技,651605.802,8.49,20260828,通信,通信设备,通信网络设备及器件
300221.SZ,银禧科技,651412.7125,13.75,20260828,基础化工,塑料,改性塑料
603012.SH,创力集团,651025.5,10.07,20260828,机械设备,专用设备,能源及重型设备
002123.SZ,梦网科技,650781.4608,8.08,20260828,通信,通信服务,通信应用增值服务
605277.SH,新亚电子,650437.9742,16.73,20260828,电子,消费电子,消费电子零部件及组装
300079.SZ,数码视讯,650268.8136,4.56,20260828,计算机,IT服务Ⅱ,IT服务Ⅲ
000523.SZ,红棉股份,649755.849,3.54,20260828,综合,综合Ⅱ,综合Ⅲ
688079.SH,美迪凯,649381.5986,15.77,20260828,电子,光学光电子,光学元件
603489.SH,八方股份,648953.388,27.66,20260828,电力设备,电机Ⅱ,电机Ⅲ
603311.SH,金海高科,648916.6089,27.51,20260828,家用电器,家电零部件Ⅱ,家电零部件Ⅲ
300429.SZ,强力新材,648223.7514,11.67,20260828,电子,电子化学品Ⅱ,电子化学品Ⅲ
002907.SZ,华森制药,648109.6128,15.52,20260828,医药生物,中药Ⅱ,中药Ⅲ
000572.SZ,海马汽车,647986.781,3.94,20260828,汽车,乘用车,综合乘用车
300358.SZ,楚天科技,647158.803,9.05,20260828,医药生物,医疗器械,医疗设备
603155.SH,新亚强,646999.8417,14.13,20260828,基础化工,化学制品,有机硅
603897.SH,长城科技,646969.4838,31.34,20260828,电力设备,电网设备,线缆部件及其他
301339.SZ,通行宝,646942.401,11.15,20260828,计算机,计算机设备,其他计算机设备
688315.SH,诺禾致源,646358.6,15.53,20260828,医药生物,医疗服务,其他医疗服务
002951.SZ,金时科技,646111.4317,16.03,20260828,电力设备,其他电源设备Ⅱ,其他电源设备Ⅲ
002038.SZ,双鹭药业,645175.8,6.28,20260828,医药生物,化学制药,化学制剂
002540.SZ,亚太科技,644995.8097,5.17,20260828,有色金属,工业金属,铝
300943.SZ,春晖智控,644886.48,31.64,20260828,机械设备,通用设备,金属制品
603391.SH,力聚热能,644826.0,70.86,20260828,机械设备,专用设备,能源及重型设备
300540.SZ,蜀道装备,643857.2022,28.29,20260828,机械设备,专用设备,其他专用设备
002467.SZ,二六三,643674.0492,4.68,20260828,通信,通信服务,通信应用增值服务
603293.SH,埃泰克,643293.4352,35.92,20260828,汽车,汽车零部件,汽车电子电气系统
002242.SZ,九阳股份,643223.331,8.43,20260828,家用电器,小家电,厨房小家电
600881.SH,亚泰集团,643198.049,1.99,20260828,综合,综合Ⅱ,综合Ⅲ
002902.SZ,铭普光磁,642279.597,27.33,20260828,通信,通信设备,通信网络设备及器件
688658.SH,悦康药业,642150.0,14.27,20260828,医药生物,化学制药,化学制剂
001322.SZ,箭牌家居,642132.512,6.65,20260828,轻工制造,家居用品,卫浴制品
603373.SH,安邦护卫,642043.2905,42.65,20260828,社会服务,专业服务,其他专业服务
605005.SH,合兴股份,642001.0,16.01,20260828,汽车,汽车零部件,汽车电子电气系统
300226.SZ,上海钢联,641777.4446,16.78,20260828,计算机,软件开发,垂直应用软件
603197.SH,保隆科技,641220.6976,29.96,20260828,汽车,汽车零部件,其他汽车零部件
605366.SH,宏柏新材,640674.1633,8.29,20260828,基础化工,化学制品,其他化学制品
300067.SZ,安诺其,638369.1538,5.53,20260828,基础化工,化学制品,纺织化学制品
002697.SZ,红旗连锁,637840.0,4.69,20260828,商贸零售,一般零售,超市
920394.BJ,民士达,637650.0,43.6,20260828,轻工制造,造纸,特种纸
300617.SZ,安靠智电,636648.5992,38.42,20260828,电力设备,电网设备,输变电设备
688510.SH,航亚科技,635510.757,24.45,20260828,国防军工,航空装备Ⅱ,航空装备Ⅲ
301235.SZ,华康洁净,635397.75,45.63,20260828,医药生物,医疗器械,医疗设备
002819.SZ,东方中科,635173.412,21.2,20260828,机械设备,通用设备,仪器仪表
600203.SH,福日电子,635090.2551,10.71,20260828,电子,消费电子,消费电子零部件及组装
600230.SH,沧州大化,635016.174,15.34,20260828,基础化工,化学制品,聚氨酯
601500.SH,通用股份,634783.2807,4.01,20260828,汽车,汽车零部件,轮胎轮毂
688365.SH,光云科技,634746.8523,14.89,20260828,计算机,IT服务Ⅱ,IT服务Ⅲ
000925.SZ,众合科技,634434.8724,9.38,20260828,机械设备,轨交设备Ⅱ,轨交设备Ⅲ
300128.SZ,锦富技术,633968.3152,4.88,20260828,电力设备,电池,锂电专用设备
301683.SZ,慧谷新材,633752.7765,100.41,20260828,基础化工,化学制品,涂料油墨
300815.SZ,玉禾田,632964.096,15.88,20260828,环保,环境治理,固废治理
300689.SZ,澄天伟业,632910.0,54.75,20260828,通信,通信设备,通信终端及配件
002915.SZ,中欣氟材,632660.9058,18.87,20260828,基础化工,化学制品,氟化工
603368.SH,柳药集团,632360.5488,15.92,20260828,医药生物,医药商业,医药流通
600310.SH,广西能源,631721.3117,4.31,20260828,公用事业,电力,电能综合服务
002210.SZ,飞马国际,630712.1499,2.37,20260828,环保,环境治理,固废治理
000525.SZ,红太阳,630622.2824,4.84,20260828,基础化工,农化制品,农药
300936.SZ,中英科技,630401.6,83.83,20260828,电子,元件,印制电路板
603861.SH,白云电器,629174.592,11.64,20260828,电力设备,电网设备,配电设备
301591.SZ,肯特股份,628797.0,57.5,20260828,基础化工,塑料,其他塑料制品
000881.SZ,中广核技,628708.167,6.65,20260828,基础化工,化学制品,其他化学制品
688479.SH,友车科技,627930.8036,31.19,20260828,计算机,软件开发,垂直应用软件
002664.SZ,信质集团,627403.4,15.37,20260828,汽车,汽车零部件,汽车电子电气系统
605183.SH,确成股份,627343.6284,15.11,20260828,基础化工,橡胶,炭黑
600375.SH,汉马科技,626800.9174,3.91,20260828,汽车,商用车,商用载货车
300925.SZ,法本信息,626772.4776,14.62,20260828,计算机,软件开发,垂直应用软件
002132.SZ,恒星科技,626490.4809,4.47,20260828,机械设备,通用设备,金属制品
300587.SZ,天铁科技,625765.5616,4.82,20260828,基础化工,橡胶,其他橡胶制品
002067.SZ,景兴纸业,625338.0536,4.24,20260828,轻工制造,造纸,大宗用纸
300217.SZ,东方电热,625184.271,4.23,20260828,家用电器,家电零部件Ⅱ,家电零部件Ⅲ
002206.SZ,海利得,625170.6336,5.38,20260828,基础化工,化学纤维,涤纶
688135.SH,利扬芯片,624252.2442,26.78,20260828,电子,半导体,集成电路封测
300579.SZ,数字认证,624240.0,23.12,20260828,计算机,软件开发,垂直应用软件
600963.SH,岳阳林纸,623936.6045,3.55,20260828,轻工制造,造纸,大宗用纸
300984.SZ,金沃股份,623546.748,32.4,20260828,机械设备,通用设备,其他通用设备
600894.SH,广日股份,623543.7632,7.36,20260828,机械设备,专用设备,楼宇设备
301153.SZ,中科江南,623124.204,17.52,20260828,计算机,软件开发,垂直应用软件
603213.SH,镇洋发展,622851.04,14.0,20260828,基础化工,化学原料,氯碱
603217.SH,元利科技,622806.1868,29.93,20260828,基础化工,化学制品,其他化学制品
002801.SZ,微光股份,622761.984,27.12,20260828,电力设备,电机Ⅱ,电机Ⅲ
301393.SZ,昊帆生物,622728.0,57.66,20260828,医药生物,生物制品,其他生物制品
688448.SH,磁谷科技,622463.1387,63.83,20260828,机械设备,通用设备,其他通用设备
001210.SZ,金房能源,622389.663,28.35,20260828,公用事业,电力,热力服务
000560.SZ,我爱我家,621852.2112,2.64,20260828,房地产,房地产服务,房产租赁经纪
002519.SZ,银河电子,620663.4259,5.51,20260828,国防军工,地面兵装Ⅱ,地面兵装Ⅲ
600897.SH,厦门空港,619980.858,14.87,20260828,交通运输,航空机场,机场
301535.SZ,浙江华远,617952.3273,14.53,20260828,汽车,汽车零部件,其他汽车零部件
300964.SZ,本川智能,617648.488,57.8,20260828,电子,元件,印制电路板
603660.SH,苏州科达,616640.6233,10.79,20260828,计算机,计算机设备,其他计算机设备
002390.SZ,信邦制药,616201.0206,3.17,20260828,医药生物,中药Ⅱ,中药Ⅲ
300006.SZ,莱美药业,615596.2296,5.83,20260828,医药生物,化学制药,化学制剂
002165.SZ,红宝丽,615420.8226,8.37,20260828,基础化工,化学制品,聚氨酯
002478.SZ,常宝股份,615249.2877,6.83,20260828,钢铁,特钢Ⅱ,特钢Ⅲ
600501.SH,航天晨光,614355.5512,14.36,20260828,机械设备,专用设备,其他专用设备
002029.SZ,七匹狼,614075.5556,8.71,20260828,纺织服饰,服装家纺,非运动服装
688620.SH,安凯微,613872.0,15.66,20260828,电子,半导体,数字芯片设计
300137.SZ,先河环保,613850.0368,11.44,20260828,环保,环保设备Ⅱ,环保设备Ⅲ
002489.SZ,浙江永强,613831.6412,2.83,20260828,轻工制造,家居用品,成品家居
300197.SZ,节能铁汉,613816.7067,2.07,20260828,建筑装饰,基础建设,园林工程
600586.SH,金晶科技,613707.2241,4.33,20260828,建筑材料,玻璃玻纤,玻璃制造
300525.SZ,博思软件,613334.6496,8.16,20260828,计算机,软件开发,垂直应用软件
688418.SH,震有科技,613286.401,31.85,20260828,通信,通信设备,其他通信设备
301349.SZ,信德新材,612743.12,43.0,20260828,电力设备,电池,电池化学品
688093.SH,世华科技,612636.418,21.85,20260828,电子,其他电子Ⅱ,其他电子Ⅲ
002988.SZ,豪美新材,612520.634,24.52,20260828,有色金属,工业金属,铝
002992.SZ,宝明科技,612421.0796,33.86,20260828,电子,光学光电子,LED
300696.SZ,爱乐达,612332.169,20.81,20260828,国防军工,航空装备Ⅱ,航空装备Ⅲ
600488.SH,津药药业,611456.552,5.6,20260828,医药生物,化学制药,原料药
688733.SH,壹石通,610712.7864,30.57,20260828,电力设备,电池,电池化学品
600255.SH,鑫科材料,610477.686,3.38,20260828,有色金属,金属新材料,其他金属新材料
300041.SZ,回天新材,610344.5669,10.91,20260828,基础化工,化学制品,有机硅
300324.SZ,旋极信息,609839.4465,3.53,20260828,计算机,计算机设备,其他计算机设备
002302.SZ,西部建设,609717.1269,4.83,20260828,建筑材料,水泥,水泥制品
600449.SH,宁夏建材,609680.775,12.75,20260828,建筑材料,水泥,水泥制造
002382.SZ,蓝帆医疗,609592.3735,6.05,20260828,医药生物,医疗器械,医疗耗材
002279.SZ,久其软件,607855.8645,7.05,20260828,计算机,软件开发,横向通用软件
603685.SH,晨丰科技,607840.0515,24.03,20260828,电子,光学光电子,LED
300214.SZ,日科化学,607162.7956,13.06,20260828,基础化工,化学制品,其他化学制品
000551.SZ,创元科技,606885.8412,12.52,20260828,环保,环保设备Ⅱ,环保设备Ⅲ
300592.SZ,华凯易佰,606796.6443,15.51,20260828,商贸零售,互联网电商,跨境电商
002073.SZ,软控股份,606466.913,5.92,20260828,机械设备,专用设备,其他专用设备
000913.SZ,钱江摩托,606425.472,11.52,20260828,汽车,摩托车及其他,摩托车
002229.SZ,鸿博股份,606128.9123,12.29,20260828,轻工制造,包装印刷,印刷
605555.SH,德昌股份,606054.388,12.52,20260828,家用电器,小家电,清洁小家电
301148.SZ,嘉戎技术,606017.9142,52.02,20260828,环保,环境治理,水务及水治理
000957.SZ,中通客车,605947.7858,10.22,20260828,汽车,商用车,商用载客车
601116.SH,三江购物,605732.3104,11.06,20260828,商贸零售,一般零售,超市
600433.SH,冠豪高新,605596.6032,3.46,20260828,轻工制造,造纸,特种纸
603383.SH,顶点软件,604217.3688,29.42,20260828,计算机,软件开发,垂直应用软件
003006.SZ,百亚股份,603225.5112,14.04,20260828,美容护理,个护用品,生活用纸
301260.SZ,格力博,602576.814,12.46,20260828,机械设备,专用设备,农用机械
603270.SH,金帝股份,602543.425,27.5,20260828,机械设备,通用设备,金属制品
688307.SH,中润光学,602154.042,48.45,20260828,计算机,计算机设备,安防设备
301479.SZ,弘景光电,602081.951,48.34,20260828,电子,光学光电子,光学元件
600425.SH,青松建化,601763.8875,3.75,20260828,建筑材料,水泥,水泥制造
688115.SH,思林杰,601563.41,64.45,20260828,机械设备,通用设备,仪器仪表
301330.SZ,熵基科技,601558.434,25.56,20260828,计算机,计算机设备,安防设备
002695.SZ,煌上煌,601554.735,10.75,20260828,食品饮料,休闲食品,熟食
603708.SH,家家悦,601315.0554,9.42,20260828,商贸零售,一般零售,超市
002314.SZ,南山控股,601127.715,2.22,20260828,房地产,房地产开发,住宅开发
000718.SZ,苏宁环球,600858.0072,1.98,20260828,房地产,房地产开发,住宅开发
688173.SH,希荻微,600452.2172,14.46,20260828,电子,半导体,模拟芯片设计
603366.SH,日出东方,600029.4978,7.38,20260828,家用电器,厨卫电器,卫浴电器
301092.SZ,争光股份,600027.438,44.6,20260828,基础化工,塑料,合成树脂
002154.SZ,报喜鸟,599786.1507,4.11,20260828,纺织服饰,服装家纺,非运动服装
300164.SZ,通源石油,599639.3134,10.19,20260828,石油石化,油服工程,油气及炼化工程
002263.SZ,大东南,599196.8719,3.19,20260828,基础化工,塑料,膜材料
688419.SH,耐科装备,599105.391,52.3,20260828,电子,半导体,半导体设备
300307.SZ,慈星股份,598814.1676,7.48,20260828,机械设备,专用设备,纺织服装设备
688653.SH,康希通信,598516.8,14.1,20260828,电子,半导体,模拟芯片设计
300039.SZ,上海凯宝,598312.0,5.72,20260828,医药生物,中药Ⅱ,中药Ⅲ
300443.SZ,金雷股份,598011.4328,18.68,20260828,电力设备,风电设备,风电零部件
600829.SH,人民同泰,597865.1466,10.31,20260828,医药生物,医药商业,医药流通
300488.SZ,恒锋工具,597565.0,31.25,20260828,机械设备,通用设备,金属制品
001283.SZ,豪鹏科技,597306.5406,46.06,20260828,电力设备,电池,锂电池
002997.SZ,瑞鹄模具,597193.6689,28.53,20260828,汽车,汽车零部件,其他汽车零部件
300680.SZ,隆盛科技,597051.217,20.3,20260828,汽车,汽车零部件,底盘与发动机系统
300047.SZ,天源迪科,596929.0392,9.36,20260828,计算机,软件开发,垂直应用软件
002328.SZ,新朋股份,596578.21,7.73,20260828,汽车,汽车零部件,其他汽车零部件
002298.SZ,中电鑫龙,596529.3854,8.06,20260828,计算机,软件开发,垂直应用软件
301003.SZ,江苏博云,596495.5953,61.41,20260828,基础化工,塑料,改性塑料
300232.SZ,洲明科技,596396.835,5.47,20260828,电子,光学光电子,LED
301387.SZ,光大同创,596276.6583,55.57,20260828,电子,消费电子,消费电子零部件及组装
300249.SZ,依米康,595953.41,13.0,20260828,计算机,计算机设备,其他计算机设备
000531.SZ,穗恒运A,595681.5436,5.72,20260828,公用事业,电力,火力发电
300360.SZ,炬华科技,595428.6618,11.58,20260828,电力设备,电网设备,电工仪器仪表
301408.SZ,华人健康,595214.88,14.88,20260828,医药生物,医药商业,线下药店
688656.SH,浩欧博,595105.7634,93.69,20260828,医药生物,医疗器械,体外诊断
300722.SZ,新余国科,595026.475,21.5,20260828,国防军工,航天装备Ⅱ,航天装备Ⅲ
000409.SZ,云鼎科技,594988.4652,8.78,20260828,计算机,IT服务Ⅱ,IT服务Ⅲ
301305.SZ,朗坤科技,594981.617,24.59,20260828,环保,环境治理,固废治理
601011.SH,宝泰隆,593855.995,3.1,20260828,煤炭,焦炭Ⅱ,焦炭Ⅲ
301252.SZ,同星科技,593812.069,35.09,20260828,家用电器,家电零部件Ⅱ,家电零部件Ⅲ
600721.SH,百花医药,593741.4944,15.44,20260828,医药生物,医疗服务,医疗研发外包
603108.SH,润达医疗,593720.9316,9.82,20260828,医药生物,医药商业,医药流通
688575.SH,亚辉龙,593672.4437,10.39,20260828,医药生物,医疗器械,体外诊断
301379.SZ,天山电子,593255.8746,21.38,20260828,电子,光学光电子,面板
000037.SZ,深南电A,593118.3984,9.84,20260828,公用事业,电力,火力发电
688799.SH,华纳药厂,592813.732,44.36,20260828,医药生物,化学制药,化学制剂
601588.SH,北辰实业,592595.52,1.76,20260828,房地产,房地产开发,住宅开发
300809.SZ,华辰装备,592267.5712,23.36,20260828,机械设备,通用设备,机床工具
600477.SH,杭萧钢构,592101.0684,2.51,20260828,建筑装饰,专业工程,钢结构
603877.SH,太平鸟,592080.048,12.6,20260828,纺织服饰,服装家纺,非运动服装
600358.SH,国旅联合,592046.0986,5.09,20260828,传媒,广告营销,营销代理
002752.SZ,昇兴股份,592012.5504,6.06,20260828,轻工制造,包装印刷,金属包装
002068.SZ,黑猫股份,591952.886,8.05,20260828,基础化工,橡胶,炭黑
920178.BJ,锐翔智能,591728.2671,89.74,20260828,机械设备,自动化设备,其他自动化设备
301608.SZ,博实结,591374.146,44.6,20260828,计算机,计算机设备,其他计算机设备
000670.SZ,盈方微,591315.1894,6.99,20260828,电子,其他电子Ⅱ,其他电子Ⅲ
300505.SZ,川金诺,590965.125,21.5,20260828,基础化工,农化制品,磷肥及磷化工
600035.SH,楚天高速,590912.5353,3.67,20260828,交通运输,铁路公路,高速公路
002232.SZ,启明信息,590352.5825,14.45,20260828,计算机,IT服务Ⅱ,IT服务Ⅲ
603609.SH,禾丰股份,590322.9051,6.53,20260828,农林牧渔,饲料,畜禽饲料
605339.SH,南侨食品,590188.2246,13.91,20260828,食品饮料,休闲食品,烘焙食品
688499.SH,利元亨,589874.836,34.96,20260828,电力设备,电池,锂电专用设备
301101.SZ,明月镜片,589825.9167,29.27,20260828,轻工制造,文娱用品,文化用品
600592.SH,龙溪股份,589741.1136,14.76,20260828,机械设备,通用设备,金属制品
601968.SH,宝钢包装,589410.129,4.62,20260828,轻工制造,包装印刷,金属包装
600106.SH,重庆路桥,588758.1193,4.43,20260828,交通运输,铁路公路,高速公路
688226.SH,威腾电气,588649.2714,30.02,20260828,电力设备,电网设备,线缆部件及其他
600650.SH,锦江在线,588567.9767,10.67,20260828,交通运输,铁路公路,公交
600576.SH,祥源文旅,588438.063,5.58,20260828,社会服务,旅游及景区,自然景区
300082.SZ,奥克股份,588284.943,8.65,20260828,基础化工,化学原料,其他化学原料
688526.SH,科前生物,588253.6622,12.62,20260828,农林牧渔,动物保健Ⅱ,动物保健Ⅲ
300203.SZ,聚光科技,587846.256,13.1,20260828,环保,环保设备Ⅱ,环保设备Ⅲ
301000.SZ,肇民科技,587620.9696,24.16,20260828,汽车,汽车零部件,其他汽车零部件
600983.SH,惠而浦,587092.274,7.66,20260828,家用电器,白色家电,冰洗
300619.SZ,金银河,586987.7025,25.95,20260828,电力设备,电池,锂电专用设备
000915.SZ,华特达因,586766.076,25.04,20260828,医药生物,化学制药,化学制剂
603211.SH,晋拓股份,586561.664,21.58,20260828,汽车,汽车零部件,其他汽车零部件
300369.SZ,绿盟科技,586079.6337,7.23,20260828,计算机,软件开发,横向通用软件
688232.SH,新点软件,585363.276,18.18,20260828,计算机,软件开发,垂直应用软件
300946.SZ,恒而达,585341.2656,37.52,20260828,机械设备,通用设备,金属制品
603352.SH,至信股份,585253.1612,25.82,20260828,汽车,汽车零部件,其他汽车零部件
002950.SZ,奥美医疗,585137.322,9.24,20260828,医药生物,医疗器械,医疗耗材
002559.SZ,亚威股份,584737.7551,9.11,20260828,机械设备,通用设备,机床工具
600223.SH,福瑞达,584527.06,5.75,20260828,美容护理,化妆品,品牌化妆品
301137.SZ,哈焊华通,583984.6408,32.12,20260828,机械设备,通用设备,金属制品
002101.SZ,广东鸿图,583947.063,8.81,20260828,汽车,汽车零部件,其他汽车零部件
688219.SH,会通股份,583675.2,10.62,20260828,基础化工,塑料,改性塑料
688309.SH,恒誉环保,582964.3446,73.42,20260828,环保,环保设备Ⅱ,环保设备Ⅲ
603587.SH,地素时尚,582842.5524,12.33,20260828,纺织服饰,服装家纺,非运动服装
301367.SZ,瑞迈特,582823.0288,46.52,20260828,医药生物,医疗器械,医疗设备
300046.SZ,台基股份,582813.3696,24.64,20260828,电子,半导体,分立器件
301322.SZ,绿通科技,582749.3515,40.85,20260828,汽车,摩托车及其他,其他运输设备
688719.SH,爱科赛博,582696.27,50.5,20260828,电力设备,其他电源设备Ⅱ,其他电源设备Ⅲ
002637.SZ,赞宇科技,582356.438,12.38,20260828,基础化工,化学制品,其他化学制品
300087.SZ,荃银高科,581661.7252,6.14,20260828,农林牧渔,种植业,种子
300470.SZ,中密控股,581593.6356,27.97,20260828,机械设备,通用设备,其他通用设备
688334.SH,西高院,581556.5415,18.37,20260828,社会服务,专业服务,检测服务
603336.SH,宏辉果蔬,581326.5495,9.55,20260828,农林牧渔,种植业,其他种植业
301439.SZ,泓淋电力,580928.9874,14.93,20260828,电力设备,电网设备,线缆部件及其他
002649.SZ,博彦科技,580788.7772,9.82,20260828,计算机,IT服务Ⅱ,IT服务Ⅲ
688408.SH,中信博,580524.635,26.5,20260828,电力设备,光伏设备,光伏辅材
301261.SZ,恒工精密,580181.1183,55.01,20260828,机械设备,通用设备,金属制品
603135.SH,中重科技,579710.9894,9.14,20260828,机械设备,专用设备,能源及重型设备
300048.SZ,合康新能,578629.5214,5.11,20260828,机械设备,自动化设备,工控设备
000036.SZ,华联控股,578373.3044,4.12,20260828,房地产,房地产开发,住宅开发
688689.SH,银河微电,578182.92,39.9,20260828,电子,半导体,分立器件
000042.SZ,中洲控股,577738.2259,8.69,20260828,房地产,房地产开发,住宅开发
688685.SH,迈信林,577127.181,39.3,20260828,国防军工,航空装备Ⅱ,航空装备Ⅲ
603889.SH,新澳股份,577116.4576,6.08,20260828,纺织服饰,纺织制造,其他纺织
601199.SH,江南水务,577024.7551,6.17,20260828,环保,环境治理,水务及水治理
600081.SH,东风科技,575700.2742,10.41,20260828,汽车,汽车零部件,车身附件及饰件
600769.SH,祥龙电业,575590.002,15.35,20260828,环保,环境治理,水务及水治理
600855.SH,航天长峰,575370.4356,12.28,20260828,国防军工,军工电子Ⅱ,军工电子Ⅲ
002164.SZ,宁波东力,575279.6616,10.81,20260828,机械设备,通用设备,金属制品
300019.SZ,硅宝科技,575129.7321,14.63,20260828,基础化工,化学制品,有机硅
600742.SH,富维股份,575126.8146,7.74,20260828,汽车,汽车零部件,车身附件及饰件
603400.SH,华之杰,575017.5129,44.29,20260828,机械设备,通用设备,金属制品
001229.SZ,魅视科技,574875.8568,40.08,20260828,计算机,计算机设备,其他计算机设备
002530.SZ,金财互联,574269.0734,7.37,20260828,机械设备,专用设备,其他专用设备
300084.SZ,海默科技,574002.8554,10.46,20260828,机械设备,专用设备,能源及重型设备
600278.SH,东方创业,573965.9729,6.67,20260828,商贸零售,贸易Ⅱ,贸易Ⅲ
002510.SZ,天汽模,573553.3655,5.65,20260828,汽车,汽车零部件,其他汽车零部件
001313.SZ,粤海饲料,573300.0,8.19,20260828,农林牧渔,饲料,水产饲料
603887.SH,城地香江,573131.9888,9.52,20260828,计算机,IT服务Ⅱ,IT服务Ⅲ
003004.SZ,声迅股份,573128.7718,70.01,20260828,计算机,计算机设备,安防设备
300292.SZ,吴通控股,572933.655,4.27,20260828,通信,通信服务,通信应用增值服务
002455.SZ,百川股份,572912.7625,7.93,20260828,基础化工,化学制品,其他化学制品
002884.SZ,凌霄泵业,572649.6825,16.01,20260828,机械设备,通用设备,其他通用设备
002562.SZ,兄弟科技,572553.7719,5.01,20260828,基础化工,化学制品,食品及饲料添加剂
300545.SZ,联得装备,572148.419,30.85,20260828,电子,光学光电子,面板
301517.SZ,陕西华达,571677.372,37.8,20260828,国防军工,军工电子Ⅱ,军工电子Ⅲ
002606.SZ,大连电瓷,571673.3064,13.02,20260828,电力设备,电网设备,线缆部件及其他
605056.SH,咸亨国际,570694.1208,13.94,20260828,机械设备,通用设备,仪器仪表
300397.SZ,天和防务,570435.6434,11.02,20260828,国防军工,军工电子Ⅱ,军工电子Ⅲ
688109.SH,品茗科技,570187.5136,72.32,20260828,计算机,软件开发,垂直应用软件
301419.SZ,阿莱德,569100.3794,37.94,20260828,通信,通信设备,通信网络设备及器件
002218.SZ,拓日新能,568953.2404,4.04,20260828,公用事业,电力,光伏发电
603507.SH,振江股份,568662.92,23.8,20260828,电力设备,风电设备,风电零部件
000430.SZ,张家界,568364.0508,7.02,20260828,社会服务,旅游及景区,自然景区
300138.SZ,晨光生物,568125.7176,11.76,20260828,农林牧渔,农产品加工,其他农产品加工
603098.SH,森特股份,568114.56,10.53,20260828,建筑装饰,专业工程,钢结构
688095.SH,福昕软件,568073.371,62.18,20260828,计算机,软件开发,横向通用软件
603370.SH,华新精科,568062.65,32.47,20260828,电力设备,电机Ⅱ,电机Ⅲ
300403.SZ,汉宇集团,568026.0,9.42,20260828,家用电器,家电零部件Ⅱ,家电零部件Ⅲ
300018.SZ,中元股份,567881.601,11.62,20260828,电力设备,电网设备,电网自动化设备
688655.SH,迅捷兴,567574.45,42.55,20260828,电子,元件,印制电路板
688562.SH,航天软件,567200.0,14.18,20260828,计算机,IT服务Ⅱ,IT服务Ⅲ
000717.SZ,中南股份,567179.8704,2.34,20260828,钢铁,普钢,长材
688787.SH,海天瑞声,567177.5304,94.02,20260828,计算机,IT服务Ⅱ,IT服务Ⅲ
300705.SZ,九典制药,566829.9296,11.33,20260828,医药生物,化学制药,化学制剂
300547.SZ,川环科技,566775.9006,26.13,20260828,汽车,汽车零部件,底盘与发动机系统
301632.SZ,广东建科,566311.68,13.53,20260828,社会服务,专业服务,检测服务
603776.SH,永安行,566294.1302,20.17,20260828,汽车,摩托车及其他,摩托车
001376.SZ,百通能源,565798.8,11.58,20260828,公用事业,电力,热力服务
301303.SZ,真兰仪表,565779.2,13.84,20260828,机械设备,通用设备,仪器仪表
002860.SZ,星帅尔,565192.8855,16.05,20260828,家用电器,家电零部件Ⅱ,家电零部件Ⅲ
300463.SZ,迈克生物,564153.9378,9.33,20260828,医药生物,医疗器械,体外诊断
300581.SZ,晨曦航空,563862.2375,10.25,20260828,国防军工,航空装备Ⅱ,航空装备Ⅲ
600234.SH,科新发展,563632.587,21.47,20260828,建筑装饰,装修装饰Ⅱ,装修装饰Ⅲ
600217.SH,中再资环,563602.258,3.4,20260828,环保,环境治理,固废治理
688711.SH,宏微科技,563339.7475,25.99,20260828,电子,半导体,分立器件
000045.SZ,深纺织A,563252.2416,11.12,20260828,电子,光学光电子,面板
300491.SZ,通合科技,563203.756,31.7,20260828,电力设备,其他电源设备Ⅱ,其他电源设备Ⅲ
000900.SZ,现代投资,563114.3364,3.71,20260828,交通运输,铁路公路,高速公路
600981.SH,苏豪汇鸿,562850.7332,2.51,20260828,商贸零售,贸易Ⅱ,贸易Ⅲ
600189.SH,泉阳泉,562145.4708,7.86,20260828,食品饮料,饮料乳品,软饮料
301265.SZ,华新科技,561712.2794,18.54,20260828,环保,环境治理,固废治理
688069.SH,德林海,561529.305,35.85,20260828,环保,环境治理,水务及水治理
600826.SH,兰生股份,561242.29,7.75,20260828,社会服务,专业服务,会展服务
605018.SH,长华集团,560788.4994,11.93,20260828,汽车,汽车零部件,其他汽车零部件
000501.SZ,武商集团,560595.6783,7.29,20260828,商贸零售,一般零售,百货
301230.SZ,泓博医药,560012.7045,30.95,20260828,医药生物,医疗服务,医疗研发外包
002026.SZ,山东威达,559916.0449,12.71,20260828,机械设备,通用设备,金属制品
003033.SZ,征和工业,558924.75,68.37,20260828,汽车,摩托车及其他,摩托车
000411.SZ,英特集团,558635.7599,9.89,20260828,医药生物,医药商业,医药流通
688073.SH,毕得医药,558384.5376,61.44,20260828,医药生物,医疗服务,医疗研发外包
002685.SZ,华东重机,558260.5924,5.54,20260828,机械设备,工程机械,工程机械整机
000948.SZ,南天信息,557930.8728,14.31,20260828,计算机,软件开发,垂直应用软件
002953.SZ,日丰股份,557451.3798,11.34,20260828,电力设备,电网设备,线缆部件及其他
600603.SH,广汇物流,557285.4,4.83,20260828,交通运输,物流,原材料供应链服务
603353.SH,和顺石油,556926.024,32.68,20260828,石油石化,炼化及贸易,油品石化贸易
003041.SZ,真爱美家,556848.0,38.67,20260828,纺织服饰,服装家纺,家纺
002418.SZ,康盛股份,556836.0,4.9,20260828,家用电器,家电零部件Ⅱ,家电零部件Ⅲ
600819.SH,耀皮玻璃,556751.547,5.7,20260828,建筑材料,玻璃玻纤,玻璃制造
600868.SH,梅雁吉祥,556157.5691,2.93,20260828,公用事业,电力,水力发电
300043.SZ,星辉娱乐,556156.6848,4.47,20260828,传媒,游戏Ⅱ,游戏Ⅲ
002301.SZ,齐心集团,556038.0672,7.68,20260828,轻工制造,文娱用品,文化用品
601008.SH,连云港,555805.824,4.48,20260828,交通运输,航运港口,港口
603682.SH,锦和商管,555660.0,11.76,20260828,商贸零售,一般零售,商业物业经营
301132.SZ,满坤科技,555619.4224,37.52,20260828,电子,元件,印制电路板
301508.SZ,中机认检,555491.3364,24.57,20260828,社会服务,专业服务,检测服务
601086.SH,国芳集团,555444.0,8.34,20260828,商贸零售,一般零售,百货
688170.SH,德龙激光,555043.2,53.7,20260828,机械设备,自动化设备,激光设备
301120.SZ,新特电气,554838.1464,14.87,20260828,电力设备,电网设备,输变电设备
920119.BJ,美德乐,554743.3161,54.94,20260828,电力设备,电池,锂电专用设备
003012.SZ,东鹏控股,554193.9747,4.79,20260828,轻工制造,家居用品,瓷砖地板
000608.SZ,阳光股份,554185.9287,7.39,20260828,房地产,房地产开发,商业地产
300258.SZ,精锻科技,554039.6984,9.47,20260828,汽车,汽车零部件,底盘与发动机系统
603848.SH,好太太,553711.344,13.76,20260828,轻工制造,家居用品,成品家居
600743.SH,华远控股,553679.8124,2.36,20260828,房地产,房地产开发,住宅开发
300792.SZ,壹网壹创,553277.8344,23.28,20260828,商贸零售,互联网电商,电商服务
601177.SH,杭齿前进,553267.2195,13.57,20260828,机械设备,通用设备,金属制品
603855.SH,华荣股份,553180.529,16.39,20260828,机械设备,专用设备,其他专用设备
002567.SZ,唐人神,553157.8404,3.86,20260828,农林牧渔,饲料,畜禽饲料
002657.SZ,中科金财,553081.657,16.3,20260828,计算机,IT服务Ⅱ,IT服务Ⅲ
688767.SH,博拓生物,552533.21,37.0,20260828,医药生物,医疗器械,体外诊断
301218.SZ,华是科技,552523.8,48.45,20260828,计算机,IT服务Ⅱ,IT服务Ⅲ
002746.SZ,仙坛股份,552465.8454,6.42,20260828,农林牧渔,养殖业,肉鸡养殖
688151.SH,华强科技,552233.5,16.03,20260828,医药生物,医疗器械,医疗耗材
603380.SH,易德龙,551917.728,34.4,20260828,电子,消费电子,消费电子零部件及组装
600694.SH,大商股份,551523.4816,14.56,20260828,商贸零售,一般零售,多业态零售
002774.SZ,快意电梯,551494.7802,16.38,20260828,机械设备,专用设备,楼宇设备
300825.SZ,阿尔特,551296.877,11.14,20260828,汽车,汽车服务,汽车综合服务
300632.SZ,光莆股份,551157.9696,18.06,20260828,电子,光学光电子,LED
002334.SZ,英威腾,551079.3792,6.72,20260828,机械设备,自动化设备,工控设备
600714.SH,金瑞矿业,550993.0856,19.12,20260828,基础化工,化学原料,无机盐
688236.SH,春立医疗,550804.366,14.36,20260828,医药生物,医疗器械,医疗耗材
603666.SH,亿嘉和,550410.4112,26.78,20260828,机械设备,自动化设备,机器人
002793.SZ,罗欣药业,550319.781,5.06,20260828,医药生物,化学制药,化学制剂
300996.SZ,普联软件,549357.6304,13.88,20260828,计算机,软件开发,垂直应用软件
002707.SZ,众信旅游,549337.685,5.59,20260828,社会服务,旅游及景区,旅游综合
000782.SZ,恒申新材,549265.2,8.0,20260828,基础化工,化学纤维,锦纶
003026.SZ,中晶科技,549032.4624,29.24,20260828,电子,半导体,半导体材料
600982.SH,宁波能源,548755.1025,4.91,20260828,公用事业,电力,热力服务
605009.SH,豪悦护理,548356.5825,25.51,20260828,美容护理,个护用品,生活用纸
000557.SZ,西部创业,548348.8872,3.76,20260828,交通运输,铁路公路,铁路运输
300561.SZ,汇金科技,548268.468,16.71,20260828,计算机,软件开发,垂直应用软件
688721.SH,龙图光罩,548017.5,41.05,20260828,电子,半导体,半导体材料
300351.SZ,永贵电器,547977.1672,14.09,20260828,机械设备,轨交设备Ⅱ,轨交设备Ⅲ
000920.SZ,沃顿科技,547767.9708,11.59,20260828,基础化工,塑料,膜材料
300737.SZ,科顺股份,547356.3559,4.93,20260828,建筑材料,装修建材,防水材料
603567.SH,珍宝岛,547216.9446,5.82,20260828,医药生物,中药Ⅱ,中药Ⅲ
301017.SZ,漱玉平民,547163.9779,13.49,20260828,医药生物,医药商业,线下药店
002376.SZ,新北洋,547129.755,6.75,20260828,计算机,计算机设备,其他计算机设备
002134.SZ,天津普林,546933.8758,22.07,20260828,电子,元件,印制电路板
603130.SH,云中马,546618.945,39.75,20260828,纺织服饰,纺织制造,其他纺织
300154.SZ,瑞凌股份,546209.568,12.15,20260828,机械设备,通用设备,其他通用设备
300465.SZ,高伟达,545811.762,12.3,20260828,计算机,软件开发,垂直应用软件
002553.SZ,南方精工,545664.4224,15.44,20260828,汽车,汽车零部件,底盘与发动机系统
688693.SH,锴威特,545336.7642,74.01,20260828,电子,半导体,分立器件
000011.SZ,深物业A,545320.8765,9.15,20260828,房地产,房地产开发,住宅开发
300451.SZ,创业慧康,545291.8944,3.52,20260828,计算机,软件开发,垂直应用软件
603275.SH,众辰科技,544968.8634,36.66,20260828,机械设备,自动化设备,工控设备
920368.BJ,连城数控,544690.6208,23.2,20260828,电力设备,光伏设备,光伏加工设备
603901.SH,永创智能,544395.9264,9.44,20260828,机械设备,专用设备,印刷包装机械
002201.SZ,九鼎新材,544116.227,8.35,20260828,建筑材料,玻璃玻纤,玻纤制造
603153.SH,上海建科,543885.6797,13.27,20260828,建筑装饰,工程咨询服务Ⅱ,工程咨询服务Ⅲ
000888.SZ,峨眉山A,543774.3192,10.32,20260828,社会服务,旅游及景区,自然景区
600121.SH,郑州煤电,543411.752,4.46,20260828,煤炭,煤炭开采,动力煤
688707.SH,振华新材,542825.7934,10.67,20260828,电力设备,电池,电池化学品
603068.SH,博通集成,542487.8102,35.74,20260828,电子,半导体,模拟芯片设计
603318.SH,水发燃气,542470.3896,9.78,20260828,公用事业,燃气Ⅱ,燃气Ⅲ
601279.SH,英利汽车,542338.812,3.42,20260828,汽车,汽车零部件,其他汽车零部件
600593.SH,大连圣亚,541738.085,41.53,20260828,社会服务,旅游及景区,人工景区
300120.SZ,经纬辉开,541653.4477,9.43,20260828,电子,光学光电子,面板
001356.SZ,富岭股份,541585.08,9.19,20260828,轻工制造,家居用品,其他家居用品
603111.SH,康尼机电,541355.2796,6.28,20260828,机械设备,轨交设备Ⅱ,轨交设备Ⅲ
300791.SZ,仙乐健康,540627.8778,17.54,20260828,食品饮料,食品加工,保健品
300918.SZ,南山智尚,540551.5392,10.68,20260828,纺织服饰,纺织制造,其他纺织
301556.SZ,托普云农,540248.8,63.35,20260828,计算机,IT服务Ⅱ,IT服务Ⅲ
002791.SZ,坚朗五金,540028.51,15.26,20260828,建筑材料,装修建材,其他建材
603686.SH,福龙马,539644.0896,12.99,20260828,环保,环境治理,综合环境治理
300531.SZ,优博讯,539412.552,16.8,20260828,计算机,计算机设备,其他计算机设备
002543.SZ,万和电气,539110.0,7.25,20260828,家用电器,厨卫电器,卫浴电器
300715.SZ,凯伦股份,538728.945,14.25,20260828,建筑材料,装修建材,防水材料
920037.BJ,广信科技,538570.1866,42.06,20260828,电力设备,电网设备,线缆部件及其他
688379.SH,华光新材,538243.1595,56.67,20260828,机械设备,通用设备,金属制品
300733.SZ,西菱动力,537396.1165,13.55,20260828,汽车,汽车零部件,底盘与发动机系统
600191.SH,华资实业,536819.724,11.07,20260828,农林牧渔,农产品加工,其他农产品加工
002956.SZ,西麦食品,536640.9669,17.17,20260828,食品饮料,休闲食品,烘焙食品
002419.SZ,天虹股份,536390.602,4.7,20260828,商贸零售,一般零售,百货
300963.SZ,中洲特材,536150.16,11.69,20260828,有色金属,金属新材料,其他金属新材料
002481.SZ,双塔食品,535424.281,4.34,20260828,农林牧渔,农产品加工,其他农产品加工
600237.SH,铜峰电子,535285.8402,8.49,20260828,电子,元件,被动元件
920015.BJ,锦华新材,535217.2013,39.48,20260828,基础化工,化学制品,有机硅
301557.SZ,常友科技,535203.468,86.28,20260828,电力设备,风电设备,风电零部件
301201.SZ,诚达药业,535155.0342,34.59,20260828,医药生物,医疗服务,医疗研发外包
688323.SH,瑞华泰,535063.461,26.7,20260828,基础化工,塑料,膜材料
601518.SH,吉林高速,535026.5556,2.83,20260828,交通运输,铁路公路,高速公路
002724.SZ,海洋王,534648.114,6.93,20260828,家用电器,照明设备Ⅱ,照明设备Ⅲ
600569.SH,安阳钢铁,534270.3804,1.86,20260828,钢铁,普钢,板材
000713.SZ,国投丰乐,534008.8455,6.69,20260828,农林牧渔,种植业,种子
301053.SZ,远信工业,534003.9846,40.49,20260828,机械设备,专用设备,纺织服装设备
000505.SZ,京粮控股,533581.5202,7.34,20260828,农林牧渔,农产品加工,粮油加工
600605.SH,汇通能源,533033.7216,25.84,20260828,商贸零售,一般零售,商业物业经营
600272.SH,开开实业,532920.7051,20.29,20260828,医药生物,医药商业,医药流通
603285.SH,键邦股份,532800.0,33.3,20260828,基础化工,化学制品,其他化学制品
688386.SH,泛亚微透,531912.06,53.4,20260828,基础化工,塑料,膜材料
600784.SH,鲁银投资,531738.3601,7.87,20260828,基础化工,化学原料,无机盐
300278.SZ,华昌达,531621.324,3.76,20260828,机械设备,自动化设备,工控设备
603668.SH,天马科技,531592.3317,10.51,20260828,农林牧渔,饲料,水产饲料
002640.SZ,跨境通,531292.1174,3.41,20260828,商贸零售,互联网电商,跨境电商
688345.SH,博力威,530958.4276,52.12,20260828,电力设备,电池,锂电池
300797.SZ,钢研纳克,530844.0134,13.87,20260828,社会服务,专业服务,检测服务
605299.SH,舒华体育,530772.4086,13.02,20260828,轻工制造,文娱用品,娱乐用品
002047.SZ,宝鹰股份,530687.045,3.5,20260828,建筑装饰,装修装饰Ⅱ,装修装饰Ⅲ
600300.SH,维维股份,530422.6416,3.28,20260828,食品饮料,饮料乳品,软饮料
002327.SZ,富安娜,530339.9844,6.36,20260828,纺织服饰,服装家纺,家纺
301239.SZ,普瑞眼科,529950.498,35.42,20260828,医药生物,医疗服务,医院
605287.SH,德才股份,529200.0,37.8,20260828,建筑装饰,装修装饰Ⅱ,装修装饰Ⅲ
002632.SZ,道明光学,529035.4377,8.47,20260828,基础化工,塑料,膜材料
300507.SZ,苏奥传感,529033.5134,6.58,20260828,汽车,汽车零部件,底盘与发动机系统
002986.SZ,宇新股份,528748.8674,13.91,20260828,石油石化,炼化及贸易,其他石化
603158.SH,腾龙股份,528559.3977,10.77,20260828,汽车,汽车零部件,底盘与发动机系统
301468.SZ,博盈特焊,528080.3682,31.22,20260828,机械设备,通用设备,其他通用设备
002577.SZ,雷柏科技,527693.44,18.8,20260828,计算机,计算机设备,其他计算机设备
600825.SH,新华传媒,527668.3895,5.05,20260828,传媒,出版,大众出版
688117.SH,圣诺生物,527274.5772,23.93,20260828,医药生物,化学制药,化学制剂
002805.SZ,丰元股份,526517.5,18.8,20260828,电力设备,电池,电池化学品
002238.SZ,天威视讯,526478.8352,6.56,20260828,传媒,电视广播Ⅱ,电视广播Ⅲ
688228.SH,开普云,526288.2828,77.91,20260828,计算机,IT服务Ⅱ,IT服务Ⅲ
301085.SZ,亚康股份,525860.742,60.6,20260828,计算机,IT服务Ⅱ,IT服务Ⅲ
600138.SH,中青旅,525507.84,7.26,20260828,社会服务,旅游及景区,人工景区
301115.SZ,联检科技,525417.3678,28.86,20260828,社会服务,专业服务,检测服务
300161.SZ,华中数控,525354.6036,26.44,20260828,机械设备,通用设备,机床工具
000571.SZ,新大洲A,525294.8166,6.26,20260828,煤炭,煤炭开采,动力煤
300611.SZ,美力科技,525153.8536,24.88,20260828,汽车,汽车零部件,底盘与发动机系统
301609.SZ,山大电力,524962.24,32.23,20260828,电力设备,电网设备,电网自动化设备
000852.SZ,石化机械,524717.8398,5.49,20260828,机械设备,专用设备,能源及重型设备
300016.SZ,北陆药业,524684.1094,9.02,20260828,医药生物,化学制药,化学制剂
300727.SZ,润禾材料,524557.1968,29.12,20260828,基础化工,化学制品,有机硅
301211.SZ,亨迪药业,524505.6,12.56,20260828,医药生物,化学制药,原料药
002066.SZ,瑞泰科技,524077.517,22.31,20260828,建筑材料,装修建材,耐火材料
300158.SZ,振东制药,523935.984,5.28,20260828,医药生物,中药Ⅱ,中药Ⅲ
301076.SZ,新瀚新材,523876.9424,22.96,20260828,基础化工,化学制品,其他化学制品
002383.SZ,合众思壮,523434.7321,7.07,20260828,国防军工,军工电子Ⅱ,军工电子Ⅲ
002191.SZ,劲嘉股份,523172.156,3.7,20260828,轻工制造,包装印刷,纸包装
300293.SZ,蓝英装备,522548.4264,15.44,20260828,机械设备,专用设备,其他专用设备
002124.SZ,天邦食品,522154.443,2.35,20260828,农林牧渔,养殖业,生猪养殖
301281.SZ,科源制药,521957.8,48.2,20260828,医药生物,化学制药,原料药
603727.SH,博迈科,521744.1436,18.52,20260828,石油石化,油服工程,油气及炼化工程
002777.SZ,久远银海,521719.218,12.78,20260828,计算机,IT服务Ⅱ,IT服务Ⅲ
300590.SZ,移为通信,521402.772,11.28,20260828,通信,通信设备,通信终端及配件
600073.SH,光明肉业,521377.602,5.56,20260828,食品饮料,食品加工,肉制品
688776.SH,国光电气,521107.3872,48.08,20260828,国防军工,军工电子Ⅱ,军工电子Ⅲ
600279.SH,重庆港,521034.3057,4.39,20260828,交通运输,航运港口,港口
603408.SH,建霖家居,520974.972,11.64,20260828,轻工制造,家居用品,卫浴制品
300300.SZ,海峡创新,520807.5851,7.81,20260828,计算机,IT服务Ⅱ,IT服务Ⅲ
002196.SZ,方正电机,520169.6231,10.49,20260828,电力设备,电机Ⅱ,电机Ⅲ
301525.SZ,儒竞科技,520091.7735,39.39,20260828,机械设备,通用设备,制冷空调设备
600644.SH,乐山电力,519910.3992,8.99,20260828,公用事业,电力,电能综合服务
688197.SH,首药控股-U,519625.5836,34.94,20260828,医药生物,化学制药,化学制剂
002344.SZ,海宁皮城,519459.885,4.05,20260828,商贸零售,一般零售,商业物业经营
300767.SZ,震安科技,519427.268,18.8,20260828,基础化工,橡胶,其他橡胶制品
603511.SH,爱慕股份,519113.2297,12.79,20260828,纺织服饰,服装家纺,非运动服装
300066.SZ,三川智慧,518976.5668,4.99,20260828,机械设备,通用设备,仪器仪表
002111.SZ,威海广泰,518710.8225,9.75,20260828,国防军工,航空装备Ⅱ,航空装备Ⅲ
002443.SZ,金洲管道,518453.358,9.96,20260828,钢铁,特钢Ⅱ,特钢Ⅲ
603499.SH,翔港科技,518102.0583,12.23,20260828,轻工制造,包装印刷,纸包装
300036.SZ,超图软件,517897.8017,10.51,20260828,计算机,软件开发,横向通用软件
301028.SZ,鼎熔岩,517675.902,13.4,20260828,机械设备,通用设备,其他通用设备
002235.SZ,安妮股份,517558.0639,8.93,20260828,轻工制造,造纸,特种纸
002146.SZ,荣盛发展,517431.5041,1.19,20260828,房地产,房地产开发,住宅开发
300711.SZ,广哈通信,516839.1248,18.43,20260828,通信,通信设备,其他通信设备
301268.SZ,铭利达,516693.9743,12.89,20260828,机械设备,通用设备,金属制品
000652.SZ,泰达股份,516604.236,3.54,20260828,综合,综合Ⅱ,综合Ⅲ
301613.SZ,新铝时代,516246.0668,35.89,20260828,汽车,汽车零部件,其他汽车零部件
603212.SH,赛伍技术,516238.908,11.8,20260828,电力设备,光伏设备,光伏辅材
300860.SZ,锋尚文化,515978.0166,27.38,20260828,社会服务,专业服务,会展服务
300055.SZ,万邦达,515437.7536,6.16,20260828,石油石化,炼化及贸易,其他石化
300287.SZ,飞利信,515263.2942,3.59,20260828,计算机,IT服务Ⅱ,IT服务Ⅲ
001223.SZ,欧克科技,515060.3248,39.41,20260828,机械设备,自动化设备,其他自动化设备
603610.SH,麒盛科技,515014.7444,14.59,20260828,轻工制造,家居用品,成品家居
300688.SZ,创业黑马,514859.342,30.76,20260828,社会服务,教育,培训教育
300856.SZ,科思股份,514693.5504,10.82,20260828,美容护理,化妆品,化妆品制造及其他
002479.SZ,富春环保,514675.0,5.95,20260828,公用事业,电力,热力服务
002880.SZ,卫光生物,514609.2,22.69,20260828,医药生物,生物制品,血液制品
603088.SH,宁波精达,514445.2096,10.24,20260828,机械设备,通用设备,机床工具
301348.SZ,蓝箭电子,514320.0,21.43,20260828,电子,半导体,集成电路封测
600231.SH,凌钢股份,514099.3486,1.79,20260828,钢铁,普钢,长材
300461.SZ,田中精机,514048.7781,32.63,20260828,机械设备,自动化设备,其他自动化设备
002973.SZ,侨银股份,513692.7849,12.57,20260828,环保,环境治理,固废治理
002959.SZ,小熊电器,513471.712,32.95,20260828,家用电器,小家电,厨房小家电
002940.SZ,昂利康,513196.5408,25.44,20260828,医药生物,化学制药,化学制剂
002166.SZ,莱茵生物,513193.7048,6.92,20260828,基础化工,化学制品,食品及饲料添加剂
002876.SZ,三利谱,513134.3399,29.51,20260828,电子,光学光电子,面板
600817.SH,宇通重工,512912.3952,9.64,20260828,环保,环保设备Ⅱ,环保设备Ⅲ
301558.SZ,三态股份,512753.345,6.5,20260828,商贸零售,互联网电商,跨境电商
688137.SH,近岸蛋白,512635.11,73.32,20260828,医药生物,生物制品,其他生物制品
001207.SZ,联科科技,512302.882,16.9,20260828,基础化工,橡胶,炭黑
002358.SZ,森源电气,512296.107,5.51,20260828,电力设备,电网设备,输变电设备
688566.SH,吉贝尔,512004.6736,25.46,20260828,医药生物,化学制药,化学制剂
002045.SZ,国光电器,511859.712,9.1,20260828,电子,消费电子,品牌消费电子
002427.SZ,尤夫股份,511439.6232,5.19,20260828,基础化工,化学纤维,涤纶
300233.SZ,金城医药,511320.9672,13.32,20260828,医药生物,化学制药,化学制剂
002627.SZ,三峡旅游,510911.8856,7.24,20260828,社会服务,旅游及景区,旅游综合
300404.SZ,博济医药,510731.5436,13.24,20260828,医药生物,医疗服务,医疗研发外包
300749.SZ,顶固集创,510256.2978,24.87,20260828,轻工制造,家居用品,定制家居
605050.SH,福然德,510078.222,10.35,20260828,交通运输,物流,原材料供应链服务
300386.SZ,飞天诚信,510013.68,12.2,20260828,计算机,计算机设备,其他计算机设备
688679.SH,通源环境,509507.4493,38.69,20260828,环保,环境治理,固废治理
920699.BJ,海达尔,509406.4745,79.75,20260828,家用电器,家电零部件Ⅱ,家电零部件Ⅲ
300259.SZ,新天科技,509401.3204,4.41,20260828,机械设备,通用设备,仪器仪表
300234.SZ,开尔新材,509209.052,10.12,20260828,建筑材料,装修建材,其他建材
300873.SZ,海晨股份,509150.418,15.8,20260828,交通运输,物流,中间产品及消费品供应链服务
300606.SZ,金太阳,508981.5562,36.79,20260828,机械设备,通用设备,磨具磨料
600551.SH,时代出版,508541.4,7.5,20260828,传媒,出版,大众出版
600990.SH,四创电子,508434.003,18.9,20260828,国防军工,军工电子Ⅱ,军工电子Ⅲ
300801.SZ,泰和科技,508068.18,23.26,20260828,基础化工,化学制品,其他化学制品
300320.SZ,海达股份,508042.899,8.45,20260828,基础化工,橡胶,其他橡胶制品
603312.SH,西典新能,507998.4125,31.75,20260828,电力设备,电网设备,输变电设备
601002.SH,晋亿实业,507751.5696,5.28,20260828,机械设备,通用设备,金属制品
688210.SH,统联精密,507500.76,31.2,20260828,电子,消费电子,消费电子零部件及组装
301528.SZ,多浦乐,507474.77,56.54,20260828,机械设备,通用设备,仪器仪表
600571.SH,信雅达,507354.3104,10.88,20260828,计算机,IT服务Ⅱ,IT服务Ⅲ
688225.SH,亚信安全,507212.68,12.68,20260828,计算机,软件开发,横向通用软件
300831.SZ,派瑞股份,507200.0,15.85,20260828,电子,半导体,分立器件
002590.SZ,万安科技,507114.2925,9.77,20260828,汽车,汽车零部件,底盘与发动机系统
600843.SH,上工申贝,507061.3815,7.11,20260828,机械设备,专用设备,纺织服装设备
688348.SH,昱能科技,506807.6082,32.43,20260828,电力设备,光伏设备,逆变器
002161.SZ,远望谷,506733.8875,6.85,20260828,电子,其他电子Ⅱ,其他电子Ⅲ
600308.SH,华泰股份,506634.6468,3.34,20260828,轻工制造,造纸,大宗用纸
301051.SZ,信濠光电,506552.7456,17.82,20260828,电子,消费电子,消费电子零部件及组装
000863.SZ,三湘印象,506520.1284,4.29,20260828,房地产,房地产开发,住宅开发
300589.SZ,江龙船艇,506452.788,13.41,20260828,国防军工,航海装备Ⅱ,航海装备Ⅲ
300816.SZ,艾可蓝,506400.0,63.3,20260828,汽车,汽车零部件,其他汽车零部件
000936.SZ,华西股份,505913.3659,5.71,20260828,基础化工,化学纤维,涤纶
600814.SH,杭州解百,505734.0768,6.88,20260828,商贸零售,一般零售,百货
600284.SH,浦东建设,505503.376,5.21,20260828,建筑装饰,基础建设,基建市政工程
603310.SH,巍华新材,505232.42,14.63,20260828,基础化工,化学制品,氟化工
688320.SH,禾川科技,505140.8265,33.45,20260828,机械设备,自动化设备,工控设备
603286.SH,日盈电子,505131.0297,42.81,20260828,汽车,汽车零部件,底盘与发动机系统
002556.SZ,辉隆股份,504868.032,5.4,20260828,农林牧渔,农业综合Ⅱ,农业综合Ⅲ
603758.SH,秦安股份,504580.14,11.65,20260828,汽车,汽车零部件,底盘与发动机系统
301004.SZ,嘉益股份,504489.798,34.6,20260828,轻工制造,家居用品,其他家居用品
002033.SZ,丽江股份,504432.4626,9.18,20260828,社会服务,旅游及景区,自然景区
600679.SH,上海凤凰,504209.5974,10.18,20260828,汽车,摩托车及其他,其他运输设备
600756.SH,浪潮软件,504164.7296,14.42,20260828,计算机,IT服务Ⅱ,IT服务Ⅲ
002662.SZ,峰璟股份,504000.0,3.36,20260828,汽车,汽车零部件,车身附件及饰件
300453.SZ,三鑫医疗,503811.3495,9.65,20260828,医药生物,医疗器械,医疗耗材
688101.SH,三达膜,503662.3557,15.17,20260828,环保,环境治理,水务及水治理
603701.SH,德宏股份,503644.3813,19.27,20260828,汽车,汽车零部件,底盘与发动机系统
301548.SZ,崇德科技,503643.0,57.89,20260828,机械设备,通用设备,金属制品
301333.SZ,诺思格,503285.1543,52.11,20260828,医药生物,医疗服务,医疗研发外包
600351.SH,亚宝药业,503084.0,7.27,20260828,医药生物,中药Ⅱ,中药Ⅲ
301596.SZ,瑞迪智驱,502994.664,46.56,20260828,机械设备,通用设备,金属制品
002307.SZ,北新路桥,502877.595,3.05,20260828,建筑装饰,基础建设,基建市政工程
600790.SH,轻纺城,502766.2787,3.43,20260828,商贸零售,一般零售,商业物业经营
600336.SH,澳柯玛,502749.324,6.3,20260828,家用电器,白色家电,冰洗
603173.SH,福斯达,502720.0,31.42,20260828,机械设备,专用设备,能源及重型设备
300692.SZ,中赋科技,502674.9228,8.94,20260828,环保,环境治理,水务及水治理
002482.SZ,广田集团,502628.9616,1.34,20260828,建筑装饰,装修装饰Ⅱ,装修装饰Ⅲ
605580.SH,恒盛能源,502600.0,17.95,20260828,公用事业,电力,热力服务
301141.SZ,中科磁业,502580.0952,40.52,20260828,有色金属,金属新材料,磁性材料
300572.SZ,安车检测,502401.4272,21.94,20260828,社会服务,专业服务,检测服务
600939.SH,重庆建工,502253.3736,2.64,20260828,建筑装饰,房屋建设Ⅱ,房屋建设Ⅲ
605228.SH,神通科技,501719.4438,10.46,20260828,汽车,汽车零部件,车身附件及饰件
603711.SH,香飘飘,501642.0315,12.15,20260828,食品饮料,饮料乳品,软饮料
300215.SZ,电科院,501144.0198,6.69,20260828,社会服务,专业服务,检测服务
301397.SZ,溯联股份,500768.6498,24.77,20260828,汽车,汽车零部件,底盘与发动机系统
300833.SZ,浩洋股份,500522.9085,39.57,20260828,机械设备,专用设备,其他专用设备
603976.SH,正川股份,500427.882,29.16,20260828,医药生物,医疗器械,医疗耗材
001388.SZ,信通电子,500025.474,21.39,20260828,电力设备,电网设备,电网自动化设备
002609.SZ,捷顺科技,499951.9476,7.77,20260828,计算机,IT服务Ⅱ,IT服务Ⅲ
300848.SZ,美瑞新材,499772.7168,11.68,20260828,基础化工,化学制品,聚氨酯
001326.SZ,联域股份,499663.2,68.26,20260828,家用电器,照明设备Ⅱ,照明设备Ⅲ
000521.SZ,长虹美菱,499512.9945,4.85,20260828,家用电器,白色家电,冰洗
301256.SZ,华融化学,499200.0,10.4,20260828,基础化工,化学原料,无机盐
688237.SH,超卓航科,499170.012,55.66,20260828,国防军工,航空装备Ⅱ,航空装备Ⅲ
688181.SH,八亿时空,498995.1549,37.51,20260828,电子,光学光电子,面板
603916.SH,苏博特,498929.0986,11.87,20260828,基础化工,化学制品,其他化学制品
002523.SZ,天桥起重,498657.5616,3.52,20260828,机械设备,专用设备,能源及重型设备
301491.SZ,汉桑科技,498585.0,38.65,20260828,电子,消费电子,消费电子零部件及组装
300219.SZ,鸿利智汇,498392.224,7.04,20260828,电子,光学光电子,LED
300626.SZ,华瑞股份,498060.0,27.67,20260828,电力设备,电机Ⅱ,电机Ⅲ
002589.SZ,瑞康医药,498059.1424,3.31,20260828,医药生物,医药商业,医药流通
600979.SH,广安爱众,498026.1515,3.95,20260828,公用事业,电力,电能综合服务
002189.SZ,中光学,497845.8658,19.06,20260828,国防军工,军工电子Ⅱ,军工电子Ⅲ
600495.SH,晋西车轴,497774.6508,4.12,20260828,机械设备,轨交设备Ⅱ,轨交设备Ⅲ
301168.SZ,通灵股份,497160.0,41.43,20260828,电力设备,光伏设备,光伏电池组件
002570.SZ,贝因美,496819.918,4.6,20260828,食品饮料,饮料乳品,乳品
301008.SZ,宏昌科技,496350.528,37.9,20260828,家用电器,家电零部件Ⅱ,家电零部件Ⅲ
603191.SH,望变电气,496266.7584,15.04,20260828,电力设备,电网设备,输变电设备
300368.SZ,汇金股份,496149.003,9.38,20260828,计算机,计算机设备,其他计算机设备
300917.SZ,特发服务,496015.0,29.35,20260828,房地产,房地产服务,物业管理
002375.SZ,亚厦股份,495798.705,3.7,20260828,建筑装饰,装修装饰Ⅱ,装修装饰Ⅲ
000404.SZ,长虹华意,495549.152,7.12,20260828,家用电器,家电零部件Ⅱ,家电零部件Ⅲ
920571.BJ,国航远洋,495423.4481,8.92,20260828,交通运输,航运港口,航运
688410.SH,山外山,495317.0763,11.07,20260828,医药生物,医疗器械,医疗设备
600984.SH,建设机械,495275.2966,3.94,20260828,机械设备,工程机械,工程机械整机
300286.SZ,安科瑞,495048.8004,19.74,20260828,电力设备,电网设备,电工仪器仪表
603131.SH,上海沪工,494579.7696,14.68,20260828,机械设备,通用设备,其他通用设备
002406.SZ,远东传动,494362.3927,6.77,20260828,汽车,汽车零部件,底盘与发动机系统
300261.SZ,雅本化学,494177.7735,5.13,20260828,基础化工,农化制品,农药
002641.SZ,公元股份,494095.7076,4.02,20260828,建筑材料,装修建材,管材
600288.SH,大恒科技,494020.8,11.31,20260828,计算机,软件开发,横向通用软件
603683.SH,晶华新材,493954.3575,16.95,20260828,基础化工,化学制品,胶黏剂及胶带
688061.SH,灿瑞科技,493564.8624,42.96,20260828,电子,半导体,模拟芯片设计
002300.SZ,太阳电缆,493353.9171,6.83,20260828,电力设备,电网设备,线缆部件及其他
688623.SH,双元科技,493233.7928,57.68,20260828,机械设备,自动化设备,其他自动化设备
603170.SH,宝立食品,493212.33,12.33,20260828,食品饮料,调味发酵品Ⅱ,调味发酵品Ⅲ
603122.SH,合富中国,492789.1188,12.38,20260828,医药生物,医药商业,医药流通
688057.SH,金达莱,492660.0,17.85,20260828,环保,环境治理,水务及水治理
301516.SZ,中远通,492631.4835,17.55,20260828,电力设备,其他电源设备Ⅱ,其他电源设备Ⅲ
300183.SZ,东软载波,492216.1888,10.64,20260828,通信,通信设备,其他通信设备
000726.SZ,鲁泰A,492150.4112,6.02,20260828,纺织服饰,纺织制造,棉纺
300695.SZ,兆丰股份,491855.689,48.1,20260828,汽车,汽车零部件,轮胎轮毂
000691.SZ,亚太实业,491693.67,10.14,20260828,基础化工,化学原料,其他化学原料
603439.SH,三力制药,491473.5234,12.17,20260828,医药生物,中药Ⅱ,中药Ⅲ
300669.SZ,沪宁股份,491399.025,25.5,20260828,机械设备,专用设备,楼宇设备
000720.SZ,新能泰山,491303.8556,3.91,20260828,电力设备,电网设备,线缆部件及其他
002584.SZ,西陇科学,490996.5596,8.39,20260828,电子,电子化学品Ⅱ,电子化学品Ⅲ
000753.SZ,漳州发展,489791.6634,4.94,20260828,综合,综合Ⅱ,综合Ⅲ
001328.SZ,登康口腔,489662.2872,28.44,20260828,美容护理,个护用品,洗护用品
301048.SZ,金鹰重工,489600.0612,9.18,20260828,机械设备,轨交设备Ⅱ,轨交设备Ⅲ
688218.SH,江苏北人,489196.26,42.0,20260828,机械设备,自动化设备,机器人
300380.SZ,安硕信息,489034.3596,29.98,20260828,计算机,软件开发,垂直应用软件
603590.SH,康辰药业,488957.2875,30.75,20260828,医药生物,生物制品,其他生物制品
688330.SH,宏力达,488880.0,34.92,20260828,电力设备,电网设备,电网自动化设备
300149.SZ,睿智医药,488826.2544,9.68,20260828,医药生物,医疗服务,医疗研发外包
300539.SZ,横河精密,488747.3938,18.23,20260828,基础化工,塑料,其他塑料制品
600626.SH,申达股份,488675.539,3.7,20260828,汽车,汽车零部件,车身附件及饰件
301202.SZ,朗威股份,488448.4,35.81,20260828,通信,通信设备,其他通信设备
688282.SH,理工导航,487969.5933,54.81,20260828,国防军工,航天装备Ⅱ,航天装备Ⅲ
300885.SZ,海昌新材,487866.4388,19.66,20260828,机械设备,通用设备,金属制品
688609.SH,九联科技,487504.0086,9.34,20260828,家用电器,黑色家电,其他黑色家电
605368.SH,蓝天燃气,487381.6838,6.82,20260828,公用事业,燃气Ⅱ,燃气Ⅲ
300894.SZ,火星人,486815.0484,12.02,20260828,家用电器,厨卫电器,厨房电器
688816.SH,易思维,486800.0,48.68,20260828,机械设备,自动化设备,其他自动化设备
002526.SZ,山东矿机,486702.7074,2.73,20260828,机械设备,专用设备,能源及重型设备
300932.SZ,三友联众,486686.1216,10.86,20260828,电力设备,电网设备,配电设备
301096.SZ,百诚医药,486393.6199,44.53,20260828,医药生物,医疗服务,医疗研发外包
002749.SZ,国光股份,486356.1784,8.74,20260828,基础化工,农化制品,农药
002291.SZ,遥望科技,486267.808,5.2,20260828,传媒,广告营销,营销代理
600207.SH,安彩高科,485833.4196,4.46,20260828,电力设备,光伏设备,光伏辅材
000862.SZ,银星能源,485598.0363,5.29,20260828,公用事业,电力,风力发电
002989.SZ,中天精装,485494.2609,24.08,20260828,建筑装饰,装修装饰Ⅱ,装修装饰Ⅲ
688696.SH,极米科技,485308.62,69.31,20260828,家用电器,黑色家电,其他黑色家电
600758.SH,辽宁能源,485180.3858,3.67,20260828,煤炭,煤炭开采,焦煤
300421.SZ,力星股份,484562.0992,16.48,20260828,机械设备,通用设备,金属制品
600523.SH,贵航股份,484364.9374,11.98,20260828,汽车,汽车零部件,其他汽车零部件
300194.SZ,福安药业,484212.9468,4.07,20260828,医药生物,化学制药,化学制剂
688085.SH,三友医疗,484187.616,13.2,20260828,医药生物,医疗器械,医疗耗材
300569.SZ,天能重工,483749.4453,4.73,20260828,电力设备,风电设备,风电零部件
301206.SZ,三元生物,483558.423,23.9,20260828,基础化工,化学制品,食品及饲料添加剂
603110.SH,东方材料,483547.7601,24.03,20260828,基础化工,化学制品,涂料油墨
688007.SH,光峰科技,483055.9956,10.51,20260828,电子,消费电子,品牌消费电子
002264.SZ,新华都,482993.3823,6.71,20260828,传媒,广告营销,营销代理
601566.SH,九牧王,482695.248,8.4,20260828,纺织服饰,服装家纺,非运动服装
603912.SH,佳力图,482670.407,8.9,20260828,机械设备,通用设备,制冷空调设备
300907.SZ,康平科技,482304.0,50.24,20260828,电力设备,电机Ⅱ,电机Ⅲ
300504.SZ,天邑股份,481068.665,17.75,20260828,通信,通信设备,通信终端及配件
688683.SH,莱尔科技,480876.933,29.85,20260828,电子,电子化学品Ⅱ,电子化学品Ⅲ
300388.SZ,节能国祯,480815.7932,7.06,20260828,环保,环境治理,水务及水治理
601113.SH,华鼎股份,480724.031,3.55,20260828,基础化工,化学纤维,锦纶
600469.SH,风神股份,480618.792,5.4,20260828,汽车,汽车零部件,轮胎轮毂
000886.SZ,海南高速,480570.5538,4.86,20260828,交通运输,铁路公路,高速公路
603980.SH,吉华集团,480551.714,7.1,20260828,基础化工,化学制品,纺织化学制品
002658.SZ,雪迪龙,479999.4795,7.55,20260828,环保,环保设备Ⅱ,环保设备Ⅲ
300243.SZ,瑞丰高材,479728.5636,17.16,20260828,基础化工,塑料,其他塑料制品
002582.SZ,好想你,479495.1609,10.71,20260828,食品饮料,休闲食品,零食
301058.SZ,中粮科工,479138.76,9.2,20260828,建筑装饰,工程咨询服务Ⅱ,工程咨询服务Ⅲ
300745.SZ,欣锐科技,478897.4265,28.41,20260828,汽车,汽车零部件,汽车电子电气系统
603988.SH,中电电机,478867.2,20.36,20260828,电力设备,电机Ⅱ,电机Ⅲ
301149.SZ,隆华新材,478504.0856,8.56,20260828,基础化工,化学制品,其他化学制品
300291.SZ,百纳千成,478479.9676,5.08,20260828,传媒,影视院线,影视动漫制作
603803.SH,瑞斯康达,478418.9336,11.26,20260828,通信,通信设备,通信终端及配件
300473.SZ,德尔股份,478274.8009,27.7,20260828,汽车,汽车零部件,其他汽车零部件
002522.SZ,浙江众成,478251.5232,5.28,20260828,基础化工,塑料,膜材料
301180.SZ,万祥科技,478011.95,11.95,20260828,电子,消费电子,消费电子零部件及组装
002483.SZ,润邦股份,477806.4676,5.39,20260828,机械设备,专用设备,能源及重型设备
300177.SZ,中海达,477756.5622,6.42,20260828,国防军工,军工电子Ⅱ,军工电子Ⅲ
300528.SZ,幸福蓝海,477683.5842,12.82,20260828,传媒,影视院线,院线
603958.SH,哈森股份,477327.36,21.76,20260828,纺织服饰,服装家纺,鞋帽及其他
301026.SZ,浩通科技,477291.0335,21.54,20260828,有色金属,小金属,其他小金属
300867.SZ,圣元环保,477177.196,17.56,20260828,环保,环境治理,固废治理
002642.SZ,荣联科技,476999.3963,7.21,20260828,计算机,IT服务Ⅱ,IT服务Ⅲ
301259.SZ,艾布鲁,476829.6,21.08,20260828,环保,环境治理,综合环境治理
603330.SH,天洋新材,476806.3072,11.02,20260828,基础化工,塑料,其他塑料制品
688786.SH,悦安新材,476804.6955,27.51,20260828,有色金属,金属新材料,磁性材料
000626.SZ,远大控股,476735.9129,9.41,20260828,交通运输,物流,原材料供应链服务
600199.SH,金种子酒,476244.8832,7.24,20260828,食品饮料,白酒Ⅱ,白酒Ⅲ
002976.SZ,瑞玛精密,476212.6276,24.47,20260828,汽车,汽车零部件,其他汽车零部件
301055.SZ,张小泉,475800.0,30.5,20260828,轻工制造,家居用品,其他家居用品
300889.SZ,爱克股份,475690.536,21.6,20260828,电子,光学光电子,LED
003019.SZ,宸展光电,475647.7824,26.88,20260828,电子,光学光电子,面板
301072.SZ,中捷精工,475438.196,45.26,20260828,汽车,汽车零部件,底盘与发动机系统
300518.SZ,新迅达,475197.8428,23.83,20260828,商贸零售,互联网电商,电商服务
002889.SZ,东方嘉盛,475105.715,12.58,20260828,交通运输,物流,中间产品及消费品供应链服务
300345.SZ,华民股份,474948.7146,8.17,20260828,电力设备,光伏设备,硅料硅片
603007.SH,顺景科技,474947.5557,5.37,20260828,建筑装饰,基础建设,园林工程
600513.SH,联环药业,474713.8269,16.63,20260828,医药生物,化学制药,化学制剂
000558.SZ,天府文旅,474434.432,3.68,20260828,社会服务,旅游及景区,自然景区
920640.BJ,富士达,474200.928,25.26,20260828,通信,通信设备,通信线缆及配套
002573.SZ,清新环境,474114.4785,3.35,20260828,环保,环境治理,水务及水治理
002059.SZ,云南旅游,473819.4864,4.68,20260828,社会服务,旅游及景区,人工景区
300553.SZ,集智股份,473188.55,42.62,20260828,机械设备,通用设备,仪器仪表
603387.SH,基蛋生物,473174.2155,9.33,20260828,医药生物,医疗器械,体外诊断
300622.SZ,博士眼镜,473070.9197,14.83,20260828,商贸零售,专业连锁Ⅱ,专业连锁Ⅲ
301513.SZ,尚水智能,473000.0,47.3,20260828,电力设备,电池,锂电专用设备
002758.SZ,浙农股份,472629.0775,9.11,20260828,基础化工,农化制品,复合肥
001380.SZ,华纬科技,472098.8706,17.43,20260828,汽车,汽车零部件,底盘与发动机系统
600681.SH,百川能源,471980.8896,3.52,20260828,公用事业,燃气Ⅱ,燃气Ⅲ
603070.SH,万控智造,471576.0,11.76,20260828,电力设备,电网设备,配电设备
300389.SZ,艾比森,471341.0831,12.77,20260828,电子,光学光电子,LED
688389.SH,普门科技,470905.7843,10.99,20260828,医药生物,医疗器械,体外诊断
605086.SH,龙高股份,470579.2,26.26,20260828,基础化工,非金属材料Ⅱ,非金属材料Ⅲ
002520.SZ,日发精机,470403.7404,6.27,20260828,机械设备,通用设备,机床工具
605208.SH,永茂泰,470164.5,14.25,20260828,有色金属,工业金属,铝
300755.SZ,华致酒行,470148.5952,11.28,20260828,商贸零售,专业连锁Ⅱ,专业连锁Ⅲ
603016.SH,新宏泰,469519.04,31.69,20260828,电力设备,电网设备,配电设备
002757.SZ,南兴股份,469479.4251,15.89,20260828,机械设备,专用设备,其他专用设备
301448.SZ,开创电气,469235.6,44.86,20260828,机械设备,通用设备,其他通用设备
000507.SZ,珠海港,469064.799,5.1,20260828,公用事业,电力,风力发电
301122.SZ,采纳股份,468811.876,38.35,20260828,医药生物,医疗器械,医疗耗材
300533.SZ,冰川网络,468736.4304,14.28,20260828,传媒,游戏Ⅱ,游戏Ⅲ
603121.SH,华培动力,468530.6408,13.84,20260828,汽车,汽车零部件,底盘与发动机系统
603113.SH,金能科技,468366.8112,5.52,20260828,基础化工,化学原料,其他化学原料
600379.SH,宝光股份,468225.8688,14.18,20260828,电力设备,电网设备,输变电设备
603334.SH,丰倍生物,467810.0,32.6,20260828,基础化工,化学制品,其他化学制品
603210.SH,泰鸿万立,467709.6,13.74,20260828,汽车,汽车零部件,其他汽车零部件
300774.SZ,倍杰特,466808.0997,11.42,20260828,环保,环境治理,水务及水治理
003007.SZ,直真科技,466579.699,39.02,20260828,计算机,软件开发,垂直应用软件
300871.SZ,回盛生物,466121.964,23.1,20260828,农林牧渔,动物保健Ⅱ,动物保健Ⅲ
603344.SH,星德胜,465707.214,23.94,20260828,电力设备,电机Ⅱ,电机Ⅲ
002728.SZ,特一药业,465571.9886,9.07,20260828,医药生物,中药Ⅱ,中药Ⅲ
688667.SH,菱电电控,465301.265,88.3,20260828,汽车,汽车零部件,汽车电子电气系统
603209.SH,兴通股份,464425.0,14.29,20260828,交通运输,航运港口,航运
002285.SZ,世联行,464329.1803,2.33,20260828,房地产,房地产服务,房产租赁经纪
300355.SZ,蒙草生态,463625.9669,2.89,20260828,建筑装饰,基础建设,园林工程
000428.SZ,华天酒店,463611.33,4.55,20260828,社会服务,酒店餐饮,酒店
600876.SH,凯盛新能,463594.65,7.18,20260828,建筑材料,玻璃玻纤,玻璃制造
300878.SZ,维康药业,463329.28,32.0,20260828,医药生物,中药Ⅱ,中药Ⅲ
002918.SZ,蒙娜丽莎,463192.9467,11.33,20260828,轻工制造,家居用品,瓷砖地板
603777.SH,来伊份,463177.517,13.85,20260828,食品饮料,休闲食品,零食
688551.SH,科威尔,462573.0824,42.44,20260828,电力设备,其他电源设备Ⅱ,其他电源设备Ⅲ
001338.SZ,永顺泰,462094.0668,9.21,20260828,农林牧渔,农产品加工,其他农产品加工
603386.SH,骏亚科技,462072.8016,14.16,20260828,电子,元件,印制电路板
300271.SZ,华宇软件,461948.7383,5.69,20260828,计算机,IT服务Ⅱ,IT服务Ⅲ
603615.SH,茶花股份,461876.2,19.1,20260828,轻工制造,家居用品,其他家居用品
300523.SZ,辰安科技,461785.7114,19.85,20260828,计算机,IT服务Ⅱ,IT服务Ⅲ
002765.SZ,蓝黛科技,461706.6948,7.08,20260828,汽车,汽车零部件,其他汽车零部件
002919.SZ,名臣健康,461213.8613,17.33,20260828,传媒,游戏Ⅱ,游戏Ⅲ
300434.SZ,金石亚药,461201.8824,11.48,20260828,医药生物,化学制药,化学制剂
603998.SH,方盛制药,461035.47,10.5,20260828,医药生物,中药Ⅱ,中药Ⅲ
300758.SZ,七彩化学,460978.518,11.55,20260828,基础化工,化学制品,涂料油墨
301007.SZ,德迈仕,460786.7,30.05,20260828,汽车,汽车零部件,底盘与发动机系统
600182.SH,S佳通,460020.0,13.53,20260828,汽车,汽车零部件,轮胎轮毂
600197.SH,伊力特,459925.8084,9.72,20260828,食品饮料,白酒Ⅱ,白酒Ⅲ
600860.SH,京城股份,459888.24,8.4,20260828,机械设备,通用设备,金属制品
002177.SZ,御银股份,459759.5452,6.04,20260828,计算机,计算机设备,其他计算机设备
300577.SZ,开润股份,459526.1592,19.16,20260828,纺织服饰,服装家纺,鞋帽及其他
600088.SH,中视传媒,459350.892,11.55,20260828,传媒,影视院线,影视动漫制作
603519.SH,立霸股份,459149.1272,17.24,20260828,家用电器,家电零部件Ⅱ,家电零部件Ⅲ
300471.SZ,厚普股份,458874.8912,9.76,20260828,机械设备,专用设备,其他专用设备
605338.SH,巴比食品,458770.2305,19.15,20260828,食品饮料,食品加工,预加工食品
002401.SZ,中远海科,458638.8056,12.34,20260828,计算机,IT服务Ⅱ,IT服务Ⅲ
920047.BJ,诺思兰德,458582.7405,16.72,20260828,医药生物,生物制品,其他生物制品
002321.SZ,华英农业,458571.3715,2.15,20260828,农林牧渔,养殖业,其他养殖
603216.SH,梦天家居,458518.71,20.59,20260828,轻工制造,家居用品,定制家居
301012.SZ,扬电科技,458326.3854,23.27,20260828,电力设备,电网设备,输变电设备
603032.SH,德新科技,458291.841,19.65,20260828,电力设备,电池,锂电专用设备
300490.SZ,华自科技,458072.6343,11.49,20260828,电力设备,电池,锂电专用设备
002983.SZ,芯瑞达,457625.9325,20.57,20260828,电子,光学光电子,LED
600382.SH,广东明珠,457614.9379,6.59,20260828,钢铁,冶钢原料,铁矿石
603365.SH,水星家纺,457531.0509,17.43,20260828,纺织服饰,服装家纺,家纺
603150.SH,万朗磁塑,457248.567,53.49,20260828,基础化工,塑料,其他塑料制品
300534.SZ,陇神戎发,456534.225,15.05,20260828,医药生物,中药Ⅱ,中药Ⅲ
603598.SH,引力传媒,456324.674,16.9,20260828,传媒,广告营销,营销代理
605377.SH,华旺科技,455356.3054,8.18,20260828,轻工制造,造纸,特种纸
600658.SH,电子城,455264.095,4.07,20260828,房地产,房地产开发,产业地产
301368.SZ,丰立智能,455058.9,37.89,20260828,机械设备,通用设备,金属制品
301538.SZ,骏鼎达,454955.2,41.45,20260828,基础化工,塑料,改性塑料
603165.SH,荣晟环保,454394.3652,14.53,20260828,轻工制造,造纸,大宗用纸
000993.SZ,闽东电力,454287.888,9.92,20260828,公用事业,电力,水力发电
300836.SZ,佰奥智能,454159.44,49.0,20260828,机械设备,专用设备,其他专用设备
300927.SZ,江天化学,453867.84,31.44,20260828,基础化工,化学原料,其他化学原料
603339.SH,四方科技,453640.7992,14.66,20260828,机械设备,通用设备,制冷空调设备
600071.SH,凤凰光学,453615.5529,16.11,20260828,电子,光学光电子,光学元件
688665.SH,四方光电,453543.8886,44.82,20260828,机械设备,通用设备,仪器仪表
002365.SZ,永安药业,453516.3675,15.39,20260828,医药生物,化学制药,原料药
301110.SZ,青木科技,453422.9,35.0,20260828,商贸零售,互联网电商,电商服务
301190.SZ,善水科技,453312.288,21.12,20260828,基础化工,化学原料,其他化学原料
002322.SZ,理工能科,453254.596,12.4,20260828,计算机,软件开发,垂直应用软件
301622.SZ,英思特,453061.8652,39.08,20260828,有色金属,金属新材料,磁性材料
300552.SZ,万集科技,452694.7044,21.24,20260828,计算机,计算机设备,其他计算机设备
603015.SH,弘讯科技,452321.061,11.19,20260828,机械设备,自动化设备,工控设备
300869.SZ,康泰医学,452029.5,11.25,20260828,医药生物,医疗器械,医疗设备
600178.SH,东安动力,452015.4378,9.69,20260828,汽车,汽车零部件,底盘与发动机系统
300532.SZ,今天国际,451940.2533,7.11,20260828,计算机,IT服务Ⅱ,IT服务Ⅲ
301213.SZ,观想科技,451920.0,40.35,20260828,国防军工,军工电子Ⅱ,军工电子Ⅲ
002846.SZ,英联股份,451913.1136,10.76,20260828,轻工制造,包装印刷,金属包装
605286.SH,同力天启,451752.0,26.89,20260828,机械设备,专用设备,楼宇设备
000417.SZ,合百集团,451552.9518,5.79,20260828,商贸零售,一般零售,多业态零售
002644.SZ,佛慈制药,451420.788,8.84,20260828,医药生物,中药Ⅱ,中药Ⅲ
603790.SH,雅运股份,451418.24,23.59,20260828,基础化工,化学制品,纺织化学制品
000819.SZ,岳阳兴长,451302.7833,12.33,20260828,石油石化,炼化及贸易,其他石化
300441.SZ,鲍斯股份,451091.06,7.0,20260828,机械设备,通用设备,其他通用设备
300629.SZ,新劲刚,451053.5796,17.94,20260828,国防军工,军工电子Ⅱ,军工电子Ⅲ
002454.SZ,松芝股份,450964.7568,5.13,20260828,汽车,汽车零部件,汽车电子电气系统
688539.SH,高华科技,450856.0,24.25,20260828,电子,元件,被动元件
002560.SZ,通达股份,450721.5521,6.13,20260828,电力设备,电网设备,线缆部件及其他
002903.SZ,宇环数控,450640.0425,28.95,20260828,机械设备,通用设备,机床工具
600796.SH,钱江生化,450624.616,5.2,20260828,环保,环境治理,水务及水治理
603038.SH,华立股份,450302.8196,16.76,20260828,建筑材料,装修建材,其他建材
301507.SZ,民生健康,449971.6528,12.62,20260828,医药生物,化学制药,化学制剂
605162.SH,新中港,449931.8408,10.16,20260828,公用事业,电力,热力服务
603004.SH,鼎龙科技,449843.2,19.1,20260828,基础化工,化学制品,其他化学制品
002441.SZ,众业达,449793.0136,8.26,20260828,电力设备,电网设备,配电设备
603528.SH,多伦科技,449677.4737,6.37,20260828,计算机,软件开发,垂直应用软件
000655.SZ,金岭矿业,449481.851,7.55,20260828,钢铁,冶钢原料,铁矿石
001317.SZ,三羊马,449391.5816,52.52,20260828,交通运输,铁路公路,铁路运输
603348.SH,文灿股份,449387.9188,14.29,20260828,汽车,汽车零部件,其他汽车零部件
300522.SZ,世名科技,449174.9395,13.93,20260828,基础化工,化学制品,涂料油墨
600857.SH,宁波中百,449088.4398,20.02,20260828,商贸零售,一般零售,百货
301193.SZ,家联科技,448762.2345,18.63,20260828,轻工制造,家居用品,其他家居用品
300228.SZ,富瑞特装,448666.5505,7.51,20260828,机械设备,通用设备,金属制品
600283.SH,钱江水利,448659.92,8.0,20260828,环保,环境治理,水务及水治理
603060.SH,国检集团,448611.9678,5.58,20260828,社会服务,专业服务,检测服务
300563.SZ,神宇股份,448424.0022,24.62,20260828,通信,通信设备,通信线缆及配套
688207.SH,格灵深瞳,448282.4361,17.31,20260828,计算机,IT服务Ⅱ,IT服务Ⅲ
688648.SH,中邮科技,448256.0,32.96,20260828,机械设备,专用设备,其他专用设备
000665.SZ,湖北广电,448036.903,3.94,20260828,传媒,电视广播Ⅱ,电视广播Ⅲ
000779.SZ,甘咨询,447630.8085,9.63,20260828,建筑装饰,工程咨询服务Ⅱ,工程咨询服务Ⅲ
605300.SH,佳禾食品,447582.621,9.85,20260828,食品饮料,饮料乳品,乳品
603726.SH,朗迪集团,447569.0316,24.12,20260828,家用电器,家电零部件Ⅱ,家电零部件Ⅲ
301060.SZ,兰卫医学,446976.972,11.16,20260828,医药生物,医疗服务,诊断服务
920809.BJ,安达科技,446891.3,7.46,20260828,电力设备,电池,电池化学品
300788.SZ,中信出版,446856.025,23.5,20260828,传媒,出版,大众出版
601065.SH,江盐集团,446729.3895,6.95,20260828,基础化工,化学原料,纯碱
002112.SZ,三变科技,445903.0508,15.16,20260828,电力设备,电网设备,输变电设备
688238.SH,和元生物,445239.1762,6.86,20260828,医药生物,医疗服务,医疗研发外包
002772.SZ,众兴菌业,444819.3475,11.87,20260828,农林牧渔,种植业,食用菌
002137.SZ,实益达,444678.773,7.7,20260828,电子,光学光电子,LED
003000.SZ,劲仔食品,444581.6812,9.86,20260828,食品饮料,休闲食品,零食
600173.SH,卧龙新能,444120.9308,6.34,20260828,房地产,房地产开发,住宅开发
301075.SZ,多瑞医药,443360.0,55.42,20260828,医药生物,化学制药,化学制剂
000816.SZ,智慧农业,442786.0698,3.06,20260828,汽车,汽车零部件,底盘与发动机系统
600222.SH,太龙药业,442456.2912,7.91,20260828,医药生物,中药Ⅱ,中药Ⅲ
600152.SH,维科技术,442310.3784,8.36,20260828,电力设备,电池,锂电池
002735.SZ,王子新材,442049.5654,11.78,20260828,轻工制造,包装印刷,塑料包装
603396.SH,金辰股份,441902.725,31.9,20260828,电力设备,光伏设备,光伏加工设备
301595.SZ,太力科技,441674.12,40.79,20260828,轻工制造,家居用品,其他家居用品
600558.SH,大西洋,441621.5616,4.92,20260828,机械设备,通用设备,金属制品
920111.BJ,聚星科技,441414.5525,28.45,20260828,电力设备,电网设备,配电设备
300840.SZ,酷特智能,441360.0,18.39,20260828,纺织服饰,服装家纺,非运动服装
300864.SZ,南大环境,441355.0508,27.74,20260828,环保,环境治理,综合环境治理
688580.SH,伟思医疗,441314.1504,46.08,20260828,医药生物,医疗器械,医疗设备
002393.SZ,力生制药,441167.283,14.31,20260828,医药生物,化学制药,化学制剂
600168.SH,武汉控股,441068.5344,4.44,20260828,环保,环境治理,水务及水治理
688119.SH,中钢洛耐,441000.0,3.92,20260828,建筑材料,装修建材,耐火材料
300099.SZ,尤洛卡,440884.6494,5.98,20260828,机械设备,专用设备,能源及重型设备
688377.SH,迪威尔,440749.0431,18.87,20260828,机械设备,专用设备,能源及重型设备
301325.SZ,曼恩斯特,439736.0912,30.56,20260828,电力设备,电池,锂电专用设备
603255.SH,鼎际得,439615.448,32.8,20260828,基础化工,化学制品,其他化学制品
600792.SH,云煤能源,439529.7456,3.96,20260828,煤炭,焦炭Ⅱ,焦炭Ⅲ
688267.SH,中触媒,439390.5138,19.26,20260828,基础化工,化学制品,其他化学制品
002677.SZ,浙江美大,439315.156,6.8,20260828,家用电器,厨卫电器,厨房电器
601218.SH,吉鑫科技,438972.1755,4.53,20260828,电力设备,风电设备,风电零部件
300973.SZ,立高食品,438761.7537,25.91,20260828,食品饮料,休闲食品,烘焙食品
300121.SZ,阳谷华泰,438560.7332,9.85,20260828,基础化工,橡胶,橡胶助剂
603095.SH,越剑智能,438541.1016,16.98,20260828,机械设备,专用设备,纺织服装设备
920593.BJ,鼎智科技,438516.735,23.05,20260828,机械设备,自动化设备,机器人
301356.SZ,天振股份,438480.0,20.3,20260828,轻工制造,家居用品,瓷砖地板
600609.SH,金杯汽车,438331.6896,3.36,20260828,汽车,汽车零部件,车身附件及饰件
600076.SH,康欣新材,438321.1484,3.26,20260828,轻工制造,包装印刷,综合包装
600212.SH,绿能慧充,437981.4244,6.22,20260828,电力设备,其他电源设备Ⅱ,其他电源设备Ⅲ
002367.SZ,康力电梯,437962.2246,5.49,20260828,机械设备,专用设备,楼宇设备
301391.SZ,卡莱特,437733.1836,46.07,20260828,计算机,计算机设备,其他计算机设备
603767.SH,中马传动,437639.467,14.18,20260828,汽车,汽车零部件,底盘与发动机系统
603018.SH,华设集团,437424.8718,5.34,20260828,建筑装饰,工程咨询服务Ⅱ,工程咨询服务Ⅲ
002845.SZ,同兴达,437281.5195,13.35,20260828,电子,光学光电子,面板
000096.SZ,广聚能源,437184.0,8.28,20260828,石油石化,炼化及贸易,油品石化贸易
002688.SZ,金河生物,437111.1599,5.22,20260828,农林牧渔,动物保健Ⅱ,动物保健Ⅲ
300447.SZ,全信股份,436922.2496,13.99,20260828,国防军工,军工电子Ⅱ,军工电子Ⅲ
001216.SZ,华瓷股份,436769.6168,14.96,20260828,轻工制造,家居用品,其他家居用品
300559.SZ,佳发教育,436669.3485,10.93,20260828,计算机,软件开发,垂直应用软件
000007.SZ,全新好,436524.48,12.6,20260828,商贸零售,一般零售,商业物业经营
688136.SH,科兴制药,436085.615,21.59,20260828,医药生物,生物制品,其他生物制品
300485.SZ,赛升药业,435908.092,9.05,20260828,医药生物,生物制品,其他生物制品
603681.SH,永冠新材,435780.7194,18.33,20260828,基础化工,化学制品,胶黏剂及胶带
300656.SZ,民德电子,435170.875,25.43,20260828,电子,其他电子Ⅱ,其他电子Ⅲ
000530.SZ,冰山冷热,435097.65,5.16,20260828,机械设备,通用设备,制冷空调设备
603097.SH,江苏华辰,434808.7869,18.91,20260828,电力设备,电网设备,输变电设备
300333.SZ,兆日科技,434784.0,12.94,20260828,计算机,计算机设备,其他计算机设备
001332.SZ,锡装股份,434667.66,28.1,20260828,机械设备,专用设备,能源及重型设备
301237.SZ,和顺科技,434640.0,54.33,20260828,基础化工,塑料,膜材料
600354.SH,敦煌种业,433325.5241,8.21,20260828,农林牧渔,种植业,种子
001316.SZ,润贝航科,432880.0576,26.86,20260828,石油石化,炼化及贸易,油品石化贸易
603325.SH,博隆技术,432821.64,54.1,20260828,机械设备,专用设备,能源及重型设备
301116.SZ,益客食品,432816.3344,9.64,20260828,农林牧渔,养殖业,肉鸡养殖
600101.SH,明星电力,432811.375,7.9,20260828,公用事业,电力,电能综合服务
300793.SZ,佳禾智能,432681.7116,11.37,20260828,电子,消费电子,消费电子零部件及组装
688196.SH,卓越新能,432448.72,34.0,20260828,基础化工,化学制品,其他化学制品
603187.SH,海容冷链,432378.9144,11.19,20260828,机械设备,通用设备,制冷空调设备
300508.SZ,维宏股份,432265.28,39.4,20260828,计算机,计算机设备,其他计算机设备
002788.SZ,鹭燕医药,431642.0537,11.11,20260828,医药生物,医药商业,医药流通
002866.SZ,传艺科技,431388.227,14.9,20260828,电子,消费电子,消费电子零部件及组装
301108.SZ,洁雅股份,431315.3584,38.32,20260828,美容护理,个护用品,生活用纸
002225.SZ,濮耐股份,431236.9824,3.72,20260828,建筑材料,装修建材,耐火材料
600880.SH,博瑞传播,430772.8474,3.94,20260828,社会服务,教育,教育运营及其他
300859.SZ,西域旅游,430745.0,27.79,20260828,社会服务,旅游及景区,自然景区
002160.SZ,常铝股份,430669.7604,4.17,20260828,有色金属,工业金属,铝
603222.SH,济民健康,430574.292,8.2,20260828,医药生物,医疗器械,医疗耗材
300541.SZ,先进数通,430474.5445,10.01,20260828,计算机,IT服务Ⅱ,IT服务Ⅲ
688247.SH,宣泰医药,430219.66,9.49,20260828,医药生物,化学制药,化学制剂
002469.SZ,三维化学,430195.9038,6.63,20260828,建筑装饰,专业工程,化学工程
000520.SZ,凤凰航运,430135.4875,4.25,20260828,交通运输,航运港口,航运
603661.SH,恒林股份,429299.829,30.87,20260828,轻工制造,家居用品,成品家居
000526.SZ,学大教育,429194.7942,35.22,20260828,社会服务,教育,培训教育
300781.SZ,因赛集团,429154.4956,26.14,20260828,传媒,广告营销,营销代理
301186.SZ,超达装备,429140.69,37.4,20260828,汽车,汽车零部件,其他汽车零部件
920946.BJ,森萱医药,429052.9317,10.05,20260828,医药生物,化学制药,原料药
605055.SH,迎丰股份,429000.0,9.75,20260828,纺织服饰,纺织制造,印染
300349.SZ,金卡智能,428895.2724,10.28,20260828,机械设备,通用设备,仪器仪表
605577.SH,龙版传媒,428888.846,9.65,20260828,传媒,出版,教育出版
603679.SH,华体科技,428579.1144,24.12,20260828,电子,光学光电子,LED
002871.SZ,伟隆股份,428403.3138,17.01,20260828,机械设备,通用设备,金属制品
300560.SZ,中富通,427782.5832,18.62,20260828,通信,通信服务,通信工程及服务
600261.SH,阳光照明,427216.96,3.2,20260828,家用电器,照明设备Ⅱ,照明设备Ⅲ
002823.SZ,凯中精密,427057.7832,13.04,20260828,电力设备,电机Ⅱ,电机Ⅲ
002086.SZ,东方海洋,427050.337,2.18,20260828,医药生物,医疗器械,体外诊断
000716.SZ,黑芝麻,426885.2564,5.67,20260828,食品饮料,休闲食品,零食
002742.SZ,三圣股份,426879.648,6.24,20260828,医药生物,化学制药,化学制剂
688010.SH,福光股份,426612.1712,26.57,20260828,电子,光学光电子,光学元件
600822.SH,上海物贸,426536.694,8.6,20260828,汽车,汽车服务,汽车经销商
002040.SZ,南京港,426288.1258,8.77,20260828,交通运输,航运港口,港口
000919.SZ,金陵药业,426018.2825,6.85,20260828,医药生物,化学制药,化学制剂
301370.SZ,国科恒泰,425893.0,9.05,20260828,医药生物,医疗器械,医疗耗材
603062.SH,麦加芯彩,425628.0,39.41,20260828,基础化工,化学制品,涂料油墨
003020.SZ,立方制药,425627.8755,18.65,20260828,医药生物,化学制药,化学制剂
600976.SH,健民集团,425527.7164,27.74,20260828,医药生物,中药Ⅱ,中药Ⅲ
688211.SH,中科微至,425134.2747,32.43,20260828,机械设备,专用设备,其他专用设备
002996.SZ,顺博合金,425092.368,6.35,20260828,有色金属,工业金属,铝
688581.SH,安杰思,424776.8227,52.61,20260828,医药生物,医疗器械,医疗耗材
300332.SZ,天壕能源,424702.5923,5.01,20260828,公用事业,燃气Ⅱ,燃气Ⅲ
688489.SH,三未信安,424624.564,25.04,20260828,计算机,计算机设备,安防设备
603703.SH,盛洋科技,424526.6883,10.23,20260828,电子,光学光电子,LED
002616.SZ,长青集团,424452.9016,4.94,20260828,公用事业,电力,其他能源发电
002117.SZ,东港股份,424214.01,8.1,20260828,轻工制造,包装印刷,印刷
688639.SH,华恒生物,424196.2272,16.96,20260828,基础化工,化学制品,食品及饲料添加剂
603611.SH,诺力股份,423753.316,16.45,20260828,机械设备,工程机械,工程机械整机
001230.SZ,劲旅环境,423623.784,22.56,20260828,环保,环境治理,固废治理
688633.SH,星球石墨,423615.8916,24.86,20260828,机械设备,专用设备,能源及重型设备
300818.SZ,耐普矿机,423011.6832,19.28,20260828,机械设备,通用设备,磨具磨料
002930.SZ,宏川智慧,422738.7996,9.23,20260828,交通运输,物流,仓储物流
603206.SH,嘉环科技,422702.0,13.85,20260828,通信,通信服务,通信工程及服务
605158.SH,华达新材,422432.92,8.26,20260828,有色金属,金属新材料,其他金属新材料
300968.SZ,格林精密,422060.98,10.21,20260828,电子,消费电子,消费电子零部件及组装
600526.SH,菲达环保,422025.055,4.75,20260828,环保,环保设备Ⅱ,环保设备Ⅲ
300798.SZ,锦鸡股份,421645.131,8.55,20260828,基础化工,化学制品,纺织化学制品
002197.SZ,证通电子,421452.9494,6.86,20260828,计算机,计算机设备,其他计算机设备
300557.SZ,理工光科,421103.844,26.8,20260828,机械设备,通用设备,仪器仪表
301590.SZ,优优绿能,420716.4624,71.46,20260828,电力设备,其他电源设备Ⅱ,其他电源设备Ⅲ
002900.SZ,哈三联,420435.2634,13.29,20260828,医药生物,化学制药,化学制剂
605268.SH,王力安防,420284.7,9.54,20260828,轻工制造,家居用品,定制家居
600725.SH,云维股份,420272.27,3.41,20260828,煤炭,焦炭Ⅱ,焦炭Ⅲ
300318.SZ,博晖创新,419886.857,5.14,20260828,医药生物,生物制品,血液制品
920576.BJ,天力复合,419675.4,38.52,20260828,有色金属,金属新材料,其他金属新材料
603069.SH,海汽集团,419648.0,13.28,20260828,交通运输,铁路公路,公交
688558.SH,国盛智科,419628.0,31.79,20260828,机械设备,通用设备,机床工具
300021.SZ,大禹节水,419170.675,4.1,20260828,农林牧渔,农业综合Ⅱ,农业综合Ⅲ
603928.SH,兴业股份,419065.92,12.3,20260828,基础化工,塑料,合成树脂
002672.SZ,东江环保,418891.9482,3.79,20260828,环保,环境治理,固废治理
603918.SH,金桥信息,418778.3025,11.47,20260828,计算机,IT服务Ⅱ,IT服务Ⅲ
002571.SZ,德力股份,418603.3476,10.68,20260828,轻工制造,家居用品,其他家居用品
300537.SZ,广信材料,418562.786,20.2,20260828,电子,电子化学品Ⅱ,电子化学品Ⅲ
300920.SZ,润阳科技,418470.0,32.19,20260828,基础化工,塑料,其他塑料制品
002480.SZ,新筑股份,418427.7728,5.44,20260828,公用事业,电力,光伏发电
000850.SZ,华茂股份,418043.595,4.43,20260828,纺织服饰,纺织制造,棉纺
603035.SH,常熟汽饰,418002.0411,11.41,20260828,汽车,汽车零部件,车身附件及饰件
300847.SZ,中船汉光,417966.12,14.12,20260828,计算机,计算机设备,其他计算机设备
300248.SZ,新开普,417757.5468,8.77,20260828,计算机,计算机设备,其他计算机设备
300481.SZ,濮阳惠成,417645.2205,14.31,20260828,电子,电子化学品Ⅱ,电子化学品Ⅲ
002107.SZ,沃华医药,417322.5408,7.23,20260828,医药生物,中药Ⅱ,中药Ⅲ
603960.SH,克来机电,416894.661,15.9,20260828,机械设备,自动化设备,其他自动化设备
603137.SH,恒尚节能,416173.2575,22.75,20260828,建筑装饰,装修装饰Ⅱ,装修装饰Ⅲ
603081.SH,大丰实业,416161.6135,9.85,20260828,机械设备,专用设备,其他专用设备
000882.SZ,华联股份,416077.4888,1.52,20260828,商贸零售,一般零售,百货
600684.SH,珠江股份,415883.9368,3.76,20260828,房地产,房地产服务,房地产综合服务
300241.SZ,瑞丰光电,415657.174,5.8,20260828,电子,光学光电子,LED
002829.SZ,星网宇达,415618.8,20.0,20260828,国防军工,航天装备Ⅱ,航天装备Ⅲ
300004.SZ,南风股份,415194.464,8.65,20260828,机械设备,专用设备,其他专用设备
300022.SZ,吉峰科技,415161.936,8.4,20260828,商贸零售,专业连锁Ⅱ,专业连锁Ⅲ
688595.SH,芯海科技,415133.3735,28.81,20260828,电子,半导体,数字芯片设计
002628.SZ,成都路桥,414891.074,5.48,20260828,建筑装饰,基础建设,基建市政工程
002853.SZ,皮阿诺,414670.3453,22.67,20260828,轻工制造,家居用品,定制家居
603120.SH,肯特催化,414574.4,45.86,20260828,基础化工,化学制品,其他化学制品
600135.SH,乐凯胶片,414427.0179,7.49,20260828,基础化工,塑料,膜材料
600727.SH,鲁北化工,414409.1504,7.84,20260828,基础化工,化学原料,钛白粉
603966.SH,法兰泰克,414234.3404,7.96,20260828,机械设备,专用设备,能源及重型设备
688291.SH,金橙子,414054.8011,40.33,20260828,计算机,软件开发,垂直应用软件
300407.SZ,凯发电气,413994.844,11.95,20260828,电力设备,电网设备,电网自动化设备
002370.SZ,亚太药业,413845.4625,5.55,20260828,医药生物,化学制药,化学制剂
000759.SZ,中百集团,413298.585,6.3,20260828,商贸零售,一般零售,超市
002849.SZ,威星智能,413247.482,18.73,20260828,机械设备,通用设备,仪器仪表
002088.SZ,鲁阳节能,413156.0022,8.11,20260828,建筑材料,装修建材,耐火材料
603106.SH,恒银科技,412772.36,7.93,20260828,计算机,计算机设备,其他计算机设备
301618.SZ,长联科技,412250.3808,32.64,20260828,基础化工,化学制品,纺织化学制品
301227.SZ,森鹰窗业,412123.6515,31.35,20260828,轻工制造,家居用品,定制家居
001312.SZ,福恩股份,410900.1174,17.61,20260828,纺织服饰,纺织制造,其他纺织
688339.SH,亿华通-U,410828.8268,17.08,20260828,电力设备,电池,燃料电池
603558.SH,健盛集团,410480.324,11.98,20260828,纺织服饰,纺织制造,棉纺
605088.SH,冠盛股份,410317.6264,20.24,20260828,汽车,汽车零部件,底盘与发动机系统
301399.SZ,英特科技,410189.34,22.17,20260828,机械设备,通用设备,制冷空调设备
000906.SZ,浙商中拓,410185.3296,5.78,20260828,交通运输,物流,原材料供应链服务
002449.SZ,国星光电,410050.3836,6.63,20260828,电子,光学光电子,LED
300588.SZ,熙菱信息,409747.94,21.4,20260828,计算机,计算机设备,安防设备
300901.SZ,中胤时尚,409680.0,17.07,20260828,纺织服饰,服装家纺,非运动服装
603697.SH,有友食品,408873.6476,9.56,20260828,食品饮料,休闲食品,零食
600628.SH,新世界,408825.2528,6.32,20260828,商贸零售,一般零售,百货
688045.SH,必易微,408711.407,57.91,20260828,电子,半导体,模拟芯片设计
002811.SZ,郑中设计,408060.25,13.25,20260828,建筑装饰,装修装饰Ⅱ,装修装饰Ⅲ
300882.SZ,万胜智能,407836.71,14.25,20260828,电力设备,电网设备,电工仪器仪表
600067.SH,冠城新材,407758.9291,2.93,20260828,电力设备,电网设备,线缆部件及其他
300210.SZ,森远股份,407713.24,8.42,20260828,环保,环保设备Ⅱ,环保设备Ⅲ
300643.SZ,万通智控,407584.063,17.6,20260828,汽车,汽车零部件,其他汽车零部件
002843.SZ,泰嘉股份,407563.1744,16.19,20260828,机械设备,通用设备,金属制品
000822.SZ,山东海化,407266.8145,4.55,20260828,基础化工,化学原料,纯碱
000678.SZ,襄阳轴承,407216.0548,8.86,20260828,汽车,汽车零部件,底盘与发动机系统
301501.SZ,恒鑫生活,407168.7,27.53,20260828,轻工制造,家居用品,其他家居用品
300663.SZ,科蓝软件,407162.9073,8.51,20260828,计算机,软件开发,垂直应用软件
603689.SH,皖天然气,406979.5716,7.74,20260828,公用事业,燃气Ⅱ,燃气Ⅲ
300911.SZ,亿田智能,406838.9802,22.19,20260828,家用电器,厨卫电器,厨房电器
603967.SH,中创物流,406640.0391,11.73,20260828,交通运输,物流,跨境物流
688215.SH,瑞晟智能,406490.4987,44.99,20260828,机械设备,自动化设备,其他自动化设备
002578.SZ,闽发铝业,406426.8766,4.33,20260828,有色金属,工业金属,铝
002116.SZ,中国海诚,406358.7278,7.27,20260828,建筑装饰,专业工程,其他专业工程
001279.SZ,强邦新材,406240.0,25.39,20260828,轻工制造,包装印刷,印刷
920261.BJ,一诺威,405547.918,13.93,20260828,基础化工,化学制品,聚氨酯
920139.BJ,华岭股份,405339.1176,15.04,20260828,电子,半导体,集成电路封测
300061.SZ,旗天科技,405281.064,6.15,20260828,传媒,广告营销,营销代理
300599.SZ,雄塑科技,405046.8396,11.31,20260828,建筑材料,装修建材,管材
688350.SH,富淼科技,404952.4842,28.27,20260828,基础化工,化学制品,其他化学制品
920522.BJ,纳科诺尔,404887.1098,18.45,20260828,电力设备,电池,锂电专用设备
300991.SZ,创益通,404784.0,28.11,20260828,电子,其他电子Ⅱ,其他电子Ⅲ
920239.BJ,长虹能源,404750.9555,22.23,20260828,电力设备,电池,锂电池
300880.SZ,迦南智能,404519.6229,20.73,20260828,电力设备,电网设备,电工仪器仪表
301277.SZ,新天地,404232.8304,10.31,20260828,医药生物,化学制药,原料药
301449.SZ,天溯计量,404204.5788,44.27,20260828,社会服务,专业服务,检测服务
603636.SH,南威软件,403930.908,6.96,20260828,计算机,IT服务Ⅱ,IT服务Ⅲ
601368.SH,绿城水务,403518.7067,4.57,20260828,环保,环境治理,水务及水治理
688429.SH,时创能源,403200.8064,10.08,20260828,电力设备,光伏设备,光伏电池组件
688023.SH,安恒信息,403182.9446,39.46,20260828,计算机,软件开发,横向通用软件
600506.SH,统一股份,403143.729,16.15,20260828,石油石化,炼化及贸易,炼油化工
603107.SH,上海汽配,403115.325,11.95,20260828,汽车,汽车零部件,底盘与发动机系统
300111.SZ,向日葵,402896.9491,3.13,20260828,医药生物,化学制药,化学制剂
300921.SZ,南凌科技,402063.453,15.66,20260828,通信,通信服务,通信应用增值服务
688311.SH,盟升电子,402045.672,22.96,20260828,国防军工,军工电子Ⅱ,军工电子Ⅲ
002783.SZ,凯龙股份,401950.5875,8.05,20260828,基础化工,化学制品,民爆制品
603676.SH,卫信康,401654.0645,9.23,20260828,医药生物,化学制药,化学制剂
603978.SH,深圳新星,401501.3586,19.02,20260828,有色金属,金属新材料,其他金属新材料
603324.SH,盛剑科技,401464.6479,26.59,20260828,环保,环保设备Ⅱ,环保设备Ⅲ
300691.SZ,联合光电,401420.6604,14.92,20260828,计算机,计算机设备,安防设备
300571.SZ,平治信息,400864.8059,28.73,20260828,通信,通信服务,通信应用增值服务
600798.SH,宁波海运,400569.3544,3.32,20260828,交通运输,航运港口,航运
002094.SZ,青岛金王,400029.6525,5.79,20260828,美容护理,化妆品,化妆品制造及其他
300562.SZ,乐心医疗,399974.4915,18.27,20260828,医药生物,医疗器械,医疗设备
600800.SH,渤海化学,399616.272,3.6,20260828,石油石化,炼化及贸易,其他石化
000518.SZ,四环生物,399467.8056,3.88,20260828,医药生物,生物制品,其他生物制品
603607.SH,京华激光,399163.5648,22.36,20260828,轻工制造,包装印刷,综合包装
300466.SZ,赛摩智能,398969.7755,7.45,20260828,机械设备,通用设备,仪器仪表
300445.SZ,康斯特,398943.54,18.78,20260828,机械设备,通用设备,仪器仪表
600333.SH,长春燃气,398915.1085,6.55,20260828,公用事业,燃气Ⅱ,燃气Ⅲ
000721.SZ,西安饮食,398870.4385,6.95,20260828,社会服务,酒店餐饮,餐饮
688360.SH,德马科技,398783.4984,15.12,20260828,机械设备,通用设备,其他通用设备
002554.SZ,惠博普,398782.3099,2.99,20260828,石油石化,油服工程,油气及炼化工程
688298.SH,东方生物,397958.4,19.74,20260828,医药生物,医疗器械,体外诊断
300795.SZ,米奥会展,397827.7809,13.31,20260828,社会服务,专业服务,会展服务
603322.SH,超讯通信,397749.0832,25.24,20260828,通信,通信服务,通信工程及服务
300662.SZ,科锐国际,397745.5323,20.21,20260828,社会服务,专业服务,人力资源服务
000931.SZ,中关村,397651.056,5.28,20260828,医药生物,化学制药,化学制剂
002786.SZ,银宝山新,397480.824,8.02,20260828,机械设备,专用设备,其他专用设备
300853.SZ,申昊科技,397056.4682,27.02,20260828,电力设备,电网设备,电网自动化设备
603520.SH,司太立,396760.9595,9.05,20260828,医药生物,化学制药,原料药
002187.SZ,广百股份,396706.3436,5.66,20260828,商贸零售,一般零售,百货
002035.SZ,华帝股份,396701.9316,4.68,20260828,家用电器,厨卫电器,厨房电器
600527.SH,江南高纤,396573.2461,2.29,20260828,纺织服饰,纺织制造,其他纺织
600805.SH,悦达投资,395665.9425,4.65,20260828,综合,综合Ⅱ,综合Ⅲ
301295.SZ,美硕科技,395640.0,39.25,20260828,电力设备,电网设备,输变电设备
300246.SZ,宝莱特,395601.373,14.95,20260828,医药生物,医疗器械,医疗设备
603933.SH,睿能科技,395372.463,19.05,20260828,电子,其他电子Ⅱ,其他电子Ⅲ
688186.SH,广大特材,395209.5646,14.09,20260828,电力设备,风电设备,风电零部件
300690.SZ,双一科技,395183.9164,23.9,20260828,电力设备,风电设备,风电零部件
603085.SH,天成自控,395114.5,9.95,20260828,汽车,汽车零部件,车身附件及饰件
002474.SZ,榕基软件,394474.8,6.34,20260828,计算机,IT服务Ⅱ,IT服务Ⅲ
301046.SZ,能辉科技,394326.1625,23.39,20260828,建筑装饰,专业工程,其他专业工程
000797.SZ,中国武夷,394259.3042,2.51,20260828,房地产,房地产开发,住宅开发
920179.BJ,凯德石英,393951.2357,52.91,20260828,电子,半导体,半导体材料
300952.SZ,恒辉安防,393843.045,16.3,20260828,纺织服饰,服装家纺,鞋帽及其他
300668.SZ,杰恩股份,393767.2323,32.71,20260828,建筑装饰,工程咨询服务Ⅱ,工程咨询服务Ⅲ
300071.SZ,福石控股,393264.7944,4.08,20260828,传媒,广告营销,营销代理
600824.SH,益民集团,393152.1083,3.73,20260828,商贸零售,一般零售,多业态零售
300105.SZ,龙源技术,393050.5728,7.62,20260828,环保,环保设备Ⅱ,环保设备Ⅲ
301360.SZ,荣旗科技,392683.3461,56.27,20260828,机械设备,通用设备,仪器仪表
600785.SH,新华百货,392327.6796,12.42,20260828,商贸零售,一般零售,多业态零售
002228.SZ,合兴包装,391923.5488,3.23,20260828,轻工制造,包装印刷,纸包装
301273.SZ,瑞晨环保,391866.2395,39.07,20260828,机械设备,通用设备,其他通用设备
300887.SZ,谱尼测试,391836.5905,7.18,20260828,社会服务,专业服务,检测服务
300107.SZ,建新股份,391696.4808,6.96,20260828,基础化工,化学制品,纺织化学制品
605028.SH,世茂能源,391680.0,24.48,20260828,公用事业,电力,热力服务
688569.SH,铁科轨道,391629.3953,18.59,20260828,机械设备,轨交设备Ⅱ,轨交设备Ⅲ
300639.SZ,凯普生物,391132.9078,6.05,20260828,医药生物,医疗器械,体外诊断
603669.SH,灵康药业,391069.8288,5.49,20260828,医药生物,化学制药,化学制剂
920819.BJ,颖泰生物,391030.2,3.19,20260828,基础化工,农化制品,农药
001360.SZ,南矿集团,390660.0,19.15,20260828,机械设备,专用设备,能源及重型设备
605058.SH,澳弘电子,390471.3732,27.32,20260828,电子,元件,印制电路板
301068.SZ,大地海洋,390455.2791,27.63,20260828,环保,环境治理,固废治理
600794.SH,保税科技,390049.465,3.25,20260828,交通运输,物流,仓储物流
300062.SZ,中能电气,389931.2506,6.19,20260828,电力设备,电网设备,输变电设备
301073.SZ,君亭酒店,389680.0044,20.04,20260828,社会服务,酒店餐饮,酒店
603126.SH,中材节能,389499.0,6.38,20260828,环保,环保设备Ⅱ,环保设备Ⅲ
603421.SH,鼎信通讯,389357.7285,5.97,20260828,通信,通信设备,通信网络设备及器件
603058.SH,永吉股份,388982.5968,9.38,20260828,轻工制造,包装印刷,纸包装
001268.SZ,联合精密,388963.6687,25.81,20260828,家用电器,家电零部件Ⅱ,家电零部件Ⅲ
600980.SH,北矿科技,388846.162,20.12,20260828,机械设备,专用设备,能源及重型设备
000532.SZ,华金资本,388830.9624,11.28,20260828,非银金融,多元金融,资产管理
300384.SZ,三联虹普,388550.7696,12.18,20260828,建筑装饰,专业工程,化学工程
301169.SZ,零点有数,388514.4165,53.93,20260828,社会服务,专业服务,其他专业服务
301383.SZ,天键股份,388450.257,23.79,20260828,电子,消费电子,消费电子零部件及组装
600520.SH,三佳科技,388311.93,24.51,20260828,机械设备,专用设备,其他专用设备
002564.SZ,天沃科技,388224.834,4.52,20260828,建筑装饰,专业工程,其他专业工程
300494.SZ,盛天网络,387993.4891,7.91,20260828,传媒,游戏Ⅱ,游戏Ⅲ
688600.SH,皖仪科技,387960.48,28.8,20260828,机械设备,通用设备,仪器仪表
002362.SZ,汉王科技,387949.6089,15.87,20260828,计算机,软件开发,垂直应用软件
688199.SH,久日新材,387751.6565,24.05,20260828,基础化工,化学制品,其他化学制品
300290.SZ,荣科科技,387677.9556,6.06,20260828,计算机,IT服务Ⅱ,IT服务Ⅲ
000055.SZ,方大集团,387668.5862,3.61,20260828,建筑材料,装修建材,其他建材
920156.BJ,海昌智能,387638.76,37.23,20260828,机械设备,专用设备,其他专用设备
688152.SH,麒麟信安,387620.3724,38.04,20260828,计算机,软件开发,横向通用软件
301210.SZ,金杨精密,387587.6355,24.05,20260828,电力设备,电池,锂电池
600844.SH,金煤科技,387295.7202,3.81,20260828,基础化工,化学原料,煤化工
603719.SH,良品铺子,387237.8482,9.73,20260828,食品饮料,休闲食品,零食
600505.SH,西昌电力,387170.685,10.62,20260828,公用事业,电力,电能综合服务
300858.SZ,科拓生物,387074.4488,14.69,20260828,基础化工,化学制品,食品及饲料添加剂
002613.SZ,北玻股份,386299.6137,3.51,20260828,建筑材料,玻璃玻纤,玻璃制造
300310.SZ,宜通世纪,386166.4668,4.38,20260828,通信,通信服务,通信工程及服务
688459.SH,哈铁科技,385920.0,8.04,20260828,机械设备,轨交设备Ⅱ,轨交设备Ⅲ
603639.SH,海利尔,385661.9646,11.03,20260828,基础化工,农化制品,农药
603716.SH,塞力医疗,385650.6864,17.08,20260828,医药生物,医药商业,医药流通
603239.SH,浙江仙通,385234.56,14.23,20260828,汽车,汽车零部件,其他汽车零部件
601188.SH,龙江交通,385113.6205,2.95,20260828,交通运输,铁路公路,高速公路
002333.SZ,罗普斯金,384707.136,5.7,20260828,建筑材料,装修建材,其他建材
002596.SZ,海南瑞泽,384439.4675,3.35,20260828,建筑材料,水泥,水泥制品
301172.SZ,君逸数码,384405.606,17.1,20260828,计算机,IT服务Ⅱ,IT服务Ⅲ
002016.SZ,世荣兆业,384320.41,4.75,20260828,房地产,房地产开发,住宅开发
301111.SZ,粤万年青,384320.0,24.02,20260828,医药生物,中药Ⅱ,中药Ⅲ
688133.SH,泰坦科技,384289.269,23.37,20260828,基础化工,化学制品,其他化学制品
301016.SZ,雷尔伟,383930.6023,12.53,20260828,机械设备,轨交设备Ⅱ,轨交设备Ⅲ
603178.SH,圣龙股份,383696.5137,16.23,20260828,汽车,汽车零部件,底盘与发动机系统
301668.SZ,昊创瑞通,383680.0,34.88,20260828,电力设备,电网设备,配电设备
000892.SZ,欢瑞世纪,383563.3755,3.91,20260828,传媒,影视院线,影视动漫制作
603020.SH,爱普股份,383150.556,10.2,20260828,基础化工,化学制品,食品及饲料添加剂
300686.SZ,智动力,383117.574,14.7,20260828,电子,消费电子,消费电子零部件及组装
300736.SZ,百邦科技,383035.5936,29.94,20260828,电子,其他电子Ⅱ,其他电子Ⅲ
603090.SH,宏盛股份,383000.0,38.3,20260828,机械设备,通用设备,其他通用设备
688269.SH,凯立新材,382962.72,29.3,20260828,基础化工,化学制品,其他化学制品
920249.BJ,利尔达,382840.04,9.08,20260828,通信,通信设备,通信终端及配件
600830.SH,香溢融通,382539.7134,8.42,20260828,非银金融,多元金融,金融控股
300584.SZ,海辰药业,382440.0,31.87,20260828,医药生物,化学制药,化学制剂
920510.BJ,丰光精密,382362.6581,20.78,20260828,机械设备,通用设备,金属制品
300354.SZ,东华测试,382317.3092,27.64,20260828,机械设备,通用设备,仪器仪表
688458.SH,美芯晟,382235.9282,34.27,20260828,电子,半导体,模拟芯片设计
603167.SH,渤海轮渡,381883.623,8.14,20260828,交通运输,航运港口,航运
300193.SZ,佳士科技,381476.0898,8.01,20260828,机械设备,通用设备,其他通用设备
688588.SH,凌志软件,381039.77,9.77,20260828,计算机,软件开发,垂直应用软件
301038.SZ,深水规院,381020.64,17.08,20260828,建筑装饰,工程咨询服务Ⅱ,工程咨询服务Ⅲ
603105.SH,芯能科技,381008.6868,7.62,20260828,公用事业,电力,光伏发电
300448.SZ,浩云科技,380879.1273,5.63,20260828,计算机,IT服务Ⅱ,IT服务Ⅲ
603199.SH,九华旅游,380739.2,34.4,20260828,社会服务,旅游及景区,自然景区
603375.SH,盛景微,380519.748,37.8,20260828,电子,半导体,模拟芯片设计
001238.SZ,浙江正特,380422.896,24.52,20260828,轻工制造,文娱用品,娱乐用品
688212.SH,澳华内镜,380294.8072,28.24,20260828,医药生物,医疗器械,医疗设备
605566.SH,福莱蒽特,380152.34,28.51,20260828,基础化工,化学制品,纺织化学制品
605378.SH,野马电池,379997.6656,14.54,20260828,电力设备,电池,蓄电池及其他电池
301002.SZ,崧盛股份,379981.7472,28.16,20260828,电力设备,电网设备,输变电设备
688373.SH,盟科药业-U,379956.2436,5.79,20260828,医药生物,化学制药,化学制剂
300213.SZ,佳讯飞鸿,379799.0433,6.39,20260828,通信,通信设备,其他通信设备
300721.SZ,怡达股份,379641.9501,23.03,20260828,基础化工,化学制品,其他化学制品
300551.SZ,古鳌科技,379510.1964,11.16,20260828,计算机,计算机设备,其他计算机设备
002686.SZ,亿利达,379380.197,6.7,20260828,机械设备,通用设备,制冷空调设备
300542.SZ,新晨科技,378872.5131,12.69,20260828,计算机,软件开发,垂直应用软件
603926.SH,铁流股份,378836.2116,16.26,20260828,汽车,汽车零部件,底盘与发动机系统
000509.SZ,华塑控股,378814.184,3.53,20260828,电子,光学光电子,面板
688590.SH,新致软件,378566.892,12.1,20260828,计算机,软件开发,垂直应用软件
688168.SH,安博通,378422.618,35.02,20260828,计算机,软件开发,横向通用软件
000659.SZ,珠海中富,377996.535,2.94,20260828,轻工制造,包装印刷,塑料包装
301119.SZ,正强股份,377977.6,25.96,20260828,汽车,汽车零部件,底盘与发动机系统
000546.SZ,金圆股份,377937.0738,4.86,20260828,环保,环境治理,固废治理
603291.SH,联合水务,377935.9958,8.93,20260828,环保,环境治理,水务及水治理
605303.SH,园林股份,377779.2282,23.43,20260828,建筑装饰,基础建设,园林工程
301102.SZ,兆讯传媒,377580.0,9.3,20260828,传媒,广告营销,广告媒体
002521.SZ,齐峰新材,377481.1814,6.74,20260828,轻工制造,造纸,特种纸
002962.SZ,五方光电,377414.8982,12.94,20260828,电子,光学光电子,光学元件
002693.SZ,双成药业,377367.718,9.1,20260828,医药生物,化学制药,化学制剂
002676.SZ,顺威股份,377280.0,5.24,20260828,家用电器,家电零部件Ⅱ,家电零部件Ⅲ
300916.SZ,朗特智能,377231.552,26.08,20260828,电子,消费电子,消费电子零部件及组装
002090.SZ,金智科技,376943.0511,9.41,20260828,电力设备,电网设备,电网自动化设备
300399.SZ,天利科技,376823.2,19.07,20260828,计算机,IT服务Ⅱ,IT服务Ⅲ
300712.SZ,永福股份,376592.368,20.08,20260828,建筑装饰,专业工程,其他专业工程
000607.SZ,华媒控股,376548.408,3.7,20260828,传媒,广告营销,广告媒体
000889.SZ,中嘉博创,376389.0624,4.02,20260828,通信,通信服务,通信工程及服务
301446.SZ,福事特,376272.0,36.18,20260828,机械设备,工程机械,工程机械器件
603207.SH,小方制药,376146.6375,23.25,20260828,医药生物,化学制药,化学制剂
605388.SH,均瑶健康,375902.984,6.26,20260828,食品饮料,饮料乳品,乳品
300978.SZ,东箭科技,375782.7003,8.89,20260828,汽车,汽车零部件,车身附件及饰件
002339.SZ,积成电子,375548.7635,7.45,20260828,电力设备,电网设备,电网自动化设备
300812.SZ,易天股份,375350.5206,19.14,20260828,电子,消费电子,消费电子零部件及组装
001269.SZ,欧晶科技,375204.18,19.5,20260828,电力设备,光伏设备,光伏辅材
688163.SH,赛伦生物,375198.74,34.67,20260828,医药生物,生物制品,其他生物制品
688075.SH,安旭生物,375148.4256,29.52,20260828,医药生物,医疗器械,体外诊断
002356.SZ,赫美集团,375018.787,2.86,20260828,商贸零售,一般零售,多业态零售
002084.SZ,海鸥住工,374712.48,5.8,20260828,轻工制造,家居用品,卫浴制品
603316.SH,诚邦股份,374488.613,13.87,20260828,建筑装饰,基础建设,园林工程
603138.SH,海量数据,374353.77,12.75,20260828,计算机,IT服务Ⅱ,IT服务Ⅲ
002162.SZ,悦心健康,374318.2663,4.07,20260828,轻工制造,家居用品,瓷砖地板
301398.SZ,星源卓镁,374084.028,33.4,20260828,汽车,汽车零部件,车身附件及饰件
688286.SH,敏芯股份,373946.9625,47.75,20260828,电子,半导体,模拟芯片设计
300402.SZ,宝色股份,373887.6075,15.15,20260828,机械设备,通用设备,金属制品
300908.SZ,仲景食品,373614.0,25.59,20260828,食品饮料,调味发酵品Ⅱ,调味发酵品Ⅲ
600969.SH,郴电国际,373380.9545,10.09,20260828,公用事业,电力,电能综合服务
301133.SZ,金钟股份,373145.7024,30.72,20260828,汽车,汽车零部件,车身附件及饰件
300478.SZ,杭州高新,372798.639,29.43,20260828,基础化工,塑料,改性塑料
301221.SZ,光庭信息,372782.6511,28.37,20260828,汽车,汽车零部件,汽车电子电气系统
300231.SZ,银信科技,372697.567,8.38,20260828,计算机,IT服务Ⅱ,IT服务Ⅲ
300652.SZ,雷迪克,372559.9458,27.93,20260828,汽车,汽车零部件,轮胎轮毂
301518.SZ,长华化学,372547.3895,25.61,20260828,基础化工,化学制品,其他化学制品
603637.SH,镇海股份,372350.004,15.6,20260828,建筑装饰,专业工程,化学工程
920402.BJ,硅烷科技,372256.9791,8.82,20260828,基础化工,化学制品,其他化学制品
688299.SH,长阳科技,372173.8055,12.95,20260828,电子,光学光电子,面板
300299.SZ,富春股份,372071.7539,5.39,20260828,传媒,游戏Ⅱ,游戏Ⅲ
300040.SZ,九洲集团,371891.2112,5.78,20260828,公用事业,电力,电能综合服务
002269.SZ,美邦服饰,371850.0,1.48,20260828,纺织服饰,服装家纺,非运动服装
002923.SZ,润都股份,371731.563,11.1,20260828,医药生物,化学制药,化学制剂
603116.SH,红蜻蜓,371649.516,6.45,20260828,纺织服饰,服装家纺,鞋帽及其他
000407.SZ,胜利股份,371395.7012,4.22,20260828,公用事业,燃气Ⅱ,燃气Ⅲ
300011.SZ,鼎汉技术,371205.4602,6.13,20260828,机械设备,轨交设备Ⅱ,轨交设备Ⅲ
002615.SZ,哈尔斯,371155.2234,6.63,20260828,轻工制造,家居用品,其他家居用品
300200.SZ,高盟新材,370636.952,8.6,20260828,基础化工,化学制品,聚氨酯
002457.SZ,青龙管业,370503.8348,11.11,20260828,建筑材料,装修建材,管材
002453.SZ,华软科技,370439.3976,4.56,20260828,基础化工,化学制品,其他化学制品
000020.SZ,深华发A,370374.8496,13.08,20260828,电子,光学光电子,面板
000798.SZ,中水渔业,370249.0044,10.12,20260828,农林牧渔,渔业,海洋捕捞
300839.SZ,博汇股份,369963.9276,12.84,20260828,石油石化,炼化及贸易,其他石化
000570.SZ,苏常柴A,369782.87,5.24,20260828,汽车,汽车零部件,底盘与发动机系统
301315.SZ,威士顿,369600.0,42.0,20260828,计算机,软件开发,横向通用软件
301332.SZ,德尔玛,368788.4375,7.99,20260828,家用电器,小家电,清洁小家电
603139.SH,康惠股份,368652.2798,34.63,20260828,医药生物,中药Ⅱ,中药Ⅲ
300931.SZ,通用电梯,368647.236,15.16,20260828,机械设备,专用设备,楼宇设备
300998.SZ,宁波方正,368573.9091,26.87,20260828,汽车,汽车零部件,其他汽车零部件
600834.SH,申通地铁,368538.8268,7.72,20260828,交通运输,铁路公路,公交
301187.SZ,欧圣电气,367869.0405,14.43,20260828,家用电器,小家电,清洁小家电
603315.SH,福鞍股份,367780.5124,11.48,20260828,环保,环境治理,大气治理
688571.SH,杭华股份,367755.9969,8.67,20260828,基础化工,化学制品,涂料油墨
300603.SZ,立昂技术,367190.657,7.9,20260828,通信,通信服务,通信工程及服务
603109.SH,神驰机电,367155.4872,17.58,20260828,汽车,汽车零部件,其他汽车零部件
605337.SH,李子园,366685.209,9.46,20260828,食品饮料,饮料乳品,软饮料
300511.SZ,雪榕生物,366564.484,5.72,20260828,农林牧渔,种植业,食用菌
605218.SH,伟时电子,366407.5332,15.09,20260828,电子,光学光电子,面板
000926.SZ,福星股份,366381.881,2.3,20260828,房地产,房地产开发,住宅开发
002095.SZ,生意宝,366191.28,14.49,20260828,传媒,数字媒体,门户网站
688157.SH,松井股份,366048.735,19.5,20260828,基础化工,化学制品,涂料油墨
600262.SH,北方股份,366044.0,15.38,20260828,机械设备,专用设备,能源及重型设备
002669.SZ,康达新材,365900.4,12.06,20260828,基础化工,化学制品,胶黏剂及胶带
300464.SZ,星徽股份,365895.6651,7.83,20260828,商贸零售,互联网电商,跨境电商
301208.SZ,中亦科技,365880.3049,30.49,20260828,计算机,IT服务Ⅱ,IT服务Ⅲ
002593.SZ,日上集团,365755.39,4.55,20260828,建筑装饰,专业工程,钢结构
001396.SZ,誉帆科技,365606.208,34.2,20260828,建筑装饰,基础建设,基建市政工程
601599.SH,浙文影业,365570.8875,3.15,20260828,纺织服饰,纺织制造,其他纺织
002614.SZ,奥佳华,365511.1712,5.86,20260828,家用电器,其他家电Ⅱ,其他家电Ⅲ
300830.SZ,金现代,365377.4072,8.09,20260828,计算机,软件开发,垂直应用软件
000965.SZ,天保基建,365134.3661,3.29,20260828,房地产,房地产开发,住宅开发
605369.SH,拱东医疗,365092.783,16.61,20260828,医药生物,医疗器械,医疗耗材
603551.SH,奥普科技,364295.3692,9.47,20260828,家用电器,厨卫电器,卫浴电器
688607.SH,康众医疗,363972.77,41.3,20260828,医药生物,医疗器械,医疗设备
300272.SZ,开能健康,363824.3358,5.95,20260828,家用电器,小家电,清洁小家电
600327.SH,大东方,363644.3745,4.11,20260828,商贸零售,一般零售,百货
301025.SZ,读客文化,363480.9352,9.08,20260828,传媒,出版,大众出版
002587.SZ,奥拓电子,362595.2714,5.54,20260828,电子,光学光电子,LED
300521.SZ,爱司凯,362496.33,24.21,20260828,机械设备,专用设备,印刷包装机械
300752.SZ,隆利科技,362259.579,11.22,20260828,电子,光学光电子,LED
002991.SZ,甘源食品,362143.383,38.85,20260828,食品饮料,休闲食品,零食
300945.SZ,曼卡龙,361658.808,13.8,20260828,纺织服饰,饰品,钟表珠宝
002917.SZ,金奥博,361518.768,10.4,20260828,基础化工,化学制品,民爆制品
688768.SH,容知日新,361281.6022,41.06,20260828,机械设备,通用设备,仪器仪表
002766.SZ,索菱股份,361135.2461,4.2,20260828,汽车,汽车零部件,汽车电子电气系统
603381.SH,永臻股份,360866.8323,15.21,20260828,电力设备,光伏设备,光伏辅材
600467.SH,好当家,360865.5921,2.47,20260828,农林牧渔,渔业,水产养殖
603101.SH,汇嘉时代,360796.8,7.67,20260828,商贸零售,一般零售,多业态零售
688606.SH,奥泰生物,360795.8336,47.69,20260828,医药生物,医疗器械,体外诊断
000890.SZ,法尔胜,360773.354,8.6,20260828,环保,环保设备Ⅱ,环保设备Ⅲ
002855.SZ,捷荣技术,360758.4408,14.64,20260828,电子,消费电子,消费电子零部件及组装
605066.SH,天正电气,360746.9658,7.18,20260828,电力设备,电网设备,配电设备
600503.SH,华丽家族,360515.25,2.25,20260828,房地产,房地产开发,住宅开发
301033.SZ,迈普医学,360301.1817,53.71,20260828,医药生物,医疗器械,医疗耗材
300933.SZ,中辰股份,359985.549,6.58,20260828,电力设备,电网设备,线缆部件及其他
002462.SZ,嘉事堂,359966.5614,12.34,20260828,医药生物,医药商业,医药流通
601366.SH,利群股份,359902.9125,3.75,20260828,商贸零售,一般零售,多业态零售
300094.SZ,国联水产,359885.3687,3.19,20260828,农林牧渔,渔业,水产养殖
300439.SZ,美康生物,359661.7343,9.37,20260828,医药生物,医疗器械,体外诊断
002548.SZ,金新农,359427.3858,4.34,20260828,农林牧渔,饲料,畜禽饲料
301077.SZ,星华新材,359392.8947,21.11,20260828,基础化工,化学制品,其他化学制品
000151.SZ,中成股份,359328.0512,10.24,20260828,商贸零售,贸易Ⅱ,贸易Ⅲ
001266.SZ,宏英智能,359153.0088,34.65,20260828,机械设备,自动化设备,工控设备
603232.SH,格尔软件,358817.8608,15.43,20260828,计算机,软件开发,垂直应用软件
300962.SZ,中金辐照,358778.5821,13.59,20260828,社会服务,专业服务,其他专业服务
300582.SZ,英飞特,358542.2164,12.01,20260828,电子,光学光电子,LED
920088.BJ,科力股份,358539.0765,40.71,20260828,石油石化,油服工程,油田服务
000731.SZ,四川美丰,358383.3127,6.53,20260828,基础化工,农化制品,氮肥
300163.SZ,先锋新材,358344.0,7.56,20260828,基础化工,化学制品,其他化学制品
002054.SZ,德美化工,358211.8165,7.43,20260828,基础化工,化学制品,纺织化学制品
002952.SZ,亚世光电,358096.86,21.79,20260828,电子,光学光电子,面板
603579.SH,荣泰健康,358074.3244,17.81,20260828,家用电器,其他家电Ⅱ,其他家电Ⅲ
301509.SZ,金凯生科,357846.8486,29.71,20260828,医药生物,医疗服务,医疗研发外包
301456.SZ,盘古智能,357714.0336,23.52,20260828,电力设备,风电设备,风电零部件
603566.SH,普莱柯,357482.3559,10.33,20260828,农林牧渔,动物保健Ⅱ,动物保健Ⅲ
300190.SZ,维尔利,357429.553,3.77,20260828,环保,环境治理,综合环境治理
300654.SZ,世纪天鸿,357337.9024,9.76,20260828,传媒,出版,教育出版
002927.SZ,泰永长征,357330.5521,16.01,20260828,电力设备,电网设备,配电设备
603569.SH,长久物流,357276.3216,5.92,20260828,交通运输,物流,公路货运
603382.SH,海阳科技,357246.5094,19.71,20260828,基础化工,化学纤维,锦纶
301266.SZ,宇邦新材,357007.3265,24.97,20260828,电力设备,光伏设备,光伏辅材
300230.SZ,永利股份,357000.6826,4.39,20260828,基础化工,塑料,其他塑料制品
301157.SZ,华塑科技,356940.0,59.49,20260828,电力设备,其他电源设备Ⅱ,其他电源设备Ⅲ
002369.SZ,卓翼科技,356615.5127,6.29,20260828,电子,消费电子,消费电子零部件及组装
300050.SZ,世纪鼎利,356329.7418,6.54,20260828,通信,通信服务,通信工程及服务
603903.SH,中持股份,356170.7025,13.95,20260828,环保,环境治理,水务及水治理
000576.SZ,甘化科工,356117.3328,8.16,20260828,国防军工,地面兵装Ⅱ,地面兵装Ⅲ
300729.SZ,乐歌股份,355961.1628,10.42,20260828,轻工制造,家居用品,其他家居用品
605189.SH,富春染织,355684.7057,14.93,20260828,纺织服饰,纺织制造,印染
301222.SZ,浙江恒威,355055.646,25.3,20260828,电力设备,电池,蓄电池及其他电池
001378.SZ,德冠新材,354987.4176,20.48,20260828,基础化工,塑料,膜材料
002184.SZ,海得控制,354723.5664,10.08,20260828,机械设备,自动化设备,工控设备
002103.SZ,广博股份,354222.999,6.63,20260828,轻工制造,文娱用品,文化用品
003025.SZ,思进智能,354090.0145,12.47,20260828,机械设备,通用设备,机床工具
300664.SZ,鹏鹞环保,353844.341,4.7,20260828,环保,环境治理,水务及水治理
300370.SZ,安控科技,353775.0212,2.26,20260828,机械设备,通用设备,仪器仪表
603390.SH,通达电气,353743.804,10.06,20260828,汽车,汽车零部件,汽车电子电气系统
002391.SZ,长青股份,353378.32,5.44,20260828,基础化工,农化制品,农药
301181.SZ,标榜股份,353278.1616,23.52,20260828,汽车,汽车零部件,其他汽车零部件
300078.SZ,思创智联,353247.6152,3.16,20260828,计算机,IT服务Ⅱ,IT服务Ⅲ
603759.SH,海天股份,353246.4,7.65,20260828,环保,环境治理,水务及水治理
300817.SZ,双飞集团,353206.6494,16.18,20260828,机械设备,通用设备,金属制品
603351.SH,威尔药业,353089.7337,26.07,20260828,医药生物,化学制药,原料药
600716.SH,凤凰股份,352894.8462,3.77,20260828,房地产,房地产开发,住宅开发
600791.SH,京能置业,352793.52,7.79,20260828,房地产,房地产开发,住宅开发
600318.SH,新力金融,352756.5888,6.88,20260828,非银金融,多元金融,金融控股
002148.SZ,北纬科技,352572.0703,6.31,20260828,通信,通信服务,通信应用增值服务
300948.SZ,冠中生态,352431.9957,21.44,20260828,建筑装饰,基础建设,园林工程
301279.SZ,金道科技,352385.1477,20.91,20260828,机械设备,工程机械,工程机械器件
688636.SH,智明达,352160.46,20.25,20260828,国防军工,军工电子Ⅱ,军工电子Ⅲ
603161.SH,科华控股,352157.5594,15.71,20260828,汽车,汽车零部件,底盘与发动机系统
688399.SH,硕世生物,352157.0937,28.37,20260828,医药生物,医疗器械,体外诊断
688039.SH,当虹科技,352154.8576,31.84,20260828,计算机,IT服务Ⅱ,IT服务Ⅲ
600280.SH,中央商场,352040.4576,3.12,20260828,商贸零售,一般零售,百货
300698.SZ,万马科技,352018.0,26.27,20260828,通信,通信设备,通信网络设备及器件
301289.SZ,国缆检测,352014.0,45.13,20260828,社会服务,专业服务,检测服务
301056.SZ,森赫股份,351891.5254,13.19,20260828,机械设备,专用设备,楼宇设备
000514.SZ,渝开发,351852.507,4.17,20260828,房地产,房地产开发,住宅开发
002296.SZ,辉煌科技,351791.1012,9.03,20260828,通信,通信设备,通信网络设备及器件
605186.SH,健麾信息,351696.0,25.86,20260828,机械设备,自动化设备,其他自动化设备
603798.SH,康普顿,351592.5387,13.71,20260828,石油石化,炼化及贸易,其他石化
300879.SZ,大叶股份,351566.7156,17.37,20260828,机械设备,专用设备,农用机械
603577.SH,汇金通,351348.1076,10.36,20260828,电力设备,电网设备,线缆部件及其他
000803.SZ,山高环能,351121.0386,7.53,20260828,环保,环境治理,固废治理
688602.SH,康鹏科技,351097.5,6.76,20260828,基础化工,化学制品,其他化学制品
300414.SZ,中光防雷,350470.9625,10.75,20260828,通信,通信设备,其他通信设备
600293.SH,三峡新材,350363.79,3.02,20260828,建筑材料,玻璃玻纤,玻璃制造
300805.SZ,电声股份,350164.7325,8.25,20260828,传媒,广告营销,营销代理
300110.SZ,华仁药业,349935.048,2.96,20260828,医药生物,化学制药,化学制剂
300881.SZ,盛德鑫泰,349800.318,31.8,20260828,钢铁,特钢Ⅱ,特钢Ⅲ
603313.SH,梦百合,349769.7697,6.13,20260828,轻工制造,家居用品,成品家居
300658.SZ,延江股份,349735.0691,10.51,20260828,美容护理,个护用品,生活用纸
301161.SZ,唯万密封,349680.0,29.14,20260828,机械设备,工程机械,工程机械器件
000736.SZ,中交地产,349642.0512,4.68,20260828,房地产,房地产开发,住宅开发
603205.SH,健尔康,349596.0,22.41,20260828,医药生物,医疗器械,医疗耗材
688283.SH,坤恒顺维,349566.0,28.7,20260828,通信,通信设备,其他通信设备
600622.SH,光大嘉宝,349426.6982,2.33,20260828,房地产,房地产开发,住宅开发
600865.SH,百大集团,348774.7581,9.27,20260828,商贸零售,一般零售,百货
600539.SH,狮头股份,348680.0,15.16,20260828,商贸零售,互联网电商,电商服务
688716.SH,中研股份,348491.52,28.64,20260828,基础化工,塑料,合成树脂
002357.SZ,富临运业,348286.3901,11.11,20260828,交通运输,铁路公路,公交
605399.SH,晨光新材,347801.7421,11.17,20260828,基础化工,化学制品,有机硅
003005.SZ,竞业达,347777.2161,15.03,20260828,计算机,IT服务Ⅱ,IT服务Ⅲ
301195.SZ,北路智控,347739.7834,26.33,20260828,计算机,软件开发,垂直应用软件
688216.SH,气派科技,347674.6677,30.39,20260828,电子,半导体,集成电路封测
301121.SZ,紫建电子,346978.4371,35.11,20260828,电力设备,电池,锂电池
600579.SH,中化装备,346507.7616,7.02,20260828,机械设备,专用设备,其他专用设备
300822.SZ,贝仕达克,346428.2544,11.12,20260828,电子,消费电子,消费电子零部件及组装
300317.SZ,珈伟新能,346188.5628,4.17,20260828,公用事业,电力,光伏发电
688533.SH,上声电子,346142.9358,20.98,20260828,汽车,汽车零部件,汽车电子电气系统
001217.SZ,华尔泰,346140.41,10.43,20260828,基础化工,化学原料,其他化学原料
002798.SZ,帝欧水华,346046.1583,5.89,20260828,轻工制造,家居用品,瓷砖地板
300608.SZ,思特奇,345941.0248,9.94,20260828,计算机,软件开发,垂直应用软件
688680.SH,海优新材,345401.34,35.4,20260828,电力设备,光伏设备,光伏辅材
605169.SH,洪通燃气,345396.48,12.21,20260828,公用事业,燃气Ⅱ,燃气Ⅲ
605138.SH,盛泰集团,345010.0257,6.21,20260828,纺织服饰,服装家纺,非运动服装
600229.SH,城市传媒,344889.4716,5.22,20260828,传媒,出版,大众出版
000701.SZ,厦门信达,344849.5596,5.16,20260828,汽车,汽车服务,汽车经销商
600838.SH,上海九百,344758.52,8.6,20260828,商贸零售,一般零售,多业态零售
000695.SZ,滨海能源,344615.3727,14.87,20260828,电力设备,电池,电池化学品
300270.SZ,中威电子,344593.228,11.38,20260828,计算机,计算机设备,安防设备
002172.SZ,澳洋健康,344579.535,4.5,20260828,医药生物,医疗服务,医院
920735.BJ,德源药业,344557.0626,26.7,20260828,医药生物,化学制药,化学制剂
000788.SZ,北大医药,344480.7172,5.78,20260828,医药生物,化学制药,化学制剂
603051.SH,鹿山新材,344391.5835,21.15,20260828,基础化工,化学制品,胶黏剂及胶带
301138.SZ,华研精机,344280.0,28.69,20260828,机械设备,专用设备,印刷包装机械
605588.SH,冠石科技,344248.299,46.98,20260828,电子,光学光电子,光学元件
603956.SH,威派格,344223.4052,6.04,20260828,机械设备,专用设备,其他专用设备
603409.SH,汇通控股,344196.8907,18.33,20260828,汽车,汽车零部件,车身附件及饰件
003037.SZ,三和管桩,343868.8778,5.74,20260828,建筑材料,水泥,水泥制品
003015.SZ,日久光电,343744.5741,12.23,20260828,电子,光学光电子,光学元件
300829.SZ,金丹科技,343639.9512,15.12,20260828,基础化工,化学制品,食品及饲料添加剂
603159.SH,上海亚虹,343560.0,24.54,20260828,机械设备,专用设备,其他专用设备
001282.SZ,三联锻造,343498.9376,15.46,20260828,汽车,汽车零部件,底盘与发动机系统
600156.SH,华升股份,343402.5378,8.54,20260828,纺织服饰,纺织制造,其他纺织
301499.SZ,维科精密,343148.6618,24.82,20260828,汽车,汽车零部件,汽车电子电气系统
300647.SZ,超频三,342990.75,7.5,20260828,电子,消费电子,消费电子零部件及组装
001226.SZ,拓山重工,342794.8197,45.91,20260828,机械设备,工程机械,工程机械器件
300160.SZ,秀强股份,342415.2109,4.43,20260828,家用电器,家电零部件Ⅱ,家电零部件Ⅲ
002072.SZ,凯瑞德,342310.08,9.31,20260828,商贸零售,贸易Ⅱ,贸易Ⅲ
600638.SH,新黄浦,342085.5744,5.08,20260828,房地产,房地产开发,住宅开发
603815.SH,交建股份,341646.1584,5.52,20260828,建筑装饰,基础建设,基建市政工程
600853.SH,龙建股份,341616.5916,3.37,20260828,建筑装饰,基础建设,基建市政工程
300314.SZ,戴维医疗,341568.0,11.86,20260828,医药生物,医疗器械,医疗设备
002451.SZ,摩恩电气,341519.25,7.75,20260828,电力设备,电网设备,线缆部件及其他
002374.SZ,中锐股份,340755.7202,3.14,20260828,轻工制造,包装印刷,金属包装
603706.SH,东方环宇,340699.4773,17.99,20260828,公用事业,燃气Ⅱ,燃气Ⅲ
002868.SZ,绿康生化,340516.0178,21.91,20260828,农林牧渔,动物保健Ⅱ,动物保健Ⅲ
601999.SH,出版传媒,340465.2846,6.18,20260828,传媒,出版,大众出版
603648.SH,畅联股份,340305.6192,9.39,20260828,交通运输,物流,中间产品及消费品供应链服务
603357.SH,设计总院,340249.7831,6.07,20260828,建筑装饰,工程咨询服务Ⅱ,工程咨询服务Ⅲ
603192.SH,汇得科技,340236.978,20.36,20260828,基础化工,化学制品,聚氨酯
688398.SH,赛特新材,339823.755,20.25,20260828,基础化工,化学制品,其他化学制品
600130.SH,波导股份,339750.0,4.53,20260828,电子,消费电子,消费电子零部件及组装
301257.SZ,普蕊斯,339720.64,43.0,20260828,医药生物,医疗服务,医疗研发外包
920020.BJ,泰凯英,339666.95,15.1,20260828,汽车,汽车零部件,轮胎轮毂
001390.SZ,古麒绒材,339600.1698,16.98,20260828,纺织服饰,纺织制造,其他纺织
688259.SH,创耀科技,339568.0,30.4,20260828,电子,半导体,数字芯片设计
002224.SZ,三力士,339195.7664,3.76,20260828,基础化工,橡胶,其他橡胶制品
688098.SH,申联生物,339191.944,8.26,20260828,农林牧渔,动物保健Ⅱ,动物保健Ⅲ
920978.BJ,开特股份,338993.6052,18.83,20260828,汽车,汽车零部件,底盘与发动机系统
603898.SH,好莱客,338959.1055,11.29,20260828,轻工制造,家居用品,定制家居
300683.SZ,海特生物,338754.7072,25.88,20260828,医药生物,医疗服务,医疗研发外包
600653.SH,申华控股,338670.1722,1.74,20260828,汽车,汽车服务,汽车经销商
300288.SZ,朗玛信息,338279.3414,10.01,20260828,计算机,IT服务Ⅱ,IT服务Ⅲ
002037.SZ,保利联合,338234.6364,6.99,20260828,基础化工,化学制品,民爆制品
300424.SZ,航新科技,338231.6182,13.18,20260828,国防军工,航空装备Ⅱ,航空装备Ⅲ
600371.SH,万向德农,337635.012,11.54,20260828,农林牧渔,种植业,种子
605077.SH,华康股份,337514.737,11.15,20260828,基础化工,化学制品,食品及饲料添加剂
605398.SH,新炬网络,337473.8136,20.74,20260828,计算机,IT服务Ⅱ,IT服务Ⅲ
001259.SZ,利仁科技,337405.1065,45.85,20260828,家用电器,小家电,厨房小家电
000789.SZ,万年青,337308.7446,4.23,20260828,建筑材料,水泥,水泥制造
603655.SH,朗博科技,337186.0,31.81,20260828,汽车,汽车零部件,其他汽车零部件
920211.BJ,新睿电子,336741.6,97.89,20260828,机械设备,自动化设备,工控设备
605108.SH,同庆楼,336700.0,12.95,20260828,社会服务,酒店餐饮,餐饮
600749.SH,西藏旅游,336589.8365,14.83,20260828,社会服务,旅游及景区,自然景区
688162.SH,巨一科技,336445.3632,24.54,20260828,机械设备,专用设备,其他专用设备
000868.SZ,安凯客车,336346.2984,3.58,20260828,汽车,商用车,商用载客车
002666.SZ,德联集团,335687.7018,4.26,20260828,基础化工,化学制品,其他化学制品
603811.SH,诚意药业,335421.432,7.32,20260828,医药生物,化学制药,化学制剂
001306.SZ,夏厦精密,335277.72,53.28,20260828,机械设备,通用设备,金属制品
688302.SH,海创药业-U,334870.7592,33.82,20260828,医药生物,化学制药,化学制剂
002395.SZ,双象股份,334456.623,12.47,20260828,基础化工,塑料,合成树脂
605136.SH,丽人丽妆,334382.8475,8.35,20260828,商贸零售,互联网电商,电商服务
301588.SZ,美新科技,334375.1214,28.13,20260828,轻工制造,家居用品,瓷砖地板
002012.SZ,凯恩股份,334352.2325,7.15,20260828,轻工制造,造纸,特种纸
603696.SH,安记食品,334219.2,14.21,20260828,食品饮料,调味发酵品Ⅱ,调味发酵品Ⅲ
300826.SZ,测绘股份,334114.08,14.64,20260828,建筑装饰,工程咨询服务Ⅱ,工程咨询服务Ⅲ
600218.SH,全柴动力,334105.1233,7.67,20260828,汽车,汽车零部件,底盘与发动机系统
003002.SZ,壶化股份,334000.0,16.7,20260828,基础化工,化学制品,民爆制品
601616.SH,广电电气,333787.0423,3.91,20260828,电力设备,电网设备,配电设备
002394.SZ,联发股份,333734.7,10.31,20260828,纺织服饰,纺织制造,棉纺
600052.SH,东望时代,333456.9065,3.95,20260828,公用事业,电力,热力服务
300673.SZ,佩蒂股份,333368.3532,13.48,20260828,农林牧渔,饲料,宠物食品
600512.SH,腾达建设,333355.092,2.1,20260828,建筑装饰,基础建设,基建市政工程
000668.SZ,荣丰控股,333331.113,22.7,20260828,房地产,房地产开发,住宅开发
603309.SH,维力医疗,333317.1388,11.42,20260828,医药生物,医疗器械,医疗耗材
301313.SZ,凡拓数创,333095.217,32.55,20260828,传媒,数字媒体,其他数字媒体
603987.SH,康德莱,332834.6658,7.62,20260828,医药生物,医疗器械,医疗耗材
001318.SZ,阳光乳业,332408.16,11.76,20260828,食品饮料,饮料乳品,乳品
000068.SZ,华控赛格,332201.595,3.3,20260828,环保,环境治理,综合环境治理
002329.SZ,皇氏集团,332129.196,3.99,20260828,食品饮料,饮料乳品,乳品
000421.SZ,南京公用,332012.2746,5.78,20260828,综合,综合Ⅱ,综合Ⅲ
300546.SZ,雄帝科技,331952.3193,17.69,20260828,计算机,计算机设备,其他计算机设备
603350.SH,安乃达,331891.406,28.49,20260828,电力设备,电机Ⅱ,电机Ⅲ
002178.SZ,延华智能,331863.298,4.66,20260828,计算机,软件开发,垂直应用软件
300289.SZ,利德曼,331847.015,6.1,20260828,医药生物,医疗器械,体外诊断
300515.SZ,三德科技,331676.254,16.12,20260828,机械设备,通用设备,仪器仪表
300132.SZ,青松股份,331644.9378,6.42,20260828,美容护理,化妆品,化妆品制造及其他
300427.SZ,红相股份,331555.2356,6.52,20260828,电力设备,电网设备,电网自动化设备
002646.SZ,天佑德酒,331531.8744,6.96,20260828,食品饮料,白酒Ⅱ,白酒Ⅲ
603665.SH,康隆达,331386.9713,20.69,20260828,纺织服饰,服装家纺,鞋帽及其他
300967.SZ,晓鸣股份,331257.2734,17.66,20260828,农林牧渔,养殖业,肉鸡养殖
300804.SZ,广康生化,331224.0,44.76,20260828,基础化工,农化制品,农药
603817.SH,海峡环保,331218.804,5.81,20260828,环保,环境治理,水务及水治理
301081.SZ,严牌股份,331172.0295,14.17,20260828,环保,环保设备Ⅱ,环保设备Ⅲ
003029.SZ,吉大正元,331090.542,17.1,20260828,计算机,软件开发,垂直应用软件
001395.SZ,亚联机械,330936.216,29.18,20260828,机械设备,专用设备,其他专用设备
301199.SZ,迈赫股份,330789.872,17.72,20260828,机械设备,自动化设备,机器人
300649.SZ,杭州园林,330644.2502,24.97,20260828,建筑装饰,基础建设,园林工程
301329.SZ,信音电子,330528.4,19.42,20260828,电子,消费电子,消费电子零部件及组装
603600.SH,永艺股份,330433.2,10.0,20260828,轻工制造,家居用品,成品家居
300970.SZ,华绿生物,330387.9996,20.82,20260828,农林牧渔,种植业,食用菌
688509.SH,正元地信,330330.0,4.29,20260828,计算机,IT服务Ⅱ,IT服务Ⅲ
301107.SZ,瑜欣电子,330304.5824,23.23,20260828,机械设备,通用设备,其他通用设备
688618.SH,三旺通信,330143.4,30.0,20260828,通信,通信设备,通信网络设备及器件
301311.SZ,昆船智能,330000.0,13.75,20260828,机械设备,通用设备,其他通用设备
300135.SZ,宝利国际,329932.8,3.58,20260828,石油石化,炼化及贸易,其他石化
002912.SZ,中新赛克,329722.112,19.31,20260828,计算机,计算机设备,其他计算机设备
301112.SZ,信邦智能,329586.8674,29.89,20260828,机械设备,自动化设备,机器人
603535.SH,嘉诚国际,329542.3035,6.45,20260828,交通运输,物流,跨境物流
003028.SZ,振邦智能,329314.4285,22.85,20260828,家用电器,家电零部件Ⅱ,家电零部件Ⅲ
002388.SZ,新亚制程,329247.23,6.5,20260828,电子,其他电子Ⅱ,其他电子Ⅲ
603725.SH,天安新材,329246.316,10.8,20260828,轻工制造,家居用品,瓷砖地板
603001.SH,奥康国际,329204.58,8.21,20260828,纺织服饰,服装家纺,鞋帽及其他
600731.SH,湖南海利,328988.385,5.94,20260828,基础化工,农化制品,农药
002355.SZ,兴民智通,328892.7012,4.92,20260828,汽车,汽车零部件,轮胎轮毂
301302.SZ,华如科技,328875.15,21.1,20260828,国防军工,军工电子Ⅱ,军工电子Ⅲ
002259.SZ,升达林业,328767.4671,4.37,20260828,公用事业,燃气Ⅱ,燃气Ⅲ
301459.SZ,丰茂股份,328608.4008,31.56,20260828,基础化工,橡胶,其他橡胶制品
300877.SZ,金春股份,328440.0,27.37,20260828,纺织服饰,纺织制造,其他纺织
300095.SZ,华伍股份,328161.6832,8.32,20260828,机械设备,专用设备,能源及重型设备
300092.SZ,科新机电,328160.1134,11.98,20260828,机械设备,专用设备,能源及重型设备
002826.SZ,易明医药,327965.644,17.2,20260828,医药生物,化学制药,化学制剂
600470.SH,六国化工,327564.8,6.28,20260828,基础化工,农化制品,磷肥及磷化工
300884.SZ,狄耐克,327483.141,12.9,20260828,计算机,计算机设备,安防设备
001218.SZ,丽臣实业,327455.9937,24.39,20260828,基础化工,化学制品,其他化学制品
002575.SZ,群兴玩具,327361.5,5.31,20260828,轻工制造,文娱用品,娱乐用品
300056.SZ,中创环保,327281.4345,8.49,20260828,环保,环境治理,大气治理
603948.SH,建业股份,327253.2488,20.14,20260828,基础化工,化学制品,其他化学制品
600594.SH,益佰制药,327092.2563,4.17,20260828,医药生物,中药Ⅱ,中药Ⅲ
002404.SZ,嘉欣丝绸,327070.076,5.84,20260828,纺织服饰,服装家纺,非运动服装
920002.BJ,万达轴承,326802.3152,51.3,20260828,机械设备,通用设备,金属制品
301223.SZ,中荣股份,326771.8992,16.92,20260828,轻工制造,包装印刷,纸包装
603999.SH,读者传媒,326592.0,5.67,20260828,传媒,出版,大众出版
688317.SH,之江生物,326531.164,17.2,20260828,医药生物,医疗器械,体外诊断
001256.SZ,炜冈科技,326440.2414,22.89,20260828,机械设备,专用设备,印刷包装机械
300875.SZ,捷强装备,325960.622,32.65,20260828,国防军工,地面兵装Ⅱ,地面兵装Ⅲ
301100.SZ,风光股份,325786.513,16.19,20260828,基础化工,化学制品,其他化学制品
300890.SZ,翔丰华,325616.34,27.23,20260828,电力设备,电池,电池化学品
603657.SH,春光科技,325537.7608,24.08,20260828,家用电器,家电零部件Ⅱ,家电零部件Ⅲ
688148.SH,芳源股份,325490.4378,6.38,20260828,电力设备,电池,电池化学品
603739.SH,蔚蓝生物,325395.1654,12.86,20260828,基础化工,化学制品,食品及饲料添加剂
002878.SZ,元隆雅图,325393.6914,12.42,20260828,传媒,广告营销,营销代理
002021.SZ,中捷资源,325169.8256,2.72,20260828,机械设备,专用设备,纺织服装设备
300250.SZ,初灵信息,325112.9895,15.21,20260828,计算机,IT服务Ⅱ,IT服务Ⅲ
002942.SZ,新农股份,325110.1437,20.91,20260828,基础化工,农化制品,农药
920060.BJ,万源通,324767.4002,21.36,20260828,电子,元件,印制电路板
920100.BJ,三协电机,324672.3488,31.42,20260828,电力设备,电机Ⅱ,电机Ⅲ
603036.SH,如通股份,324459.45,15.75,20260828,机械设备,专用设备,能源及重型设备
300411.SZ,金盾股份,324402.96,7.98,20260828,机械设备,专用设备,其他专用设备
688171.SH,纬德信息,324144.1192,27.74,20260828,计算机,软件开发,垂直应用软件
603856.SH,东宏股份,324082.4589,11.49,20260828,建筑材料,装修建材,管材
688077.SH,大地熊,323974.155,28.3,20260828,有色金属,金属新材料,磁性材料
002981.SZ,朝阳科技,323917.4736,23.72,20260828,电子,消费电子,消费电子零部件及组装
688084.SH,晶品特装,323593.9707,42.77,20260828,国防军工,军工电子Ⅱ,军工电子Ⅲ
301575.SZ,艾芬达,323244.6984,26.64,20260828,轻工制造,家居用品,卫浴制品
920206.BJ,彩客科技,323031.2149,45.15,20260828,基础化工,化学制品,涂料油墨
605080.SH,浙江自然,322682.068,22.9,20260828,轻工制造,文娱用品,娱乐用品
002278.SZ,神开股份,322552.857,8.3,20260828,机械设备,专用设备,能源及重型设备
603284.SH,林平发展,322473.6848,42.76,20260828,轻工制造,造纸,大宗用纸
300375.SZ,鹏翎股份,322468.6912,4.22,20260828,汽车,汽车零部件,底盘与发动机系统
688370.SH,丛麟科技,322340.6729,23.51,20260828,环保,环境治理,固废治理
603048.SH,浙江黎明,322254.72,21.94,20260828,汽车,汽车零部件,其他汽车零部件
002200.SZ,交投生态,322103.6784,7.14,20260828,建筑装饰,基础建设,园林工程
002795.SZ,永和智控,321990.1146,7.29,20260828,机械设备,通用设备,金属制品
300980.SZ,祥源新材,321968.0464,23.32,20260828,基础化工,塑料,其他塑料制品
301062.SZ,上海艾录,321936.0303,7.43,20260828,轻工制造,包装印刷,纸包装
300746.SZ,汉嘉数智,321902.9584,14.26,20260828,建筑装饰,工程咨询服务Ⅱ,工程咨询服务Ⅲ
002599.SZ,盛通股份,321665.806,5.95,20260828,轻工制造,包装印刷,印刷
603656.SH,泰禾智能,321435.0678,17.57,20260828,机械设备,专用设备,其他专用设备
001379.SZ,腾达科技,321400.0,16.07,20260828,机械设备,通用设备,金属制品
002282.SZ,博深股份,321371.363,6.1,20260828,机械设备,通用设备,磨具磨料
603230.SH,内蒙新华,321352.407,9.09,20260828,传媒,出版,大众出版
603630.SH,拉芳家化,321141.7596,14.26,20260828,美容护理,化妆品,品牌化妆品
002687.SZ,乔治白,321039.762,6.36,20260828,纺织服饰,服装家纺,非运动服装
603808.SH,歌力思,320812.6824,8.82,20260828,纺织服饰,服装家纺,非运动服装
301552.SZ,科力装备,320785.92,25.92,20260828,汽车,汽车零部件,车身附件及饰件
301555.SZ,惠柏新材,320534.8632,34.74,20260828,基础化工,塑料,合成树脂
920161.BJ,龙辰科技,320401.725,23.56,20260828,电子,元件,被动元件
301178.SZ,天亿马,320092.2396,34.38,20260828,计算机,IT服务Ⅱ,IT服务Ⅲ
300162.SZ,雷曼光电,320086.13,7.63,20260828,电子,光学光电子,LED
603276.SH,恒兴新材,319987.8795,15.41,20260828,基础化工,化学制品,其他化学制品
920509.BJ,同惠电子,319809.8635,19.95,20260828,机械设备,通用设备,仪器仪表
603500.SH,祥和实业,319804.7513,9.61,20260828,机械设备,轨交设备Ⅱ,轨交设备Ⅲ
301136.SZ,招标股份,319787.9776,11.62,20260828,建筑装饰,工程咨询服务Ⅱ,工程咨询服务Ⅲ
600738.SH,丽尚国潮,319760.784,4.2,20260828,商贸零售,一般零售,百货
000710.SZ,贝瑞基因,319229.9145,9.03,20260828,医药生物,医疗服务,诊断服务
603527.SH,众源新材,319189.9984,10.07,20260828,有色金属,工业金属,铜
920181.BJ,赛英电子,318988.8,73.84,20260828,电子,其他电子Ⅱ,其他电子Ⅲ
001201.SZ,东瑞股份,318878.808,12.37,20260828,农林牧渔,养殖业,生猪养殖
300808.SZ,久量股份,318720.0,19.92,20260828,电子,光学光电子,LED
301587.SZ,中瑞股份,318228.696,21.6,20260828,电力设备,电池,锂电池
300238.SZ,冠昊生物,318186.84,12.0,20260828,医药生物,医疗器械,医疗耗材
301129.SZ,瑞纳智能,318065.5834,23.41,20260828,机械设备,通用设备,仪器仪表
000554.SZ,泰山石油,317978.3034,6.66,20260828,石油石化,炼化及贸易,油品石化贸易
002879.SZ,长缆科技,317662.0678,16.45,20260828,电力设备,电网设备,线缆部件及其他
300530.SZ,领湃科技,317594.2358,18.47,20260828,基础化工,化学制品,其他化学制品
603273.SH,天元智能,317548.8316,14.74,20260828,机械设备,工程机械,工程机械整机
688358.SH,祥生医疗,317539.6992,28.32,20260828,医药生物,医疗器械,医疗设备
300989.SZ,蕾奥规划,317521.9164,15.08,20260828,建筑装饰,工程咨询服务Ⅱ,工程咨询服务Ⅲ
603266.SH,天龙股份,317025.5592,15.94,20260828,汽车,汽车零部件,车身附件及饰件
688338.SH,赛科希德,316941.2064,29.86,20260828,医药生物,医疗器械,体外诊断
688579.SH,地纬智能,316807.92,7.92,20260828,计算机,软件开发,垂直应用软件
300172.SZ,中电环保,316023.57,4.67,20260828,环保,环境治理,水务及水治理
002313.SZ,日海智能,315993.6,8.44,20260828,通信,通信设备,通信终端及配件
603231.SH,索宝蛋白,315907.515,16.5,20260828,农林牧渔,农产品加工,粮油加工
300902.SZ,国安达,315792.3321,17.37,20260828,机械设备,专用设备,其他专用设备
300719.SZ,安达维尔,315750.0582,12.42,20260828,国防军工,航空装备Ⅱ,航空装备Ⅲ
300032.SZ,金龙机电,315645.6528,3.93,20260828,电子,消费电子,消费电子零部件及组装
301270.SZ,汉仪股份,315600.0,31.56,20260828,计算机,软件开发,横向通用软件
001367.SZ,海森药业,315366.984,20.7,20260828,医药生物,化学制药,原料药
920087.BJ,秋乐种业,315201.6,19.08,20260828,农林牧渔,种植业,种子
688682.SH,霍莱沃,314885.8788,30.92,20260828,国防军工,军工电子Ⅱ,军工电子Ⅲ
920806.BJ,云星宇,314871.2903,10.47,20260828,计算机,IT服务Ⅱ,IT服务Ⅲ
002403.SZ,爱仕达,314750.0664,9.24,20260828,家用电器,小家电,厨房小家电
301361.SZ,众智科技,314572.544,27.04,20260828,电力设备,电网设备,配电设备
300157.SZ,新锦动力,314556.8772,4.11,20260828,机械设备,通用设备,其他通用设备
600192.SH,长城电工,314524.576,7.12,20260828,电力设备,电网设备,输变电设备
002921.SZ,联诚精密,314475.8811,21.11,20260828,汽车,汽车零部件,其他汽车零部件
301042.SZ,安联锐视,314332.0208,32.48,20260828,计算机,计算机设备,安防设备
001358.SZ,兴欣新材,313913.6,25.48,20260828,基础化工,化学制品,其他化学制品
688175.SH,高凌信息,313865.2907,18.67,20260828,国防军工,军工电子Ⅱ,军工电子Ⅲ
300941.SZ,创识科技,313677.0,15.32,20260828,计算机,计算机设备,其他计算机设备
688265.SH,南模生物,313413.27,40.2,20260828,医药生物,医疗服务,医疗研发外包
002476.SZ,宝莫股份,313344.0,5.12,20260828,石油石化,炼化及贸易,其他石化
603215.SH,比依股份,313308.846,14.6,20260828,家用电器,小家电,厨房小家电
688755.SH,汉邦科技,312998.4,27.36,20260828,医药生物,医疗器械,医疗设备
600668.SH,尖峰集团,312978.6548,7.58,20260828,建筑材料,水泥,水泥制造
002825.SZ,纳尔股份,312875.7405,9.15,20260828,基础化工,塑料,其他塑料制品
002763.SZ,汇洁股份,312772.012,7.63,20260828,纺织服饰,服装家纺,非运动服装
920019.BJ,铜冠矿建,312666.5829,14.87,20260828,建筑装饰,专业工程,其他专业工程
300051.SZ,琏升科技,312494.868,8.4,20260828,电力设备,光伏设备,光伏电池组件
301380.SZ,挖金客,312491.3768,30.82,20260828,通信,通信服务,通信应用增值服务
001325.SZ,元创股份,312424.0,39.85,20260828,基础化工,橡胶,其他橡胶制品
688687.SH,凯因科技,312315.4188,18.27,20260828,医药生物,生物制品,其他生物制品
300849.SZ,锦盛新材,312300.0,20.82,20260828,美容护理,化妆品,化妆品制造及其他
603278.SH,大业股份,312026.3322,9.13,20260828,机械设备,通用设备,金属制品
002623.SZ,亚玛顿,311989.0,16.16,20260828,电力设备,光伏设备,光伏辅材
600665.SH,天地源,311948.2225,3.61,20260828,房地产,房地产开发,住宅开发
600250.SH,南京商旅,311853.0258,9.97,20260828,商贸零售,贸易Ⅱ,贸易Ⅲ
301220.SZ,亚香股份,311786.0205,27.59,20260828,基础化工,化学制品,食品及饲料添加剂
002933.SZ,新兴装备,311681.6,26.56,20260828,国防军工,航空装备Ⅱ,航空装备Ⅲ
601956.SH,东贝集团,311429.9166,5.01,20260828,家用电器,家电零部件Ⅱ,家电零部件Ⅲ
300897.SZ,山科智能,311395.617,15.9,20260828,机械设备,通用设备,仪器仪表
600408.SH,安泰集团,311101.2,3.09,20260828,煤炭,焦炭Ⅱ,焦炭Ⅲ
688722.SH,同益中,311058.0176,13.88,20260828,基础化工,化学纤维,其他化学纤维
688280.SH,精进电动-W,311046.7832,5.27,20260828,汽车,汽车零部件,底盘与发动机系统
300591.SZ,万里马,310746.1308,7.66,20260828,纺织服饰,服装家纺,鞋帽及其他
301020.SZ,密封科技,310514.4,21.21,20260828,汽车,汽车零部件,底盘与发动机系统
002286.SZ,保龄宝,310441.5358,8.17,20260828,农林牧渔,农产品加工,其他农产品加工
600620.SH,天宸股份,310378.0492,4.52,20260828,综合,综合Ⅱ,综合Ⅲ
301309.SZ,万得凯,310048.0896,30.84,20260828,机械设备,通用设备,金属制品
002347.SZ,泰尔股份,309887.2122,6.14,20260828,机械设备,通用设备,金属制品
301226.SZ,祥明智能,309862.4,28.48,20260828,电力设备,电机Ⅱ,电机Ⅲ
300787.SZ,海能实业,309671.9028,9.88,20260828,电子,消费电子,消费电子零部件及组装
603258.SH,电魂网络,309525.12,12.75,20260828,传媒,游戏Ⅱ,游戏Ⅲ
300550.SZ,和仁科技,309295.9156,11.78,20260828,计算机,软件开发,垂直应用软件
000715.SZ,中兴商业,309128.6484,5.72,20260828,商贸零售,一般零售,百货
300865.SZ,大宏立,309046.4,32.3,20260828,机械设备,专用设备,能源及重型设备
002908.SZ,德生科技,308905.3836,7.16,20260828,计算机,IT服务Ⅱ,IT服务Ⅲ
002692.SZ,远程股份,308802.78,4.3,20260828,电力设备,电网设备,线缆部件及其他
300993.SZ,玉马科技,308747.4624,10.02,20260828,轻工制造,家居用品,其他家居用品
300940.SZ,南极光,308362.494,13.85,20260828,电子,光学光电子,LED
300982.SZ,苏文电能,308171.0339,14.89,20260828,建筑装饰,基础建设,基建市政工程
301027.SZ,华蓝集团,307818.0,20.94,20260828,建筑装饰,工程咨询服务Ⅱ,工程咨询服务Ⅲ
300086.SZ,康芝药业,307664.0944,6.76,20260828,医药生物,化学制药,化学制剂
300891.SZ,惠云钛业,307606.4904,7.69,20260828,基础化工,化学原料,钛白粉
603578.SH,三星新材,307555.497,13.14,20260828,家用电器,家电零部件Ⅱ,家电零部件Ⅲ
002248.SZ,华东数控,307495.6,10.0,20260828,机械设备,通用设备,机床工具
920491.BJ,奥迪威,307409.846,21.78,20260828,电子,元件,被动元件
300187.SZ,永清环保,307316.1196,4.76,20260828,环保,环境治理,综合环境治理
001299.SZ,美能能源,307302.4656,9.78,20260828,公用事业,燃气Ⅱ,燃气Ⅲ
688657.SH,浩辰软件,307253.366,32.2,20260828,计算机,软件开发,垂直应用软件
001225.SZ,和泰机电,307199.198,46.85,20260828,机械设备,专用设备,能源及重型设备
688070.SH,纵横股份,307084.3965,34.73,20260828,国防军工,航空装备Ⅱ,航空装备Ⅲ
300609.SZ,汇纳科技,307012.4064,25.56,20260828,计算机,IT服务Ⅱ,IT服务Ⅲ
603819.SH,神力股份,306999.582,14.1,20260828,电力设备,电机Ⅱ,电机Ⅲ
603970.SH,中农立华,306969.7142,11.42,20260828,基础化工,农化制品,农药
300239.SZ,东宝生物,306903.1944,5.17,20260828,医药生物,生物制品,其他生物制品
688030.SH,山石网科,306581.2659,17.01,20260828,计算机,软件开发,横向通用软件
301533.SZ,威马农机,306520.2906,31.18,20260828,机械设备,专用设备,农用机械
002864.SZ,盘龙药业,306483.4806,22.42,20260828,医药生物,中药Ⅱ,中药Ⅲ
001215.SZ,千味央厨,306055.26,31.5,20260828,食品饮料,食品加工,预加工食品
002905.SZ,金逸影视,305948.16,8.13,20260828,传媒,影视院线,院线
603788.SH,宁波高发,305822.2521,13.71,20260828,汽车,汽车零部件,底盘与发动机系统
300904.SZ,威力传动,305819.1552,42.25,20260828,电力设备,风电设备,风电零部件
300329.SZ,海伦钢琴,305742.4383,12.09,20260828,轻工制造,文娱用品,娱乐用品
300642.SZ,透景生命,305721.0132,18.84,20260828,医药生物,医疗器械,体外诊断
300069.SZ,金利华电,305721.0,26.13,20260828,电力设备,电网设备,线缆部件及其他
688159.SH,有方科技,305718.4458,32.94,20260828,通信,通信设备,通信终端及配件
600712.SH,南宁百货,305551.6794,5.61,20260828,商贸零售,一般零售,百货
002806.SZ,华锋股份,305545.0896,14.38,20260828,汽车,汽车零部件,底盘与发动机系统
301335.SZ,天元宠物,305436.981,23.9,20260828,轻工制造,文娱用品,娱乐用品
688557.SH,兰剑智能,305396.0275,20.59,20260828,机械设备,通用设备,其他通用设备
603237.SH,五芳斋,305190.2169,15.57,20260828,食品饮料,食品加工,预加工食品
600322.SH,津投城开,305173.2,2.76,20260828,房地产,房地产开发,住宅开发
002663.SZ,普邦股份,305032.7553,1.77,20260828,建筑装饰,基础建设,园林工程
605259.SH,绿田机械,304944.64,17.68,20260828,机械设备,专用设备,其他专用设备
301019.SZ,宁波色母,304852.394,15.4,20260828,基础化工,塑料,其他塑料制品
300710.SZ,万隆光电,304738.7889,30.63,20260828,通信,通信设备,通信网络设备及器件
300247.SZ,融捷健康,304731.2737,3.79,20260828,家用电器,其他家电Ⅱ,其他家电Ⅲ
001206.SZ,依依股份,304705.1472,16.48,20260828,美容护理,个护用品,生活用纸
001228.SZ,永泰运,304634.8718,29.33,20260828,交通运输,物流,跨境物流
001335.SZ,信凯科技,304559.6355,32.49,20260828,基础化工,化学制品,涂料油墨
301598.SZ,博科测试,304498.524,51.7,20260828,机械设备,专用设备,其他专用设备
301197.SZ,工大科雅,304484.2926,25.26,20260828,机械设备,通用设备,仪器仪表
002972.SZ,科安达,304312.8856,12.37,20260828,机械设备,轨交设备Ⅱ,轨交设备Ⅲ
002425.SZ,凯撒文化,304219.47,3.18,20260828,传媒,游戏Ⅱ,游戏Ⅲ
301079.SZ,邵阳液压,303790.0177,28.01,20260828,机械设备,工程机械,工程机械器件
300922.SZ,天秦装备,303206.774,18.85,20260828,国防军工,地面兵装Ⅱ,地面兵装Ⅲ
688391.SH,钜泉科技,303202.7997,26.23,20260828,电子,半导体,模拟芯片设计
300452.SZ,山河药辅,303151.9959,12.93,20260828,医药生物,化学制药,原料药
603886.SH,元祖股份,303120.0,12.63,20260828,食品饮料,休闲食品,烘焙食品
002852.SZ,道道全,303036.0723,8.81,20260828,农林牧渔,农产品加工,粮油加工
300575.SZ,中旗股份,302944.5899,6.33,20260828,基础化工,农化制品,农药
301633.SZ,港迪技术,302787.84,54.38,20260828,机械设备,自动化设备,工控设备
002995.SZ,天地在线,302737.2064,17.06,20260828,传媒,广告营销,营销代理
688015.SH,交控科技,302266.4814,16.02,20260828,机械设备,轨交设备Ⅱ,轨交设备Ⅲ
600530.SH,交大昂立,302218.8,3.9,20260828,食品饮料,食品加工,保健品
301255.SZ,通力科技,302050.56,19.83,20260828,机械设备,通用设备,金属制品
300600.SZ,国瑞科技,301884.597,10.26,20260828,国防军工,航海装备Ⅱ,航海装备Ⅲ
000910.SZ,大亚圣象,301616.0225,5.51,20260828,轻工制造,家居用品,瓷砖地板
003030.SZ,祖名股份,300844.58,24.11,20260828,农林牧渔,农产品加工,其他农产品加工
000897.SZ,津滨发展,300812.6292,1.86,20260828,房地产,房地产开发,住宅开发
300512.SZ,中亚股份,299971.0142,7.33,20260828,机械设备,专用设备,印刷包装机械
002861.SZ,瀛通通讯,299917.24,16.1,20260828,电子,消费电子,消费电子零部件及组装
000153.SZ,丰原药业,299722.1475,6.45,20260828,医药生物,化学制药,化学制剂
688511.SH,天微电子,299572.1739,22.41,20260828,国防军工,军工电子Ⅱ,军工电子Ⅲ
300955.SZ,嘉亨家化,299376.0,29.7,20260828,美容护理,化妆品,化妆品制造及其他
301043.SZ,绿岛风,298928.4396,43.96,20260828,机械设备,通用设备,制冷空调设备
001296.SZ,长江材料,298733.4267,19.97,20260828,基础化工,非金属材料Ⅱ,非金属材料Ⅲ
301089.SZ,拓新药业,298645.02,23.6,20260828,医药生物,化学制药,原料药
002331.SZ,皖通科技,298601.6306,6.97,20260828,计算机,IT服务Ⅱ,IT服务Ⅲ
300578.SZ,会畅科技,298395.8985,15.05,20260828,通信,通信服务,通信应用增值服务
300667.SZ,必创科技,298359.288,14.58,20260828,机械设备,通用设备,仪器仪表
300112.SZ,万讯自控,298304.7096,10.26,20260828,机械设备,通用设备,仪器仪表
300321.SZ,同大股份,298190.4,33.58,20260828,基础化工,化学制品,聚氨酯
301041.SZ,金百泽,298170.6,27.95,20260828,电子,元件,印制电路板
003016.SZ,欣贺股份,298149.8144,7.09,20260828,纺织服饰,服装家纺,非运动服装
688273.SH,麦澜德,297900.0,29.79,20260828,医药生物,医疗器械,医疗设备
301088.SZ,戎美股份,297637.4,13.06,20260828,纺织服饰,服装家纺,非运动服装
300097.SZ,智云股份,297075.2601,10.03,20260828,机械设备,自动化设备,其他自动化设备
601996.SH,丰林集团,297042.316,2.65,20260828,轻工制造,家居用品,其他家居用品
300266.SZ,兴源环境,296777.1943,1.91,20260828,环保,环境治理,水务及水治理
605500.SH,森林包装,296710.4,7.16,20260828,轻工制造,造纸,大宗用纸
600249.SH,两面针,296450.0,5.39,20260828,美容护理,个护用品,洗护用品
301502.SZ,华阳智能,296035.031,51.86,20260828,电力设备,电机Ⅱ,电机Ⅲ
300479.SZ,神思电子,295955.4318,15.02,20260828,计算机,计算机设备,其他计算机设备
002022.SZ,科华生物,295778.3325,5.75,20260828,医药生物,医疗器械,体外诊断
688081.SH,兴图新科,295724.8,28.7,20260828,国防军工,军工电子Ⅱ,军工电子Ⅲ
600630.SH,龙头股份,295703.6736,6.96,20260828,纺织服饰,服装家纺,非运动服装
300410.SZ,正业科技,295527.414,8.05,20260828,电力设备,电池,锂电专用设备
301581.SZ,黄山谷捷,295520.0,36.94,20260828,汽车,汽车零部件,汽车电子电气系统
001220.SZ,世盟股份,295328.0,32.0,20260828,交通运输,物流,中间产品及消费品供应链服务
300381.SZ,溢多利,295306.9485,6.15,20260828,医药生物,化学制药,原料药
301283.SZ,聚胶股份,295205.8002,25.4,20260828,基础化工,化学制品,胶黏剂及胶带
002748.SZ,世龙实业,294720.0,12.28,20260828,基础化工,化学原料,氯碱
603896.SH,寿仙谷,294392.1915,14.85,20260828,医药生物,中药Ⅱ,中药Ⅲ
300538.SZ,同益股份,294344.133,16.18,20260828,基础化工,塑料,改性塑料
603722.SH,阿科力,293942.124,30.08,20260828,基础化工,化学制品,其他化学制品
002725.SZ,跃岭股份,293888.0,11.48,20260828,汽车,汽车零部件,轮胎轮毂
920418.BJ,苏轴股份,293781.1968,18.08,20260828,汽车,汽车零部件,底盘与发动机系统
603949.SH,雪龙集团,293766.9598,13.94,20260828,汽车,汽车零部件,底盘与发动机系统
688335.SH,复洁科技,293700.6464,19.84,20260828,环保,环境治理,水务及水治理
600540.SH,新赛股份,293595.385,5.05,20260828,农林牧渔,种植业,其他种植业
603042.SH,华脉科技,293526.1208,14.06,20260828,通信,通信设备,通信线缆及配套
002186.SZ,全聚德,293417.0496,9.56,20260828,社会服务,酒店餐饮,餐饮
301158.SZ,德石股份,293302.8608,15.04,20260828,机械设备,专用设备,能源及重型设备
603829.SH,洛凯股份,293182.9988,15.74,20260828,电力设备,电网设备,配电设备
300988.SZ,津荣天宇,293073.6528,14.88,20260828,机械设备,专用设备,其他专用设备
000529.SZ,广弘控股,293062.7808,5.02,20260828,食品饮料,食品加工,肉制品
300585.SZ,奥联电子,292942.2032,17.12,20260828,汽车,汽车零部件,底盘与发动机系统
002702.SZ,海欣食品,292885.5727,5.27,20260828,食品饮料,食品加工,预加工食品
600616.SH,金枫酒业,292355.185,4.37,20260828,食品饮料,非白酒,其他酒类
600719.SH,大连热电,292120.9112,7.22,20260828,公用事业,电力,热力服务
301151.SZ,冠龙节能,292039.0848,17.28,20260828,机械设备,通用设备,金属制品
300636.SZ,同和药业,291866.2925,6.95,20260828,医药生物,化学制药,原料药
000159.SZ,国际实业,291776.402,6.07,20260828,电力设备,光伏设备,光伏辅材
002398.SZ,垒知集团,291142.1016,4.23,20260828,建筑材料,装修建材,其他建材
001239.SZ,永达股份,291120.0,12.13,20260828,机械设备,工程机械,工程机械器件
603585.SH,苏利股份,291051.0806,10.57,20260828,基础化工,农化制品,农药
002561.SZ,徐家汇,291034.1,7.0,20260828,商贸零售,一般零售,百货
002887.SZ,绿茵生态,290994.3978,9.51,20260828,环保,环境治理,综合环境治理
920953.BJ,国子软件,290823.2973,22.7,20260828,计算机,IT服务Ⅱ,IT服务Ⅲ
301082.SZ,久盛电气,290671.576,9.88,20260828,电力设备,电网设备,线缆部件及其他
002722.SZ,物产金轮,289750.716,13.03,20260828,机械设备,专用设备,纺织服装设备
600356.SH,恒丰纸业,289662.5835,8.79,20260828,轻工制造,造纸,特种纸
301173.SZ,毓恬冠佳,289415.666,32.95,20260828,汽车,汽车零部件,车身附件及饰件
300810.SZ,中科海讯,289340.7951,24.51,20260828,国防军工,航海装备Ⅱ,航海装备Ⅲ
603280.SH,南方路机,289229.0756,26.68,20260828,机械设备,工程机械,工程机械整机
300148.SZ,天舟文化,289203.6399,3.43,20260828,传媒,出版,教育出版
603188.SH,亚邦股份,289076.19,5.07,20260828,基础化工,化学制品,纺织化学制品
603878.SH,武进不锈,288992.25,5.15,20260828,钢铁,普钢,钢铁管材
300780.SZ,德恩精工,288793.23,19.69,20260828,机械设备,通用设备,金属制品
600215.SH,派斯林,288749.9928,6.32,20260828,机械设备,自动化设备,机器人
301066.SZ,万事利,288720.4899,12.29,20260828,纺织服饰,纺织制造,其他纺织
300510.SZ,金冠股份,288641.745,3.5,20260828,电力设备,电网设备,电网自动化设备
920971.BJ,天马新材,288615.1736,27.76,20260828,基础化工,非金属材料Ⅱ,非金属材料Ⅲ
688229.SH,博睿数据,288600.0,65.0,20260828,计算机,IT服务Ⅱ,IT服务Ⅲ
300423.SZ,昇辉科技,288556.554,5.8,20260828,电力设备,电网设备,输变电设备
003023.SZ,彩虹集团,288530.6424,27.39,20260828,家用电器,小家电,个护小家电
000978.SZ,桂林旅游,288368.08,6.16,20260828,社会服务,旅游及景区,自然景区
301067.SZ,显盈科技,288207.8004,29.64,20260828,电子,消费电子,消费电子零部件及组装
603335.SH,迪生力,288141.3158,6.73,20260828,汽车,汽车零部件,轮胎轮毂
002963.SZ,豪尔赛,287939.2085,19.15,20260828,建筑装饰,装修装饰Ⅱ,装修装饰Ⅲ
002234.SZ,民和股份,287543.2048,8.24,20260828,农林牧渔,养殖业,肉鸡养殖
920961.BJ,创远信科,287395.1021,20.12,20260828,机械设备,通用设备,仪器仪表
301395.SZ,仁信新材,287292.1415,11.83,20260828,基础化工,塑料,合成树脂
301386.SZ,未来电器,287280.0,20.52,20260828,电力设备,电网设备,配电设备
605068.SH,明新旭腾,287253.5435,17.71,20260828,汽车,汽车零部件,车身附件及饰件
002753.SZ,永东股份,287215.265,6.7,20260828,基础化工,橡胶,炭黑
002998.SZ,优彩资源,287048.2474,8.09,20260828,基础化工,化学纤维,涤纶
000565.SZ,渝三峡A,287038.0364,6.62,20260828,基础化工,化学制品,涂料油墨
688130.SH,晶华微,286874.5803,23.73,20260828,电子,半导体,模拟芯片设计
688255.SH,凯尔达,286621.8701,26.09,20260828,机械设备,自动化设备,机器人
300615.SZ,欣天科技,286588.962,14.85,20260828,通信,通信设备,通信终端及配件
600359.SH,新农开发,286516.1128,7.51,20260828,农林牧渔,种植业,其他种植业
603895.SH,天永智能,286087.76,26.47,20260828,机械设备,专用设备,其他专用设备
002869.SZ,金溢科技,286071.555,16.17,20260828,计算机,计算机设备,其他计算机设备
688285.SH,高铁电气,285980.324,7.6,20260828,机械设备,轨交设备Ⅱ,轨交设备Ⅲ
002863.SZ,今飞凯达,285953.6772,4.77,20260828,汽车,汽车零部件,轮胎轮毂
002551.SZ,尚荣医疗,285777.1748,3.38,20260828,医药生物,医疗器械,医疗耗材
002682.SZ,龙洲股份,285683.2488,5.08,20260828,交通运输,物流,公路货运
688056.SH,莱伯泰科,285526.4325,42.33,20260828,机械设备,通用设备,仪器仪表
300365.SZ,恒华科技,284931.3625,4.75,20260828,计算机,软件开发,垂直应用软件
300175.SZ,朗源股份,284834.0,6.05,20260828,农林牧渔,农产品加工,果蔬加工
002888.SZ,惠威科技,284656.4752,19.28,20260828,电子,消费电子,品牌消费电子
920839.BJ,万通液压,284649.6102,24.08,20260828,机械设备,工程机械,工程机械器件
300771.SZ,智莱科技,284640.0,11.86,20260828,计算机,计算机设备,其他计算机设备
300701.SZ,森霸传感,284625.9794,10.18,20260828,电子,光学光电子,光学元件
300966.SZ,共同药业,284513.7548,24.68,20260828,医药生物,化学制药,原料药
688292.SH,浩瀚深度,284240.045,17.95,20260828,计算机,计算机设备,其他计算机设备
000802.SZ,北京文化,284212.4191,3.97,20260828,传媒,影视院线,影视动漫制作
301290.SZ,东星医疗,284191.6521,28.37,20260828,医药生物,医疗器械,医疗设备
300306.SZ,远方信息,283751.4285,10.55,20260828,机械设备,通用设备,仪器仪表
300437.SZ,清水源,283699.9867,11.57,20260828,环保,环境治理,水务及水治理
301318.SZ,维海德,283586.4944,20.96,20260828,计算机,计算机设备,安防设备
301616.SZ,浙江华业,283520.0,35.44,20260828,机械设备,通用设备,其他通用设备
688592.SH,司南导航,283282.0452,24.39,20260828,通信,通信设备,通信终端及配件
603801.SH,志邦家居,283197.178,6.52,20260828,轻工制造,家居用品,定制家居
600405.SH,动力源,283127.2752,4.62,20260828,电力设备,其他电源设备Ⅱ,其他电源设备Ⅲ
688071.SH,华依科技,283112.8083,33.39,20260828,机械设备,专用设备,其他专用设备
688576.SH,西山科技,282951.5056,41.83,20260828,医药生物,医疗器械,医疗耗材
000809.SZ,和展能源,282903.4159,3.43,20260828,房地产,房地产开发,住宅开发
605089.SH,味知香,282900.0,20.5,20260828,食品饮料,食品加工,预加工食品
300426.SZ,华智数媒,282840.3984,6.28,20260828,传媒,影视院线,影视动漫制作
603201.SH,常润股份,282689.7936,14.88,20260828,汽车,汽车零部件,其他汽车零部件
301106.SZ,骏成科技,282204.6192,19.74,20260828,电子,光学光电子,面板
002363.SZ,隆基机械,282116.0034,6.78,20260828,汽车,汽车零部件,底盘与发动机系统
600257.SH,大湖股份,282004.9992,5.86,20260828,农林牧渔,渔业,水产养殖
603955.SH,大千生态,281619.0,20.75,20260828,建筑装饰,基础建设,园林工程
688589.SH,力合微,281501.3045,19.37,20260828,电子,半导体,数字芯片设计
600419.SH,天润乳业,281439.644,8.92,20260828,食品饮料,饮料乳品,乳品
300279.SZ,和晶科技,281232.2125,5.75,20260828,家用电器,家电零部件Ⅱ,家电零部件Ⅲ
300730.SZ,科创信息,281168.074,11.66,20260828,计算机,软件开发,垂直应用软件
300425.SZ,中建环能,281076.6588,4.12,20260828,环保,环境治理,水务及水治理
603190.SH,亚通精工,280887.516,16.11,20260828,汽车,汽车零部件,其他汽车零部件
603633.SH,徕木股份,280841.5064,6.58,20260828,电子,消费电子,消费电子零部件及组装
001319.SZ,铭科精技,280679.0,19.85,20260828,汽车,汽车零部件,车身附件及饰件
301560.SZ,众捷汽车,280652.8,23.08,20260828,汽车,汽车零部件,底盘与发动机系统
600386.SH,北巴传媒,280627.2,3.48,20260828,汽车,汽车服务,汽车经销商
603030.SH,全筑股份,280506.8355,2.13,20260828,建筑装饰,装修装饰Ⅱ,装修装饰Ⅲ
300264.SZ,佳创视讯,280488.2976,6.51,20260828,计算机,IT服务Ⅱ,IT服务Ⅲ
001300.SZ,三柏硕,280342.285,11.5,20260828,轻工制造,文娱用品,娱乐用品
603080.SH,新疆火炬,279887.0,19.78,20260828,公用事业,燃气Ⅱ,燃气Ⅲ
603880.SH,南卫股份,279792.656,9.68,20260828,医药生物,医疗器械,医疗耗材
002875.SZ,安奈儿,279744.7602,13.17,20260828,纺织服饰,服装家纺,非运动服装
300275.SZ,梅安森,279668.6308,9.08,20260828,计算机,计算机设备,安防设备
920247.BJ,华密新材,279420.3325,14.78,20260828,汽车,汽车零部件,其他汽车零部件
301059.SZ,金三江,279234.032,12.08,20260828,基础化工,化学制品,其他化学制品
603518.SH,锦泓集团,279044.416,8.08,20260828,纺织服饰,服装家纺,非运动服装
300501.SZ,海顺新材,279017.2481,10.03,20260828,轻工制造,包装印刷,综合包装
002337.SZ,赛象科技,279003.8892,4.74,20260828,机械设备,专用设备,其他专用设备
300218.SZ,安利股份,278828.295,12.85,20260828,基础化工,塑料,其他塑料制品
688080.SH,映翰通,278788.3385,37.85,20260828,通信,通信设备,其他通信设备
300449.SZ,汉邦高科,278331.956,7.21,20260828,计算机,计算机设备,安防设备
000812.SZ,陕西金叶,278329.8816,3.68,20260828,轻工制造,包装印刷,纸包装
002835.SZ,同为股份,278318.392,12.68,20260828,计算机,计算机设备,安防设备
920009.BJ,丹娜生物,278235.048,35.88,20260828,医药生物,医疗器械,体外诊断
003001.SZ,中岩大地,278058.7872,15.93,20260828,建筑装饰,专业工程,其他专业工程
603006.SH,联明股份,277899.9499,10.93,20260828,汽车,汽车零部件,其他汽车零部件
300650.SZ,太龙股份,277612.99,11.5,20260828,电子,其他电子Ⅱ,其他电子Ⅲ
601798.SH,蓝科高新,277595.5806,7.83,20260828,机械设备,专用设备,能源及重型设备
301097.SZ,天益医疗,277553.5694,34.01,20260828,医药生物,医疗器械,医疗耗材
603458.SH,勘设股份,277348.797,9.06,20260828,建筑装饰,工程咨询服务Ⅱ,工程咨询服务Ⅲ
002574.SZ,明牌珠宝,277200.0,5.25,20260828,纺织服饰,饰品,钟表珠宝
000014.SZ,沙河股份,277142.899,11.45,20260828,房地产,房地产开发,住宅开发
300052.SZ,中青宝,277046.6104,10.58,20260828,传媒,游戏Ⅱ,游戏Ⅲ
603768.SH,常青股份,276980.6676,11.64,20260828,汽车,汽车零部件,其他汽车零部件
002771.SZ,真视通,276888.612,13.2,20260828,计算机,IT服务Ⅱ,IT服务Ⅲ
001324.SZ,长青科技,276690.0,20.05,20260828,机械设备,轨交设备Ⅱ,轨交设备Ⅲ
000707.SZ,双环科技,276571.2356,4.73,20260828,基础化工,化学原料,纯碱
301287.SZ,康力源,276480.9047,41.47,20260828,轻工制造,文娱用品,娱乐用品
002949.SZ,华阳国际,276091.7632,14.08,20260828,建筑装饰,工程咨询服务Ⅱ,工程咨询服务Ⅲ
300786.SZ,国林科技,276023.85,15.0,20260828,环保,环保设备Ⅱ,环保设备Ⅲ
603089.SH,正裕工业,275995.0193,10.01,20260828,汽车,汽车零部件,底盘与发动机系统
301296.SZ,新巨丰,275764.332,6.45,20260828,轻工制造,包装印刷,纸包装
002767.SZ,先锋电子,275700.0,18.38,20260828,机械设备,通用设备,仪器仪表
300753.SZ,爱朋医疗,275540.928,21.86,20260828,医药生物,医疗器械,医疗设备
300359.SZ,全通教育,275500.029,4.35,20260828,社会服务,教育,培训教育
300659.SZ,中孚信息,275495.1592,10.58,20260828,计算机,计算机设备,其他计算机设备
001222.SZ,源飞宠物,275263.38,14.42,20260828,轻工制造,文娱用品,娱乐用品
300828.SZ,锐新科技,275261.988,16.54,20260828,机械设备,通用设备,金属制品
603086.SH,先达股份,275236.6923,6.33,20260828,基础化工,农化制品,农药
002397.SZ,梦洁股份,275183.592,3.68,20260828,纺织服饰,服装家纺,家纺
000419.SZ,通程控股,275052.8462,5.06,20260828,商贸零售,一般零售,多业态零售
002899.SZ,英派斯,274902.42,18.6,20260828,轻工制造,文娱用品,娱乐用品
301585.SZ,蓝宇股份,274872.0,26.43,20260828,基础化工,化学制品,纺织化学制品
300025.SZ,华星创业,274748.166,5.4,20260828,通信,通信服务,通信工程及服务
301212.SZ,联盛化学,274536.0,25.42,20260828,基础化工,化学制品,其他化学制品
603797.SH,联泰环保,274464.0752,4.76,20260828,环保,环境治理,水务及水治理
605033.SH,美邦股份,274456.0,20.3,20260828,基础化工,农化制品,农药
603037.SH,凯众股份,274267.8078,10.29,20260828,汽车,汽车零部件,底盘与发动机系统
603151.SH,邦基科技,274222.1618,16.01,20260828,农林牧渔,饲料,畜禽饲料
300235.SZ,方直科技,274152.0474,10.89,20260828,计算机,软件开发,垂直应用软件
002659.SZ,凯文教育,274012.4232,4.58,20260828,社会服务,教育,学历教育
301428.SZ,世纪恒通,273306.759,27.7,20260828,通信,通信服务,通信应用增值服务
002136.SZ,安纳达,273290.42,12.71,20260828,基础化工,化学原料,钛白粉
600538.SH,国发股份,273107.3143,5.21,20260828,医药生物,医药商业,医药流通
301203.SZ,国泰环保,273040.0,34.13,20260828,环保,环境治理,水务及水治理
603779.SH,威龙股份,272972.0616,8.22,20260828,食品饮料,非白酒,其他酒类
601007.SH,金陵饭店,272610.0,6.99,20260828,社会服务,酒店餐饮,酒店
603017.SH,中衡设计,272599.8261,9.87,20260828,建筑装饰,工程咨询服务Ⅱ,工程咨询服务Ⅲ
300631.SZ,久吾高科,272568.452,21.8,20260828,环保,环保设备Ⅱ,环保设备Ⅲ
300269.SZ,联建光电,272393.9484,4.98,20260828,电子,光学光电子,LED
688455.SH,科捷智能,272377.7647,16.21,20260828,机械设备,自动化设备,其他自动化设备
300281.SZ,金明精机,272300.34,6.5,20260828,机械设备,专用设备,其他专用设备
002209.SZ,达意隆,272229.5631,13.31,20260828,机械设备,专用设备,印刷包装机械
002660.SZ,茂硕电源,271749.0882,7.62,20260828,电子,消费电子,消费电子零部件及组装
301299.SZ,卓创资讯,271647.5706,44.78,20260828,传媒,数字媒体,门户网站
605155.SH,西大门,271490.145,14.25,20260828,轻工制造,家居用品,其他家居用品
300653.SZ,正海生物,271260.0,15.07,20260828,医药生物,医疗器械,医疗耗材
603628.SH,清源股份,271003.3648,9.94,20260828,电力设备,光伏设备,光伏辅材
001205.SZ,盛航股份,270913.0435,14.41,20260828,交通运输,航运港口,航运
300374.SZ,中铁装配,270749.4423,11.01,20260828,建筑材料,装修建材,耐火材料
300165.SZ,天瑞仪器,270549.3882,5.46,20260828,机械设备,通用设备,仪器仪表
603818.SH,曲美家居,270498.2966,3.94,20260828,轻工制造,家居用品,成品家居
300625.SZ,三雄极光,269833.746,9.66,20260828,家用电器,照明设备Ⅱ,照明设备Ⅲ
300994.SZ,久祺股份,269449.728,11.56,20260828,汽车,摩托车及其他,其他运输设备
300942.SZ,易瑞生物,269376.8035,6.65,20260828,医药生物,医疗器械,体外诊断
002330.SZ,得利斯,269373.6872,4.24,20260828,食品饮料,食品加工,肉制品
001333.SZ,光华股份,269312.0,21.04,20260828,基础化工,塑料,合成树脂
603602.SH,纵横通信,269181.9875,11.65,20260828,传媒,广告营销,营销代理
603900.SH,莱绅通灵,269179.483,7.85,20260828,纺织服饰,饰品,钟表珠宝
603066.SH,音飞储存,268586.4313,9.13,20260828,交通运输,物流,仓储物流
688203.SH,海正生材,268345.8044,13.24,20260828,基础化工,塑料,改性塑料
301337.SZ,亚华电子,268210.8,25.74,20260828,计算机,软件开发,垂直应用软件
003038.SZ,鑫铂股份,268122.5255,11.02,20260828,有色金属,工业金属,铝
301023.SZ,奕帆传动,268110.0838,28.73,20260828,电力设备,电机Ⅱ,电机Ⅲ
002069.SZ,獐子岛,268089.2994,3.77,20260828,农林牧渔,渔业,水产养殖
605258.SH,协和电子,267696.0,30.42,20260828,电子,元件,印制电路板
002769.SZ,普路通,267295.688,7.16,20260828,交通运输,物流,中间产品及消费品供应链服务
300335.SZ,迪森股份,267126.944,5.6,20260828,公用事业,电力,热力服务
603617.SH,君禾股份,267020.7405,6.85,20260828,机械设备,通用设备,其他通用设备
301040.SZ,中环海陆,266802.9348,26.68,20260828,电力设备,风电设备,风电零部件
920200.BJ,振宏股份,266696.56,26.26,20260828,电力设备,风电设备,风电零部件
002830.SZ,名雕股份,266574.864,14.34,20260828,建筑装饰,装修装饰Ⅱ,装修装饰Ⅲ
603677.SH,奇精机械,266559.6456,13.84,20260828,家用电器,家电零部件Ⅱ,家电零部件Ⅲ
603917.SH,合力科技,266418.88,13.07,20260828,汽车,汽车零部件,其他汽车零部件
000586.SZ,汇源通信,266366.88,13.77,20260828,通信,通信设备,通信线缆及配套
605166.SH,聚合顺,266264.964,8.46,20260828,基础化工,化学纤维,锦纶
301118.SZ,恒光股份,266028.176,24.16,20260828,基础化工,化学原料,其他化学原料
688357.SH,建龙微纳,265859.1543,26.57,20260828,基础化工,化学制品,其他化学制品
300536.SZ,农尚环境,265719.1092,9.06,20260828,建筑装饰,基础建设,园林工程
603863.SH,松炀资源,265635.7,12.98,20260828,轻工制造,造纸,大宗用纸
002700.SZ,万憬能源,265549.3044,6.42,20260828,公用事业,燃气Ⅱ,燃气Ⅲ
603839.SH,安正时尚,265493.1132,6.86,20260828,纺织服饰,服装家纺,非运动服装
000545.SZ,金浦钛业,265458.1039,2.69,20260828,基础化工,化学原料,钛白粉
002098.SZ,浔兴股份,265278.0,7.41,20260828,纺织服饰,纺织制造,辅料
603586.SH,金麒麟,265063.3856,13.52,20260828,汽车,汽车零部件,底盘与发动机系统
301125.SZ,腾亚精工,264960.072,12.78,20260828,机械设备,通用设备,其他通用设备
002893.SZ,京能热力,264430.92,10.03,20260828,公用事业,电力,热力服务
002442.SZ,龙星科技,264271.1925,5.25,20260828,基础化工,橡胶,炭黑
300484.SZ,蓝海华腾,264133.9725,12.75,20260828,机械设备,自动化设备,工控设备
300509.SZ,新美星,264092.4,8.91,20260828,机械设备,专用设备,印刷包装机械
002877.SZ,智能自控,264036.0254,7.42,20260828,机械设备,通用设备,金属制品
300807.SZ,天迈科技,263993.648,38.8,20260828,计算机,计算机设备,其他计算机设备
300950.SZ,德固特,263960.392,17.18,20260828,机械设备,专用设备,能源及重型设备
600793.SH,宜宾纸业,263763.864,14.91,20260828,轻工制造,造纸,特种纸
300915.SZ,海融科技,263633.3335,20.95,20260828,食品饮料,饮料乳品,乳品
300845.SZ,捷安高科,263631.8902,12.82,20260828,计算机,计算机设备,其他计算机设备
603836.SH,海程邦达,263598.7653,9.21,20260828,交通运输,物流,跨境物流
301418.SZ,协昌科技,263119.8804,35.88,20260828,机械设备,自动化设备,工控设备
001368.SZ,通达创智,263004.465,23.25,20260828,轻工制造,文娱用品,娱乐用品
688500.SH,慧辰股份,262898.412,34.6,20260828,计算机,IT服务Ⅱ,IT服务Ⅲ
603289.SH,泰瑞机器,262884.5184,8.96,20260828,机械设备,专用设备,其他专用设备
301152.SZ,天力锂能,262771.62,22.13,20260828,电力设备,电池,电池化学品
000790.SZ,华神科技,262585.8253,4.21,20260828,医药生物,中药Ⅱ,中药Ⅲ
920220.BJ,朗信电气,262574.0351,39.66,20260828,汽车,汽车零部件,底盘与发动机系统
920344.BJ,三元基因,262500.55,21.55,20260828,医药生物,生物制品,其他生物制品
688619.SH,罗普特,262023.894,14.13,20260828,计算机,计算机设备,安防设备
603329.SH,上海雅仕,261053.4528,10.44,20260828,交通运输,物流,原材料供应链服务
301636.SZ,泽润新能,260911.3053,40.33,20260828,电力设备,光伏设备,光伏电池组件
300898.SZ,熊猫乳品,260896.0,21.04,20260828,食品饮料,饮料乳品,乳品
301469.SZ,恒达新材,260744.72,29.14,20260828,轻工制造,造纸,特种纸
301103.SZ,何氏眼科,260743.725,16.5,20260828,医药生物,医疗服务,医院
688314.SH,康拓医疗,260639.1619,31.93,20260828,医药生物,医疗器械,医疗耗材
688129.SH,东来技术,260234.208,21.6,20260828,基础化工,化学制品,涂料油墨
920012.BJ,创达新材,260198.4969,52.76,20260828,电子,半导体,半导体材料
603172.SH,万丰股份,260091.0,19.5,20260828,基础化工,化学制品,纺织化学制品
002661.SZ,克明食品,259724.7326,8.02,20260828,食品饮料,食品加工,预加工食品
920879.BJ,基康技术,259723.3765,12.93,20260828,机械设备,通用设备,仪器仪表
600858.SH,银座股份,259513.2334,4.99,20260828,商贸零售,一般零售,多业态零售
301567.SZ,贝隆精密,259488.3604,36.04,20260828,电子,消费电子,消费电子零部件及组装
688367.SH,工大高科,259368.816,29.6,20260828,机械设备,轨交设备Ⅱ,轨交设备Ⅲ
300155.SZ,安居宝,259287.1974,4.62,20260828,计算机,计算机设备,安防设备
603102.SH,百合股份,259072.0,40.48,20260828,食品饮料,食品加工,保健品
605151.SH,西上海,259016.835,19.25,20260828,汽车,汽车零部件,车身附件及饰件
301185.SZ,鸥玛软件,258968.9088,16.88,20260828,计算机,IT服务Ⅱ,IT服务Ⅲ
300977.SZ,深圳瑞捷,258633.1633,16.99,20260828,建筑装饰,工程咨询服务Ⅱ,工程咨询服务Ⅲ
688529.SH,豪森智能,258486.512,15.37,20260828,机械设备,专用设备,其他专用设备
920159.BJ,农大科技,258400.0,34.0,20260828,基础化工,农化制品,复合肥
300141.SZ,和顺电气,258360.2892,10.02,20260828,电力设备,电网设备,配电设备
300930.SZ,屹通新材,258300.0,25.83,20260828,有色金属,金属新材料,其他金属新材料
002790.SZ,瑞尔特,257827.2091,6.17,20260828,轻工制造,家居用品,卫浴制品
301057.SZ,汇隆新材,257683.5882,22.03,20260828,基础化工,化学纤维,涤纶
002982.SZ,湘佳股份,257649.992,12.68,20260828,农林牧渔,养殖业,肉鸡养殖
301577.SZ,美信科技,257613.7695,57.21,20260828,通信,通信设备,通信网络设备及器件
603176.SH,汇通集团,257578.725,5.42,20260828,建筑装饰,基础建设,基建市政工程
002377.SZ,国创高新,257487.3812,2.81,20260828,石油石化,炼化及贸易,其他石化
002712.SZ,思美传媒,257442.6426,4.73,20260828,传媒,广告营销,营销代理
600560.SH,金自天正,257415.9705,11.51,20260828,机械设备,专用设备,能源及重型设备
300965.SZ,恒宇信通,257100.4285,42.85,20260828,国防军工,航空装备Ⅱ,航空装备Ⅲ
300242.SZ,佳云科技,256994.856,4.05,20260828,传媒,广告营销,营销代理
603331.SH,百达精工,256763.012,12.7,20260828,机械设备,通用设备,其他通用设备
301278.SZ,快可电子,256744.5822,28.62,20260828,电力设备,光伏设备,光伏电池组件
603332.SH,苏州龙杰,256371.432,11.85,20260828,基础化工,化学纤维,涤纶
600281.SH,华阳新材,256172.196,4.98,20260828,有色金属,小金属,其他小金属
688468.SH,科美诊断,255906.904,6.38,20260828,医药生物,医疗器械,体外诊断
300824.SZ,北鼎股份,255851.8928,7.84,20260828,家用电器,小家电,厨房小家电
603320.SH,迪贝电气,255785.733,17.15,20260828,电力设备,电机Ⅱ,电机Ⅲ
605003.SH,众望布艺,255640.0,23.24,20260828,纺织服饰,服装家纺,家纺
301130.SZ,西点药业,255492.298,33.4,20260828,医药生物,化学制药,化学制剂
600319.SH,亚星化学,255112.7852,6.58,20260828,基础化工,化学原料,氯碱
301166.SZ,优宁维,254369.412,29.52,20260828,医药生物,生物制品,其他生物制品
002828.SZ,贝肯能源,254249.314,12.65,20260828,石油石化,油服工程,油田服务
920190.BJ,雷神科技,254000.0025,25.4,20260828,计算机,计算机设备,其他计算机设备
002723.SZ,小崧股份,253915.3236,7.64,20260828,家用电器,照明设备Ⅱ,照明设备Ⅲ
300813.SZ,泰林生物,253912.324,20.95,20260828,机械设备,专用设备,其他专用设备
603909.SH,建发合诚,253895.5994,9.74,20260828,建筑装饰,工程咨询服务Ⅱ,工程咨询服务Ⅲ
300103.SZ,达刚控股,253445.598,7.98,20260828,机械设备,专用设备,其他专用设备
600671.SH,天目药业,253056.5542,20.78,20260828,医药生物,中药Ⅱ,中药Ⅲ
920018.BJ,宏远股份,252927.4456,15.28,20260828,电力设备,电网设备,线缆部件及其他
002857.SZ,三晖电气,252907.6176,19.36,20260828,电力设备,电网设备,电工仪器仪表
002729.SZ,好利科技,252864.4018,13.82,20260828,电子,其他电子Ⅱ,其他电子Ⅲ
600661.SH,昂立教育,252736.0416,8.82,20260828,社会服务,教育,培训教育
301009.SZ,可靠股份,252557.94,9.29,20260828,美容护理,个护用品,生活用纸
300876.SZ,蒙泰高新,252534.4536,16.61,20260828,基础化工,化学纤维,其他化学纤维
300195.SZ,长荣股份,252529.8488,5.96,20260828,机械设备,专用设备,印刷包装机械
300796.SZ,贝斯美,252438.8871,6.99,20260828,基础化工,农化制品,农药
301314.SZ,科瑞思,252105.75,45.63,20260828,通信,通信设备,通信网络设备及器件
002813.SZ,路畅科技,252000.0,21.0,20260828,汽车,汽车零部件,汽车电子电气系统
300176.SZ,鸿特科技,251909.1486,4.74,20260828,汽车,汽车零部件,底盘与发动机系统
002890.SZ,弘宇股份,251585.1712,14.81,20260828,机械设备,专用设备,农用机械
002679.SZ,福建金森,251551.652,10.67,20260828,农林牧渔,林业Ⅱ,林业Ⅲ
603079.SH,圣达生物,251409.368,13.3,20260828,基础化工,化学制品,食品及饲料添加剂
002114.SZ,罗平锌电,251278.0704,7.77,20260828,有色金属,工业金属,铅锌
688310.SH,迈得医疗,251252.3134,15.29,20260828,机械设备,自动化设备,其他自动化设备
300960.SZ,通业科技,251101.542,17.3,20260828,机械设备,轨交设备Ⅱ,轨交设备Ⅲ
600463.SH,空港股份,251100.0,8.37,20260828,房地产,房地产开发,产业地产
688560.SH,明冠新材,251023.4693,12.47,20260828,电力设备,光伏设备,光伏辅材
688296.SH,和达科技,250763.122,23.35,20260828,计算机,软件开发,垂直应用软件
301578.SZ,辰奕智能,250420.884,23.64,20260828,家用电器,黑色家电,其他黑色家电
603136.SH,天目湖,250407.4509,9.27,20260828,社会服务,旅游及景区,自然景区
301388.SZ,欣灵电气,250381.9344,24.44,20260828,电力设备,电网设备,配电设备
301032.SZ,新柴股份,250296.4692,10.38,20260828,机械设备,通用设备,其他通用设备
301159.SZ,三维天地,250227.25,32.35,20260828,计算机,软件开发,垂直应用软件
300565.SZ,科信技术,250204.0092,10.02,20260828,通信,通信设备,通信网络设备及器件
001234.SZ,泰慕士,250190.4384,23.04,20260828,纺织服饰,服装家纺,运动服装
301320.SZ,豪江智能,250081.74,13.74,20260828,机械设备,自动化设备,工控设备
688718.SH,唯赛勃,249858.8272,14.38,20260828,基础化工,塑料,膜材料
300350.SZ,华鹏飞,249533.4612,4.44,20260828,交通运输,物流,中间产品及消费品供应链服务
301083.SZ,百胜智能,249369.1134,14.02,20260828,机械设备,专用设备,其他专用设备
300150.SZ,世纪瑞尔,249255.156,4.26,20260828,计算机,IT服务Ⅱ,IT服务Ⅲ
002420.SZ,毅昌科技,249241.74,6.06,20260828,家用电器,家电零部件Ⅱ,家电零部件Ⅲ
603059.SH,倍加洁,248928.1898,24.74,20260828,美容护理,个护用品,洗护用品
603076.SH,乐惠国际,248765.3793,20.61,20260828,机械设备,专用设备,其他专用设备
920403.BJ,康农种业,248651.1027,22.75,20260828,农林牧渔,种植业,种子
600573.SH,惠泉啤酒,248500.0,9.94,20260828,食品饮料,非白酒,啤酒
300340.SZ,科恒股份,248238.7447,9.01,20260828,电力设备,电池,电池化学品
001219.SZ,青岛食品,248214.3774,12.73,20260828,食品饮料,休闲食品,烘焙食品
920720.BJ,吉冈精密,248203.1856,9.37,20260828,机械设备,通用设备,金属制品
300854.SZ,中兰环保,247615.1986,17.71,20260828,环保,环境治理,固废治理
300906.SZ,日月明,247520.0,30.94,20260828,机械设备,通用设备,仪器仪表
301586.SZ,佳力奇,247266.99,29.8,20260828,国防军工,航空装备Ⅱ,航空装备Ⅲ
688435.SH,英方软件,247076.7959,29.59,20260828,计算机,软件开发,横向通用软件
002295.SZ,精艺股份,246856.76,9.85,20260828,有色金属,工业金属,铜
920339.BJ,恒太照明,246848.4598,11.21,20260828,家用电器,照明设备Ⅱ,照明设备Ⅲ
300334.SZ,津膜科技,246183.301,8.15,20260828,环保,环境治理,水务及水治理
603307.SH,扬州金泉,246088.2681,24.93,20260828,纺织服饰,服装家纺,鞋帽及其他
605177.SH,东亚药业,246044.37,21.45,20260828,医药生物,化学制药,原料药
300583.SZ,赛托生物,246043.6237,12.97,20260828,医药生物,化学制药,原料药
605266.SH,健之佳,245877.7539,15.91,20260828,医药生物,医药商业,线下药店
600689.SH,上海三毛,245611.3686,12.22,20260828,综合,综合Ⅱ,综合Ⅲ
603937.SH,丽岛新材,245448.1,11.75,20260828,有色金属,工业金属,铝
002343.SZ,慈文传媒,245366.3954,5.18,20260828,传媒,影视院线,影视动漫制作
000573.SZ,粤宏远A,245099.7504,3.84,20260828,房地产,房地产开发,住宅开发
920821.BJ,则成电子,245038.9231,17.71,20260828,电子,元件,印制电路板
300956.SZ,英力股份,244941.2949,11.37,20260828,电子,消费电子,消费电子零部件及组装
301353.SZ,普莱得,244888.5832,19.28,20260828,机械设备,通用设备,其他通用设备
920078.BJ,族兴新材,244800.0,20.4,20260828,有色金属,金属新材料,其他金属新材料
002159.SZ,三特索道,244675.932,13.8,20260828,社会服务,旅游及景区,自然景区
300995.SZ,奇德新材,244185.9959,26.51,20260828,基础化工,塑料,改性塑料
300800.SZ,力合科技,243861.77,10.3,20260828,环保,环保设备Ⅱ,环保设备Ⅲ
600833.SH,第一医药,243610.2396,10.92,20260828,医药生物,医药商业,线下药店
300703.SZ,创源股份,243529.065,13.5,20260828,轻工制造,文娱用品,文化用品
002486.SZ,嘉麟杰,243163.5145,2.95,20260828,纺织服饰,服装家纺,运动服装
300554.SZ,三超新材,242813.649,21.26,20260828,机械设备,通用设备,磨具磨料
300935.SZ,盈建科,242660.7885,30.55,20260828,计算机,软件开发,垂直应用软件
600992.SH,贵绳股份,242148.92,9.88,20260828,机械设备,通用设备,金属制品
002775.SZ,文科股份,242054.2448,3.68,20260828,建筑装饰,基础建设,园林工程
600854.SH,春兰股份,241548.2025,4.65,20260828,房地产,房地产开发,住宅开发
300892.SZ,品渥食品,241500.0,24.15,20260828,食品饮料,饮料乳品,乳品
603117.SH,万林物流,241476.6731,4.03,20260828,交通运输,物流,跨境物流
688501.SH,青达环保,241395.9632,13.88,20260828,环保,环保设备Ⅱ,环保设备Ⅲ
300543.SZ,朗科智能,241114.2131,7.87,20260828,家用电器,家电零部件Ⅱ,家电零部件Ⅲ
000705.SZ,浙江震元,240902.8993,7.21,20260828,医药生物,医药商业,医药流通
000757.SZ,浩物股份,240787.6772,4.52,20260828,汽车,汽车服务,汽车综合服务
300268.SZ,佳沃食品,240744.4,13.82,20260828,农林牧渔,农产品加工,其他农产品加工
603488.SH,展鹏科技,240600.0896,8.24,20260828,机械设备,专用设备,楼宇设备
300651.SZ,金陵体育,240338.9094,17.02,20260828,轻工制造,文娱用品,娱乐用品
300992.SZ,泰福泵业,239680.7575,25.15,20260828,机械设备,通用设备,其他通用设备
001209.SZ,洪兴股份,239634.3594,18.22,20260828,纺织服饰,服装家纺,非运动服装
600232.SH,金鹰股份,239620.0545,6.57,20260828,机械设备,专用设备,纺织服装设备
301378.SZ,通达海,239568.0,24.8,20260828,计算机,软件开发,垂直应用软件
301258.SZ,富士莱,239533.71,26.13,20260828,医药生物,化学制药,原料药
920533.BJ,骏创科技,239416.6676,18.31,20260828,汽车,汽车零部件,车身附件及饰件
001202.SZ,炬申股份,239368.5632,14.36,20260828,交通运输,物流,原材料供应链服务
002862.SZ,实丰文化,239319.88,14.12,20260828,轻工制造,文娱用品,娱乐用品
002576.SZ,通达动力,239229.9,14.49,20260828,电力设备,电机Ⅱ,电机Ⅲ
603180.SH,金牌家居,239098.505,15.5,20260828,轻工制造,家居用品,定制家居
688246.SH,嘉和美康,238986.1872,17.37,20260828,计算机,软件开发,垂直应用软件
301233.SZ,盛帮股份,238983.444,33.3,20260828,汽车,汽车零部件,其他汽车零部件
301276.SZ,嘉曼服饰,238982.4,18.44,20260828,纺织服饰,服装家纺,非运动服装
603023.SH,威帝股份,238874.2472,4.28,20260828,汽车,汽车零部件,汽车电子电气系统
300616.SZ,尚品宅配,238660.508,10.63,20260828,轻工制造,家居用品,定制家居
688178.SH,万德斯,238333.8312,28.04,20260828,环保,环境治理,固废治理
600831.SH,广电网络,238167.245,3.35,20260828,传媒,电视广播Ⅱ,电视广播Ⅲ
600807.SH,济高发展,237966.7612,2.69,20260828,医药生物,医疗器械,体外诊断
301105.SZ,鸿铭股份,237750.0,47.55,20260828,机械设备,专用设备,印刷包装机械
688651.SH,盛邦安全,237681.267,23.19,20260828,计算机,软件开发,横向通用软件
603183.SH,建研院,237639.2774,4.78,20260828,社会服务,专业服务,检测服务
300013.SZ,新宁物流,237302.5325,4.25,20260828,交通运输,物流,中间产品及消费品供应链服务
300789.SZ,唐源电气,237207.001,16.49,20260828,计算机,计算机设备,其他计算机设备
301117.SZ,佳缘科技,236533.6188,13.08,20260828,计算机,计算机设备,安防设备
002566.SZ,益盛药业,236299.4424,7.14,20260828,医药生物,中药Ⅱ,中药Ⅲ
920028.BJ,新恒泰,236185.32,14.37,20260828,基础化工,塑料,其他塑料制品
300937.SZ,药易购,236105.4156,24.68,20260828,医药生物,医药商业,医药流通
300519.SZ,新光药业,236000.0,14.75,20260828,医药生物,中药Ⅱ,中药Ⅲ
003017.SZ,大洋生物,235972.8,23.41,20260828,基础化工,化学原料,无机盐
300987.SZ,川网传媒,235607.112,13.59,20260828,传媒,数字媒体,门户网站
300694.SZ,蠡湖股份,235304.3136,10.84,20260828,汽车,汽车零部件,底盘与发动机系统
300784.SZ,利安科技,235298.1184,41.84,20260828,电子,消费电子,消费电子零部件及组装
300106.SZ,西部牧业,235001.5176,11.12,20260828,食品饮料,饮料乳品,乳品
001255.SZ,博菲电气,234922.14,27.0,20260828,基础化工,塑料,合成树脂
603787.SH,新日股份,234746.676,10.2,20260828,汽车,摩托车及其他,摩托车
300305.SZ,裕兴股份,234625.25,6.25,20260828,基础化工,塑料,膜材料
002492.SZ,恒基达鑫,234495.0,5.79,20260828,交通运输,物流,仓储物流
001211.SZ,双枪科技,234300.0,23.43,20260828,轻工制造,家居用品,其他家居用品
600533.SH,栖霞建设,234150.0,2.23,20260828,房地产,房地产开发,住宅开发
688426.SH,康为世纪,233649.4149,20.77,20260828,医药生物,医疗器械,体外诊断
300513.SZ,恒实科技,233386.2528,7.44,20260828,通信,通信服务,通信工程及服务
603536.SH,惠发食品,233316.331,9.7,20260828,食品饮料,食品加工,预加工食品
301512.SZ,智信精密,233259.0832,31.24,20260828,机械设备,自动化设备,其他自动化设备
300837.SZ,浙矿股份,233015.844,23.3,20260828,机械设备,专用设备,能源及重型设备
300412.SZ,迦南科技,232452.3322,4.67,20260828,机械设备,专用设备,其他专用设备
920096.BJ,嘉晨智能,232185.0,33.65,20260828,机械设备,自动化设备,其他自动化设备
688113.SH,联测科技,231831.36,36.0,20260828,机械设备,专用设备,其他专用设备
000692.SZ,惠天热电,231782.355,4.35,20260828,公用事业,电力,热力服务
300254.SZ,仟源医药,231744.9486,9.01,20260828,医药生物,化学制药,化学制剂
688026.SH,洁特生物,231741.6244,16.51,20260828,医药生物,医疗器械,医疗耗材
002800.SZ,天顺股份,231576.9651,15.21,20260828,交通运输,物流,公路货运
603755.SH,日辰股份,231446.3539,23.47,20260828,食品饮料,调味发酵品Ⅱ,调味发酵品Ⅲ
603326.SH,我乐家居,231084.0756,7.24,20260828,轻工制造,家居用品,定制家居
301156.SZ,美农生物,231054.285,12.55,20260828,基础化工,化学制品,食品及饲料添加剂
603096.SH,新经典,231043.4308,14.98,20260828,传媒,出版,大众出版
000955.SZ,欣龙控股,230971.455,4.29,20260828,纺织服饰,纺织制造,其他纺织
002381.SZ,双箭股份,230483.624,5.6,20260828,基础化工,橡胶,其他橡胶制品
600692.SH,亚通股份,230405.42,6.55,20260828,房地产,房地产开发,住宅开发
920026.BJ,卓兆点胶,230390.8287,20.05,20260828,机械设备,专用设备,其他专用设备
603700.SH,宁水集团,230356.1088,11.52,20260828,机械设备,通用设备,仪器仪表
300644.SZ,南京聚隆,230213.36,20.8,20260828,基础化工,塑料,改性塑料
000548.SZ,湖南投资,230138.4838,4.61,20260828,交通运输,铁路公路,高速公路
301601.SZ,惠通科技,229965.76,16.37,20260828,机械设备,专用设备,能源及重型设备
000953.SZ,中哲精化,229924.7416,6.28,20260828,医药生物,化学制药,原料药
301022.SZ,海泰科,229808.271,23.1,20260828,汽车,汽车零部件,其他汽车零部件
688369.SH,致远互联,229744.8914,19.94,20260828,计算机,软件开发,横向通用软件
301011.SZ,华立科技,229677.7464,14.87,20260828,轻工制造,文娱用品,娱乐用品
301170.SZ,锡南科技,229600.0,22.96,20260828,汽车,汽车零部件,底盘与发动机系统
300387.SZ,富邦科技,229511.258,7.94,20260828,基础化工,农化制品,复合肥
000590.SZ,古汉医药,229413.4096,9.58,20260828,医药生物,中药Ⅱ,中药Ⅲ
002848.SZ,高斯贝尔,229329.8,13.72,20260828,家用电器,黑色家电,彩电
603982.SH,泉峰汽车,229300.9492,6.28,20260828,汽车,汽车零部件,底盘与发动机系统
920405.BJ,海希通讯,229270.0754,16.8,20260828,机械设备,自动化设备,工控设备
002495.SZ,佳隆股份,229228.272,2.45,20260828,食品饮料,调味发酵品Ⅱ,调味发酵品Ⅲ
300637.SZ,扬帆新材,229116.1269,9.76,20260828,基础化工,化学制品,其他化学制品
600774.SH,汉商集团,228945.1424,7.76,20260828,医药生物,化学制药,化学制剂
002671.SZ,龙泉股份,228567.4963,4.07,20260828,建筑材料,水泥,水泥制品
001277.SZ,速达股份,228228.0,30.03,20260828,机械设备,专用设备,能源及重型设备
300240.SZ,飞力达,228139.6206,6.14,20260828,交通运输,物流,中间产品及消费品供应链服务
688244.SH,永信至诚,227800.9035,15.09,20260828,计算机,软件开发,横向通用软件
301052.SZ,果麦文化,227705.3493,23.01,20260828,传媒,出版,大众出版
300883.SZ,龙利得,227668.0,6.58,20260828,轻工制造,包装印刷,纸包装
603356.SH,华菱精工,227078.02,17.03,20260828,机械设备,专用设备,楼宇设备
000952.SZ,广济药业,227039.934,6.6,20260828,医药生物,化学制药,原料药
002836.SZ,新宏泽,226944.0,9.85,20260828,轻工制造,包装印刷,纸包装
603321.SH,梅轮电梯,226911.974,6.52,20260828,机械设备,专用设备,楼宇设备
301503.SZ,智迪科技,226824.0,21.81,20260828,计算机,计算机设备,其他计算机设备
002999.SZ,天禾股份,226629.984,6.52,20260828,基础化工,农化制品,复合肥
920682.BJ,球冠电缆,226616.832,5.82,20260828,电力设备,电网设备,线缆部件及其他
920981.BJ,晶赛科技,226498.216,29.62,20260828,电子,元件,被动元件
301135.SZ,瑞德智能,226481.6305,17.45,20260828,家用电器,家电零部件Ⅱ,家电零部件Ⅲ
002780.SZ,三夫户外,226214.9424,13.68,20260828,纺织服饰,服装家纺,运动服装
605001.SH,威奥股份,225909.45,5.75,20260828,机械设备,轨交设备Ⅱ,轨交设备Ⅲ
920476.BJ,海能技术,225845.6505,25.21,20260828,机械设备,通用设备,仪器仪表
603182.SH,嘉华股份,225762.6,13.72,20260828,农林牧渔,农产品加工,粮油加工
603721.SH,中广天择,225680.0,17.36,20260828,传媒,影视院线,影视动漫制作
002105.SZ,信隆健康,225605.072,6.16,20260828,汽车,摩托车及其他,其他运输设备
301036.SZ,双乐股份,225600.0,22.56,20260828,基础化工,化学制品,涂料油墨
603168.SH,莎普爱思,225598.2795,6.03,20260828,医药生物,化学制药,化学制剂
688316.SH,青云科技-U,225264.7643,47.03,20260828,计算机,IT服务Ⅱ,IT服务Ⅲ
920208.BJ,青矩技术,225167.0918,12.09,20260828,建筑装饰,工程咨询服务Ⅱ,工程咨询服务Ⅲ
603177.SH,德创环保,225019.584,11.02,20260828,环保,环境治理,大气治理
002319.SZ,乐通股份,224973.465,10.74,20260828,基础化工,化学制品,涂料油墨
000679.SZ,大连友谊,224888.4,6.31,20260828,商贸零售,一般零售,百货
920160.BJ,北矿检测,224747.52,19.84,20260828,社会服务,专业服务,检测服务
301331.SZ,恩威医药,224715.9096,21.84,20260828,医药生物,中药Ⅱ,中药Ⅲ
605069.SH,正和生态,224611.3658,10.61,20260828,环保,环境治理,综合环境治理
300422.SZ,博世科,224229.768,4.2,20260828,环保,环境治理,水务及水治理
300732.SZ,设研院,224188.8605,6.05,20260828,建筑装饰,工程咨询服务Ⅱ,工程咨询服务Ⅲ
001387.SZ,雪祺电气,223983.9216,12.24,20260828,家用电器,白色家电,冰洗
301229.SZ,纽泰格,223771.7955,12.31,20260828,汽车,汽车零部件,底盘与发动机系统
300610.SZ,晨化股份,223752.1015,10.55,20260828,基础化工,化学制品,其他化学制品
300665.SZ,飞鹿股份,223572.6418,9.74,20260828,基础化工,化学制品,涂料油墨
300947.SZ,德必集团,223230.3829,14.77,20260828,商贸零售,一般零售,商业物业经营
300743.SZ,天地数码,222875.1382,14.74,20260828,计算机,计算机设备,其他计算机设备
300844.SZ,山水比德,222774.051,23.9,20260828,建筑装饰,工程咨询服务Ⅱ,工程咨询服务Ⅲ
300912.SZ,凯龙高科,222644.784,19.55,20260828,汽车,汽车零部件,其他汽车零部件
002802.SZ,洪汇新材,222569.9652,12.28,20260828,基础化工,化学制品,其他化学制品
000637.SZ,茂化实华,221986.7958,4.27,20260828,石油石化,炼化及贸易,其他石化
000619.SZ,海螺新材,221907.9064,5.03,20260828,建筑材料,装修建材,其他建材
600148.SH,长春一东,221897.872,15.68,20260828,汽车,汽车零部件,底盘与发动机系统
603029.SH,天鹅股份,221813.176,18.28,20260828,机械设备,专用设备,农用机械
002799.SZ,环球印务,221787.72,6.93,20260828,轻工制造,包装印刷,纸包装
301539.SZ,宏鑫科技,221704.0,14.98,20260828,汽车,汽车零部件,轮胎轮毂
002732.SZ,燕塘乳业,221548.8,14.08,20260828,食品饮料,饮料乳品,乳品
301300.SZ,远翔新材,221280.878,33.82,20260828,基础化工,橡胶,炭黑
600615.SH,鑫源智造,221112.206,9.8,20260828,有色金属,工业金属,铝
603968.SH,醋化股份,221042.88,10.81,20260828,基础化工,化学制品,食品及饲料添加剂
002696.SZ,百洋股份,220936.9338,6.39,20260828,农林牧渔,饲料,水产饲料
002622.SZ,皓宸医疗,220920.0263,2.63,20260828,医药生物,医疗服务,医院
600241.SH,时代万恒,220726.575,7.5,20260828,电力设备,电池,锂电池
003027.SZ,同兴科技,220530.0384,16.87,20260828,环保,环境治理,大气治理
600802.SH,福建水泥,220417.4804,4.81,20260828,建筑材料,水泥,水泥制造
603282.SH,亚光股份,220401.54,16.47,20260828,环保,环保设备Ⅱ,环保设备Ⅲ
603616.SH,韩建河山,220327.042,5.69,20260828,建筑材料,水泥,水泥制品
001231.SZ,农心科技,220192.2364,22.09,20260828,基础化工,农化制品,农药
688355.SH,明志科技,220146.0336,17.76,20260828,机械设备,通用设备,金属制品
301231.SZ,荣信文化,220030.8,26.07,20260828,传媒,出版,大众出版
600097.SH,开创国际,219975.1158,9.13,20260828,农林牧渔,渔业,海洋捕捞
600159.SH,大龙地产,219950.848,2.65,20260828,房地产,房地产开发,住宅开发
002858.SZ,力盛体育,219907.1552,11.78,20260828,社会服务,体育Ⅱ,体育Ⅲ
600439.SH,瑞贝卡,219605.1676,1.94,20260828,纺织服饰,饰品,其他饰品
002633.SZ,申科股份,219600.0,14.64,20260828,机械设备,通用设备,金属制品
605180.SH,华生科技,219193.0,12.97,20260828,纺织服饰,纺织制造,其他纺织
603238.SH,诺邦股份,219046.106,12.34,20260828,纺织服饰,纺织制造,其他纺织
300778.SZ,新城市,218934.07,10.75,20260828,建筑装饰,工程咨询服务Ⅱ,工程咨询服务Ⅲ
688597.SH,煜邦电力,218775.2553,6.51,20260828,电力设备,电网设备,电工仪器仪表
688272.SH,富吉瑞,218728.0,28.78,20260828,国防军工,军工电子Ⅱ,军工电子Ⅲ
603506.SH,南都物业,218385.5814,11.63,20260828,房地产,房地产服务,物业管理
002133.SZ,广宇集团,218308.6644,2.82,20260828,房地产,房地产开发,住宅开发
002809.SZ,红墙股份,218156.2616,9.08,20260828,基础化工,化学制品,其他化学制品
603385.SH,惠达卫浴,218121.045,5.73,20260828,轻工制造,家居用品,卫浴制品
300612.SZ,宣亚国际,218119.312,11.92,20260828,传媒,广告营销,营销代理
301198.SZ,喜悦智行,217672.0,12.88,20260828,轻工制造,包装印刷,塑料包装
600287.SH,苏豪时尚,217524.4578,4.98,20260828,商贸零售,贸易Ⅱ,贸易Ⅲ
301359.SZ,东南电子,217278.208,18.08,20260828,电子,其他电子Ⅱ,其他电子Ⅲ
688450.SH,光格科技,217140.0,32.9,20260828,机械设备,通用设备,仪器仪表
002968.SZ,新大正,216774.1324,9.58,20260828,房地产,房地产服务,物业管理
000985.SZ,大庆华科,216757.244,16.72,20260828,石油石化,炼化及贸易,其他石化
300640.SZ,德艺文创,216451.4064,6.96,20260828,轻工制造,家居用品,其他家居用品
300961.SZ,深水海纳,216281.6,12.2,20260828,环保,环境治理,水务及水治理
300929.SZ,华骐环保,216037.455,16.35,20260828,环保,环境治理,水务及水治理
300597.SZ,吉大通信,215875.44,7.92,20260828,通信,通信服务,通信工程及服务
300030.SZ,阳普医疗,215812.7354,6.98,20260828,医药生物,医疗器械,医疗设备
300971.SZ,博亚精工,215208.0,18.3,20260828,机械设备,专用设备,其他专用设备
600128.SH,苏豪弘业,214698.9911,8.53,20260828,商贸零售,贸易Ⅱ,贸易Ⅲ
003011.SZ,海象新材,214592.84,20.9,20260828,轻工制造,家居用品,瓷砖地板
688613.SH,奥精医疗,214555.4676,15.66,20260828,医药生物,医疗器械,医疗耗材
003042.SZ,中农联合,214432.4,15.05,20260828,基础化工,农化制品,农药
688038.SH,中科通达,214243.4294,18.41,20260828,计算机,软件开发,垂直应用软件
688517.SH,金冠电气,214209.4976,15.68,20260828,电力设备,电网设备,配电设备
688737.SH,中自科技,214140.0195,17.91,20260828,汽车,汽车零部件,其他汽车零部件
688060.SH,云涌科技,213857.5571,35.53,20260828,计算机,计算机设备,其他计算机设备
002909.SZ,集泰股份,213330.0,5.47,20260828,基础化工,化学制品,有机硅
300670.SZ,大烨智能,213287.4965,6.73,20260828,电力设备,电网设备,配电设备
300707.SZ,威唐工业,213027.5,12.25,20260828,汽车,汽车零部件,其他汽车零部件
002873.SZ,新天药业,212614.4098,8.71,20260828,医药生物,中药Ⅱ,中药Ⅲ
301126.SZ,达嘉维康,212592.312,10.35,20260828,医药生物,医药商业,医药流通
300713.SZ,英可瑞,212528.9904,13.38,20260828,电力设备,其他电源设备Ⅱ,其他电源设备Ⅲ
002743.SZ,富煌钢构,212411.028,4.88,20260828,建筑装饰,专业工程,钢结构
600444.SH,国机通用,212018.9112,14.48,20260828,机械设备,专用设备,其他专用设备
920694.BJ,中裕科技,211993.285,16.12,20260828,基础化工,橡胶,其他橡胶制品
300074.SZ,华平股份,211900.381,3.85,20260828,计算机,软件开发,垂直应用软件
301336.SZ,趣睡科技,211251.315,40.7,20260828,轻工制造,家居用品,成品家居
000605.SZ,渤海股份,211242.5014,5.99,20260828,环保,环境治理,水务及水治理
301098.SZ,金埔园林,211083.9504,9.12,20260828,建筑装饰,基础建设,园林工程
002652.SZ,扬子新材,210970.368,4.12,20260828,建筑材料,装修建材,其他建材
301065.SZ,本立科技,210873.78,19.89,20260828,医药生物,化学制药,原料药
920021.BJ,流金科技,210428.9884,6.81,20260828,传媒,电视广播Ⅱ,电视广播Ⅲ
300371.SZ,汇中股份,210272.0785,10.45,20260828,机械设备,通用设备,仪器仪表
300851.SZ,交大思诺,210204.9612,24.18,20260828,机械设备,轨交设备Ⅱ,轨交设备Ⅲ
600706.SH,曲江文旅,210169.2752,8.24,20260828,社会服务,旅游及景区,人工景区
002247.SZ,聚力文化,209314.02,2.46,20260828,建筑材料,装修建材,其他建材
000633.SZ,合金投资,209112.7752,5.43,20260828,有色金属,金属新材料,其他金属新材料
301429.SZ,森泰股份,208776.52,17.66,20260828,建筑材料,装修建材,其他建材
003008.SZ,开普检测,208520.0,20.05,20260828,社会服务,专业服务,检测服务
002535.SZ,林州重机,208437.606,2.6,20260828,机械设备,专用设备,能源及重型设备
600099.SH,林海股份,208383.12,9.51,20260828,汽车,摩托车及其他,其他运输设备
001260.SZ,坤泰股份,208380.0,18.12,20260828,汽车,汽车零部件,车身附件及饰件
002629.SZ,仁智股份,208361.922,4.89,20260828,石油石化,油服工程,油田服务
301372.SZ,科净源,208251.3418,30.37,20260828,环保,环境治理,水务及水治理
002524.SZ,光正眼科,208193.9664,4.04,20260828,医药生物,医疗服务,医院
300517.SZ,海波重科,207832.9475,10.37,20260828,建筑装饰,专业工程,钢结构
600235.SH,民丰特纸,207267.0,5.9,20260828,轻工制造,造纸,特种纸
600303.SH,曙光股份,207132.0726,3.03,20260828,汽车,商用车,商用载客车
603041.SH,美思德,206956.901,11.3,20260828,基础化工,化学制品,聚氨酯
920101.BJ,志高机械,206930.7405,16.58,20260828,机械设备,工程机械,工程机械整机
920122.BJ,中纺标,206161.1114,22.35,20260828,社会服务,专业服务,检测服务
920017.BJ,星昊医药,205909.3633,16.62,20260828,医药生物,化学制药,化学制剂
603810.SH,丰山集团,205851.039,12.45,20260828,基础化工,农化制品,农药
001366.SZ,播恩集团,205509.72,12.79,20260828,农林牧渔,饲料,畜禽饲料
600768.SH,宁波富邦,205435.6992,15.36,20260828,有色金属,工业金属,铝
301024.SZ,霍普股份,205188.795,32.27,20260828,建筑装饰,工程咨询服务Ⅱ,工程咨询服务Ⅲ
688132.SH,邦彦技术,204895.1192,13.46,20260828,国防军工,军工电子Ⅱ,军工电子Ⅲ
920010.BJ,凯添燃气,204718.5,8.73,20260828,公用事业,燃气Ⅱ,燃气Ⅲ
300514.SZ,友讯达,204600.0,10.23,20260828,电力设备,电网设备,电工仪器仪表
002513.SZ,蓝丰生化,204323.136,5.44,20260828,基础化工,农化制品,农药
002820.SZ,桂发祥,204283.0611,10.17,20260828,食品饮料,休闲食品,烘焙食品
603028.SH,赛福天,203798.4,7.1,20260828,机械设备,通用设备,金属制品
301113.SZ,雅艺科技,203476.0,17.2,20260828,轻工制造,家居用品,其他家居用品
002817.SZ,黄山胶囊,203386.776,6.8,20260828,医药生物,化学制药,原料药
002760.SZ,凤形股份,202694.7899,18.77,20260828,机械设备,通用设备,磨具磨料
301272.SZ,英华特,202577.1116,34.69,20260828,机械设备,通用设备,制冷空调设备
000856.SZ,冀东装备,202257.0,8.91,20260828,机械设备,专用设备,其他专用设备
300923.SZ,研奥股份,202159.4572,25.72,20260828,机械设备,轨交设备Ⅱ,轨交设备Ⅲ
920106.BJ,林泰新材,202038.795,35.7,20260828,汽车,汽车零部件,底盘与发动机系统
688251.SH,井松智能,202009.82,20.08,20260828,计算机,IT服务Ⅱ,IT服务Ⅲ
688096.SH,京源环保,201965.0112,8.64,20260828,环保,环境治理,水务及水治理
000663.SZ,永安林业,201673.6561,5.99,20260828,农林牧渔,林业Ⅱ,林业Ⅲ
605122.SH,四方新材,201654.18,11.7,20260828,建筑材料,水泥,水泥制品
603208.SH,江山欧派,201557.6778,11.46,20260828,轻工制造,家居用品,定制家居
300126.SZ,锐奇股份,201523.8888,6.63,20260828,机械设备,通用设备,其他通用设备
301192.SZ,泰祥股份,201471.58,19.9,20260828,汽车,汽车零部件,底盘与发动机系统
301355.SZ,南王科技,201341.0328,10.32,20260828,轻工制造,包装印刷,纸包装
300838.SZ,浙江力诺,201309.902,14.59,20260828,机械设备,通用设备,金属制品
001278.SZ,一彬科技,201066.775,16.25,20260828,汽车,汽车零部件,车身附件及饰件
300564.SZ,筑博设计,200998.7392,12.46,20260828,建筑装饰,工程咨询服务Ⅱ,工程咨询服务Ⅲ
920885.BJ,星辰科技,200884.2024,11.76,20260828,机械设备,自动化设备,工控设备
920046.BJ,亿能电力,200782.75,19.85,20260828,电力设备,电网设备,输变电设备
688670.SH,金迪克,200569.6,16.28,20260828,医药生物,生物制品,疫苗
688395.SH,正弦电气,200560.2732,23.16,20260828,机械设备,自动化设备,工控设备
003003.SZ,天元股份,200400.48,11.34,20260828,轻工制造,包装印刷,综合包装
920050.BJ,爱舍伦,200263.1493,29.59,20260828,医药生物,医疗器械,医疗耗材
002205.SZ,国统股份,199781.44,10.75,20260828,建筑材料,水泥,水泥制品
688013.SH,天臣医疗,199642.776,24.6,20260828,医药生物,医疗器械,医疗耗材
000702.SZ,正虹科技,199309.3175,5.75,20260828,农林牧渔,饲料,畜禽饲料
002715.SZ,登云股份,199272.0,14.44,20260828,汽车,汽车零部件,底盘与发动机系统
002778.SZ,中晟高科,199231.0201,15.97,20260828,环保,环境治理,水务及水治理
920207.BJ,众诚科技,199141.2,21.6,20260828,计算机,软件开发,垂直应用软件
300958.SZ,建工修复,199055.482,12.7,20260828,环保,环境治理,综合环境治理
688420.SH,美腾科技,198879.07,22.49,20260828,机械设备,专用设备,能源及重型设备
000995.SZ,皇台酒业,198874.368,11.21,20260828,食品饮料,白酒Ⅱ,白酒Ⅲ
001336.SZ,楚环科技,198836.0968,19.03,20260828,环保,环保设备Ⅱ,环保设备Ⅲ
600051.SH,宁波联合,198652.32,6.39,20260828,综合,综合Ⅱ,综合Ⅲ
002144.SZ,宏达高科,198504.2875,11.23,20260828,纺织服饰,纺织制造,其他纺织
300556.SZ,丝路视觉,198394.5696,16.32,20260828,计算机,软件开发,垂直应用软件
600847.SH,万里股份,198353.8956,12.94,20260828,电力设备,电池,蓄电池及其他电池
300823.SZ,建科智能,198307.9592,15.14,20260828,机械设备,专用设备,其他专用设备
688616.SH,西力科技,198213.0215,11.05,20260828,电力设备,电网设备,电工仪器仪表
600202.SH,哈空调,198187.1419,5.17,20260828,机械设备,通用设备,制冷空调设备
300928.SZ,华安鑫创,198080.0,24.76,20260828,汽车,汽车零部件,汽车电子电气系统
603709.SH,中源家居,197514.471,12.1,20260828,轻工制造,家居用品,成品家居
920779.BJ,武汉蓝电,197351.6468,24.65,20260828,电力设备,电池,锂电专用设备
688156.SH,路德科技,197198.4036,19.58,20260828,农林牧渔,饲料,畜禽饲料
920005.BJ,鼎佳精密,197125.0,23.75,20260828,电子,消费电子,消费电子零部件及组装
001373.SZ,翔腾新材,197062.7161,28.69,20260828,电子,光学光电子,光学元件
300899.SZ,上海凯鑫,196835.5724,30.86,20260828,环保,环境治理,水务及水治理
300949.SZ,奥雅股份,196620.0,22.6,20260828,建筑装饰,基础建设,园林工程
920089.BJ,禾昌聚合,196064.2684,10.01,20260828,基础化工,塑料,改性塑料
688051.SH,佳华科技,195345.684,25.26,20260828,计算机,IT服务Ⅱ,IT服务Ⅲ
002591.SZ,恒大高新,194829.4755,6.49,20260828,基础化工,化学制品,其他化学制品
301519.SZ,舜禹股份,194779.6945,12.05,20260828,环保,环境治理,水务及水治理
002910.SZ,庄园牧场,194757.2424,9.96,20260828,食品饮料,饮料乳品,乳品
603073.SH,彩蝶实业,194648.0,16.78,20260828,基础化工,化学纤维,涤纶
301515.SZ,港通医疗,194600.1946,19.46,20260828,医药生物,医疗器械,医疗设备
688671.SH,碧兴物联,194491.3153,24.77,20260828,环保,环保设备Ⅱ,环保设备Ⅲ
301049.SZ,超越科技,194350.3046,20.62,20260828,环保,环境治理,固废治理
920748.BJ,路桥信息,193615.02,25.23,20260828,计算机,IT服务Ⅱ,IT服务Ⅲ
920225.BJ,利通科技,193551.3134,15.25,20260828,基础化工,橡胶,其他橡胶制品
301001.SZ,凯淳股份,193520.0,24.19,20260828,商贸零售,互联网电商,电商服务
300549.SZ,优德精密,193476.34,14.51,20260828,机械设备,专用设备,其他专用设备
300675.SZ,建科院,192573.3771,13.13,20260828,建筑装饰,工程咨询服务Ⅱ,工程咨询服务Ⅲ
301390.SZ,经纬股份,192540.0,32.09,20260828,建筑装饰,工程咨询服务Ⅱ,工程咨询服务Ⅲ
301006.SZ,迈拓股份,192485.0982,13.82,20260828,机械设备,通用设备,仪器仪表
603214.SH,爱婴室,192154.98,13.87,20260828,商贸零售,专业连锁Ⅱ,专业连锁Ⅲ
603717.SH,天域生物,192076.7844,6.62,20260828,农林牧渔,养殖业,生猪养殖
600149.SH,廊坊发展,191980.8,5.05,20260828,公用事业,电力,热力服务
688193.SH,仁度生物,191974.8909,47.91,20260828,医药生物,医疗器械,体外诊断
301010.SZ,晶雪节能,191700.0,17.75,20260828,建筑材料,装修建材,其他建材
920223.BJ,荣亿精密,191573.13,12.18,20260828,机械设备,通用设备,金属制品
920729.BJ,永顺生物,191310.0,7.0,20260828,农林牧渔,动物保健Ⅱ,动物保健Ⅲ
300645.SZ,正元智慧,191275.349,13.46,20260828,计算机,计算机设备,其他计算机设备
920790.BJ,联迪信息,191021.2214,24.19,20260828,计算机,IT服务Ⅱ,IT服务Ⅲ
605567.SH,春雪食品,190600.0,9.53,20260828,食品饮料,食品加工,预加工食品
600448.SH,华纺股份,190205.5494,3.02,20260828,纺织服饰,纺织制造,印染
301163.SZ,宏德股份,190046.4,23.29,20260828,电力设备,风电设备,风电零部件
688092.SH,爱科科技,189878.5189,22.97,20260828,机械设备,专用设备,其他专用设备
301063.SZ,海锅股份,189727.7526,18.18,20260828,机械设备,专用设备,能源及重型设备
603879.SH,永悦科技,189374.4988,5.27,20260828,基础化工,塑料,合成树脂
301298.SZ,东利机械,189372.0,12.9,20260828,汽车,汽车零部件,其他汽车零部件
688118.SH,普元信息,189246.2676,20.28,20260828,计算机,软件开发,垂直应用软件
300717.SZ,华信新材,189106.0,18.4,20260828,基础化工,塑料,其他塑料制品
600883.SH,博闻科技,188870.4,8.0,20260828,农林牧渔,种植业,食用菌
688638.SH,誉辰智能,188664.0,33.69,20260828,电力设备,电池,锂电专用设备
920227.BJ,美登科技,188515.8015,48.41,20260828,计算机,IT服务Ⅱ,IT服务Ⅲ
301288.SZ,清研环境,187721.38,17.38,20260828,环保,环保设备Ⅱ,环保设备Ⅲ
920579.BJ,机科股份,187616.52,14.49,20260828,机械设备,自动化设备,机器人
920121.BJ,江天科技,187435.4352,28.37,20260828,轻工制造,包装印刷,纸包装
300169.SZ,天晟新材,187400.9088,5.52,20260828,基础化工,化学制品,其他化学制品
688393.SH,安必平,187041.8303,19.99,20260828,医药生物,医疗器械,体外诊断
688288.SH,鸿泉技术,186651.619,18.7,20260828,计算机,计算机设备,其他计算机设备
301131.SZ,聚赛龙,185743.175,33.98,20260828,基础化工,塑料,改性塑料
920055.BJ,隆源股份,185096.0,27.22,20260828,汽车,汽车零部件,底盘与发动机系统
300886.SZ,华业香料,184414.9355,24.55,20260828,美容护理,化妆品,化妆品制造及其他
920273.BJ,一致魔芋,184025.6965,17.86,20260828,农林牧渔,农产品加工,其他农产品加工
920124.BJ,南特科技,183834.3773,12.36,20260828,家用电器,家电零部件Ⅱ,家电零部件Ⅲ
002188.SZ,中天服务,183832.3918,5.62,20260828,房地产,房地产服务,物业管理
920112.BJ,巴兰仕,183768.13,15.47,20260828,机械设备,专用设备,其他专用设备
688058.SH,宝兰德,183220.984,24.16,20260828,计算机,软件开发,横向通用软件
920505.BJ,九菱科技,183083.7241,28.26,20260828,机械设备,通用设备,金属制品
301505.SZ,苏州规划,183040.0,16.0,20260828,建筑装饰,工程咨询服务Ⅱ,工程咨询服务Ⅲ
002494.SZ,华斯股份,182618.3788,4.84,20260828,纺织服饰,服装家纺,非运动服装
300535.SZ,达威股份,182575.8863,17.06,20260828,基础化工,化学制品,其他化学制品
920304.BJ,迪尔化工,182253.35,10.75,20260828,基础化工,化学原料,其他化学原料
603022.SH,新通联,181600.0,9.08,20260828,轻工制造,包装印刷,综合包装
603908.SH,牧高笛,181504.523,19.49,20260828,纺织服饰,服装家纺,鞋帽及其他
920892.BJ,广咨国际,181083.4882,10.63,20260828,建筑装饰,工程咨询服务Ⅱ,工程咨询服务Ⅲ
301037.SZ,保立佳,181019.2734,13.02,20260828,基础化工,化学制品,涂料油墨
688189.SH,南新制药,180613.0628,6.62,20260828,医药生物,化学制药,化学制剂
920284.BJ,灵鸽科技,180231.3094,17.2,20260828,机械设备,专用设备,其他专用设备
920592.BJ,华信永道,179364.9,22.2,20260828,计算机,软件开发,垂直应用软件
002316.SZ,亚联发展,178869.6,4.55,20260828,非银金融,多元金融,金融信息服务
920080.BJ,奥美森,178699.0,21.53,20260828,机械设备,专用设备,其他专用设备
920188.BJ,悦龙科技,178684.3553,21.53,20260828,基础化工,橡胶,其他橡胶制品
920663.BJ,明阳科技,178292.6009,13.35,20260828,汽车,汽车零部件,车身附件及饰件
603860.SH,中公高科,178235.64,26.73,20260828,建筑装饰,工程咨询服务Ⅱ,工程咨询服务Ⅲ
920130.BJ,立方控股,178029.4455,19.3,20260828,计算机,IT服务Ⅱ,IT服务Ⅲ
600137.SH,浪莎股份,177810.9904,18.29,20260828,纺织服饰,服装家纺,非运动服装
600697.SH,欧亚集团,177224.1434,11.14,20260828,商贸零售,一般零售,多业态零售
688681.SH,科汇股份,177101.64,16.92,20260828,电力设备,电网设备,电网自动化设备
920357.BJ,雅葆轩,176976.8,17.0,20260828,电子,消费电子,消费电子零部件及组装
920726.BJ,朱老六,176684.64,17.44,20260828,食品饮料,调味发酵品Ⅱ,调味发酵品Ⅲ
920069.BJ,普昂医疗,176117.1876,33.28,20260828,医药生物,医疗器械,医疗耗材
920099.BJ,瑞华技术,176023.6744,18.71,20260828,基础化工,化学制品,其他化学制品
600778.SH,友好集团,175992.641,5.65,20260828,商贸零售,一般零售,多业态零售
920199.BJ,倍益康,174904.6824,25.68,20260828,家用电器,小家电,个护小家电
300635.SZ,中达安,174457.444,12.46,20260828,建筑装饰,工程咨询服务Ⅱ,工程咨询服务Ⅲ
688004.SH,博汇科技,174271.488,21.76,20260828,计算机,IT服务Ⅱ,IT服务Ⅲ
688078.SH,龙软科技,174214.27,23.9,20260828,计算机,软件开发,垂直应用软件
920367.BJ,新赣江,173893.5075,24.54,20260828,医药生物,化学制药,原料药
688466.SH,金科环境,173458.964,14.2,20260828,环保,环境治理,水务及水治理
920091.BJ,大鹏工业,173331.864,28.2,20260828,机械设备,专用设备,其他专用设备
300614.SZ,百川畅银,172473.7525,10.75,20260828,环保,环境治理,固废治理
920662.BJ,方盛股份,170897.6039,19.52,20260828,机械设备,通用设备,其他通用设备
920033.BJ,康普化学,170839.9485,14.34,20260828,基础化工,化学制品,其他化学制品
920914.BJ,远航精密,170756.979,17.13,20260828,电力设备,电池,锂电池
920001.BJ,纬达光电,170547.1754,11.1,20260828,电子,光学光电子,面板
920092.BJ,汉鑫科技,170470.8562,27.46,20260828,计算机,IT服务Ⅱ,IT服务Ⅲ
920489.BJ,佳先股份,170301.0816,12.48,20260828,基础化工,化学原料,其他化学原料
300220.SZ,金运激光,170100.0,11.25,20260828,轻工制造,文娱用品,娱乐用品
688329.SH,艾隆科技,170071.6,22.03,20260828,机械设备,自动化设备,其他自动化设备
920086.BJ,科马材料,169870.4,20.3,20260828,汽车,汽车零部件,底盘与发动机系统
600561.SH,江西长运,169263.696,5.95,20260828,交通运输,铁路公路,公交
920807.BJ,奔朗新材,168966.52,9.29,20260828,机械设备,通用设备,磨具磨料
688528.SH,秦川物联,168672.0,10.04,20260828,机械设备,通用设备,仪器仪表
920693.BJ,阿为特,168518.6,23.18,20260828,机械设备,通用设备,金属制品
920171.BJ,志晟信息,168391.8348,16.8,20260828,计算机,IT服务Ⅱ,IT服务Ⅲ
300605.SZ,恒锋信息,168281.9398,10.19,20260828,计算机,软件开发,垂直应用软件
688565.SH,力源科技,167997.06,11.22,20260828,环保,环境治理,水务及水治理
600493.SH,凤竹纺织,167824.0,6.17,20260828,纺织服饰,纺织制造,棉纺
688659.SH,元琛科技,167680.0,10.48,20260828,基础化工,化学制品,其他化学制品
920035.BJ,精创电气,167302.2,24.1,20260828,机械设备,通用设备,仪器仪表
920786.BJ,骑士乳业,166197.135,7.95,20260828,食品饮料,饮料乳品,乳品
688793.SH,倍轻松,166181.0605,19.55,20260828,家用电器,小家电,个护小家电
300405.SZ,科隆股份,165789.2841,5.83,20260828,基础化工,化学制品,其他化学制品
920036.BJ,觅睿科技,165442.3541,30.4,20260828,计算机,计算机设备,安防设备
300500.SZ,启迪设计,165102.1801,9.49,20260828,建筑装饰,工程咨询服务Ⅱ,工程咨询服务Ⅲ
688695.SH,中创股份,164914.6646,19.39,20260828,计算机,软件开发,横向通用软件
920701.BJ,豪声电子,164777.2,12.01,20260828,电子,消费电子,消费电子零部件及组装
920158.BJ,长江能科,164081.064,8.22,20260828,机械设备,专用设备,能源及重型设备
920082.BJ,方正阀门,163611.588,8.04,20260828,机械设备,通用设备,金属制品
920187.BJ,通领科技,162049.68,17.91,20260828,汽车,汽车零部件,车身附件及饰件
920526.BJ,凯华材料,161265.0,19.5,20260828,电子,电子化学品Ⅱ,电子化学品Ⅲ
920792.BJ,东和新材,161235.96,9.74,20260828,建筑材料,装修建材,耐火材料
920252.BJ,天宏锂电,160648.2907,15.65,20260828,电力设备,电池,锂电池
688021.SH,奥福科技,159704.633,20.9,20260828,汽车,汽车零部件,其他汽车零部件
920169.BJ,七丰精工,159499.3777,19.74,20260828,机械设备,通用设备,金属制品
920651.BJ,天罡股份,159332.0,26.12,20260828,机械设备,通用设备,仪器仪表
920167.BJ,同享科技,159098.319,14.46,20260828,电力设备,光伏设备,光伏辅材
920870.BJ,恒进感应,159058.0,11.87,20260828,机械设备,通用设备,机床工具
688067.SH,爱威科技,158712.0,23.34,20260828,医药生物,医疗器械,体外诊断
688573.SH,信宇人,157873.356,16.15,20260828,电力设备,电池,锂电专用设备
920523.BJ,德瑞锂电,157624.9302,15.56,20260828,电力设备,电池,锂电池
920184.BJ,国源科技,157545.9919,11.96,20260828,计算机,IT服务Ⅱ,IT服务Ⅲ
920058.BJ,华洋赛车,157237.3886,28.05,20260828,汽车,摩托车及其他,摩托车
301167.SZ,建研设计,157136.0,14.03,20260828,建筑装饰,工程咨询服务Ⅱ,工程咨询服务Ⅲ
920371.BJ,欧福蛋业,155933.1618,7.59,20260828,农林牧渔,农产品加工,其他农产品加工
920837.BJ,华原股份,155628.4941,10.19,20260828,汽车,汽车零部件,底盘与发动机系统
920191.BJ,瑞尔竞达,155398.3704,8.76,20260828,建筑材料,装修建材,耐火材料
920943.BJ,优机股份,155124.6656,15.28,20260828,机械设备,通用设备,金属制品
920166.BJ,海圣医疗,154127.0595,20.47,20260828,医药生物,医疗器械,医疗耗材
920924.BJ,广脉科技,153863.181,14.34,20260828,通信,通信服务,通信工程及服务
300417.SZ,南华仪器,153671.1744,11.42,20260828,机械设备,通用设备,仪器仪表
600455.SH,博通股份,153084.558,24.51,20260828,计算机,软件开发,垂直应用软件
300621.SZ,维业股份,152505.5611,7.33,20260828,建筑装饰,装修装饰Ⅱ,装修装饰Ⅲ
920857.BJ,泓禧科技,151936.6831,20.53,20260828,电子,消费电子,消费电子零部件及组装
920108.BJ,宏海科技,151880.4,8.82,20260828,家用电器,家电零部件Ⅱ,家电零部件Ⅲ
920076.BJ,国亮新材,151746.42,12.96,20260828,建筑材料,装修建材,耐火材料
920703.BJ,广厦环能,150422.552,9.98,20260828,机械设备,专用设备,能源及重型设备
920221.BJ,易实精密,149617.65,12.61,20260828,汽车,汽车零部件,其他汽车零部件
920007.BJ,酉立智能,148560.2532,33.36,20260828,电力设备,光伏设备,光伏辅材
920011.BJ,晨光电机,148469.3339,17.96,20260828,电力设备,电机Ⅱ,电机Ⅲ
920689.BJ,克莱特,148341.4,20.21,20260828,机械设备,通用设备,其他通用设备
920656.BJ,海昇药业,146500.0,14.65,20260828,医药生物,化学制药,原料药
920547.BJ,无锡晶海,146053.44,18.8,20260828,医药生物,生物制品,其他生物制品
920218.BJ,新天力,145190.422,15.5,20260828,轻工制造,家居用品,其他家居用品
920396.BJ,常辅股份,144370.0509,19.99,20260828,机械设备,自动化设备,其他自动化设备
920985.BJ,海泰新能,144215.9092,4.66,20260828,电力设备,光伏设备,光伏电池组件
920128.BJ,胜业电气,143543.92,17.68,20260828,电子,元件,被动元件
920098.BJ,科隆新材,143530.4513,17.65,20260828,基础化工,橡胶,其他橡胶制品
920425.BJ,乐创技术,143513.413,14.25,20260828,机械设备,自动化设备,工控设备
920006.BJ,晟楠科技,141841.1912,15.71,20260828,国防军工,航空装备Ⅱ,航空装备Ⅲ
920566.BJ,梓橦宫,141428.1805,9.79,20260828,医药生物,化学制药,化学制剂
920564.BJ,天润科技,140391.665,13.13,20260828,计算机,IT服务Ⅱ,IT服务Ⅲ
920152.BJ,昆工科技,139831.699,12.7,20260828,电力设备,电池,锂电专用设备
920003.BJ,中诚咨询,139795.8,15.43,20260828,建筑装饰,工程咨询服务Ⅱ,工程咨询服务Ⅲ
920751.BJ,惠同新材,139021.56,16.02,20260828,有色金属,金属新材料,其他金属新材料
920183.BJ,海菲曼,138925.776,28.38,20260828,电子,消费电子,品牌消费电子
920429.BJ,康比特,138666.264,11.14,20260828,食品饮料,食品加工,保健品
688217.SH,睿昂基因,138299.2084,24.76,20260828,医药生物,医疗器械,体外诊断
920690.BJ,捷众科技,137904.0,16.0,20260828,汽车,汽车零部件,车身附件及饰件
920180.BJ,爱得科技,136904.6103,11.59,20260828,医药生物,医疗器械,医疗耗材
920163.BJ,方大新材,136487.2098,10.61,20260828,轻工制造,包装印刷,综合包装
920062.BJ,科润智控,136057.2257,7.21,20260828,电力设备,电网设备,输变电设备
920964.BJ,润农节水,135828.16,5.2,20260828,农林牧渔,农业综合Ⅱ,农业综合Ⅲ
920541.BJ,铁大科技,135606.4,9.92,20260828,机械设备,轨交设备Ⅱ,轨交设备Ⅲ
920706.BJ,铁拓机械,134812.4741,14.25,20260828,机械设备,工程机械,工程机械整机
920627.BJ,力王股份,134591.25,14.25,20260828,电力设备,电池,蓄电池及其他电池
920274.BJ,宏裕包材,134444.0011,16.53,20260828,轻工制造,包装印刷,塑料包装
688089.SH,嘉必优,134086.16,8.06,20260828,基础化工,化学制品,食品及饲料添加剂
920670.BJ,数字人,133789.824,12.6,20260828,医药生物,医疗服务,医疗研发外包
920299.BJ,灿能电力,131289.2151,14.57,20260828,电力设备,电网设备,电网自动化设备
920061.BJ,西磁科技,131244.66,18.54,20260828,机械设备,专用设备,其他专用设备
920826.BJ,盖世食品,130960.7386,9.32,20260828,食品饮料,食品加工,预加工食品
920976.BJ,视声智能,130412.3492,18.38,20260828,计算机,计算机设备,安防设备
920770.BJ,艾能聚,130132.175,10.0,20260828,电力设备,光伏设备,光伏电池组件
920675.BJ,秉扬科技,129123.0,7.5,20260828,基础化工,非金属材料Ⅱ,非金属材料Ⅲ
920242.BJ,建邦科技,128413.2731,13.63,20260828,汽车,汽车零部件,底盘与发动机系统
920374.BJ,云里物里,128305.2561,14.99,20260828,通信,通信设备,其他通信设备
920363.BJ,莱赛激光,128238.748,10.34,20260828,机械设备,通用设备,仪器仪表
920270.BJ,天铭科技,127317.672,12.17,20260828,汽车,汽车零部件,车身附件及饰件
920578.BJ,巨能股份,127108.2592,16.62,20260828,机械设备,自动化设备,机器人
920896.BJ,旺成科技,127036.4212,12.55,20260828,汽车,汽车零部件,底盘与发动机系统
920039.BJ,国义招标,126901.5,8.25,20260828,社会服务,专业服务,其他专业服务
920000.BJ,安徽凤凰,126610.08,13.81,20260828,汽车,汽车零部件,底盘与发动机系统
920866.BJ,绿亨科技,125783.7182,6.98,20260828,基础化工,农化制品,农药
920433.BJ,大唐药业,125656.5634,4.91,20260828,医药生物,中药Ⅱ,中药Ⅲ
920639.BJ,晨光电缆,125395.2,6.22,20260828,电力设备,电网设备,线缆部件及其他
920195.BJ,三祥科技,125380.37,12.79,20260828,汽车,汽车零部件,底盘与发动机系统
920765.BJ,美之高,124991.0707,14.38,20260828,轻工制造,家居用品,定制家居
920415.BJ,恒拓开源,124774.2005,8.88,20260828,计算机,软件开发,垂直应用软件
688701.SH,卓锦股份,124609.4272,9.28,20260828,环保,环境治理,综合环境治理
920753.BJ,天纺标,124060.2568,15.24,20260828,社会服务,专业服务,检测服务
920204.BJ,沪江材料,123988.4531,13.15,20260828,轻工制造,包装印刷,塑料包装
920008.BJ,成电光信,123866.25,19.43,20260828,国防军工,军工电子Ⅱ,军工电子Ⅲ
920198.BJ,微创光电,123604.726,7.66,20260828,计算机,计算机设备,安防设备
920056.BJ,能之光,123272.7753,15.09,20260828,基础化工,塑料,其他塑料制品
920177.BJ,恒道科技,123056.64,23.52,20260828,机械设备,专用设备,其他专用设备
920475.BJ,三友科技,122181.54,12.09,20260828,机械设备,专用设备,其他专用设备
920123.BJ,芭薇股份,122024.76,10.94,20260828,美容护理,化妆品,化妆品制造及其他
920833.BJ,美心翼申,121946.76,10.65,20260828,机械设备,通用设备,其他通用设备
920570.BJ,坤博精工,121862.4952,24.29,20260828,机械设备,通用设备,其他通用设备
920027.BJ,交大铁发,120880.3817,11.74,20260828,机械设备,轨交设备Ⅱ,轨交设备Ⅲ
920856.BJ,浩淼科技,120810.8176,12.7,20260828,机械设备,专用设备,其他专用设备
920407.BJ,驰诚股份,120656.1304,10.87,20260828,机械设备,通用设备,仪器仪表
920895.BJ,花溪科技,119378.688,21.12,20260828,机械设备,专用设备,农用机械
920346.BJ,威贸电子,118479.4083,14.69,20260828,电子,消费电子,消费电子零部件及组装
920932.BJ,科达自控,118308.4431,11.23,20260828,计算机,软件开发,垂直应用软件
920351.BJ,华光源海,117967.4883,13.4,20260828,交通运输,物流,跨境物流
920262.BJ,太湖雪,117687.6342,14.19,20260828,纺织服饰,服装家纺,家纺
920271.BJ,邦德股份,117086.585,8.95,20260828,汽车,汽车零部件,底盘与发动机系统
920168.BJ,通宝光电,115315.9956,15.34,20260828,汽车,汽车零部件,车身附件及饰件
920454.BJ,同心传动,114979.4,10.94,20260828,汽车,汽车零部件,底盘与发动机系统
920022.BJ,世昌股份,114308.295,18.95,20260828,汽车,汽车零部件,底盘与发动机系统
920419.BJ,路斯股份,113843.6528,11.02,20260828,农林牧渔,饲料,宠物食品
920478.BJ,峆一药业,113718.3298,10.32,20260828,医药生物,化学制药,原料药
920925.BJ,锦好医疗,112776.2556,11.44,20260828,医药生物,医疗器械,医疗设备
920834.BJ,三维装备,112560.0047,9.38,20260828,基础化工,橡胶,其他橡胶制品
920665.BJ,科强股份,111921.39,8.61,20260828,基础化工,橡胶,其他橡胶制品
920066.BJ,科拜尔,111878.9203,17.8,20260828,基础化工,塑料,改性塑料
920768.BJ,拾比佰,111857.76,7.2,20260828,家用电器,家电零部件Ⅱ,家电零部件Ⅲ
920278.BJ,鹿得医疗,111331.0,6.38,20260828,医药生物,医疗器械,医疗设备
920942.BJ,恒立钻具,110524.4322,18.07,20260828,机械设备,工程机械,工程机械器件
920685.BJ,新芝生物,110459.7408,12.07,20260828,机械设备,通用设备,仪器仪表
920992.BJ,中科美菱,110369.9957,11.41,20260828,医药生物,医疗器械,医疗设备
920455.BJ,汇隆活塞,110019.0,6.2,20260828,机械设备,专用设备,其他专用设备
920378.BJ,泰德股份,109490.304,7.04,20260828,汽车,汽车零部件,底盘与发动机系统
920118.BJ,太湖远大,109213.632,21.12,20260828,电力设备,电网设备,线缆部件及其他
920237.BJ,力佳科技,109096.8278,11.48,20260828,电力设备,电池,锂电池
920873.BJ,中设咨询,108904.7714,7.1,20260828,建筑装饰,工程咨询服务Ⅱ,工程咨询服务Ⅲ
920556.BJ,雅达股份,108111.4482,6.73,20260828,电力设备,电网设备,电工仪器仪表
920634.BJ,新威凌,107669.4207,16.85,20260828,有色金属,工业金属,铅锌
920641.BJ,格利尔,106606.5,14.2,20260828,家用电器,照明设备Ⅱ,照明设备Ⅲ
920436.BJ,大地电气,106218.2462,11.16,20260828,汽车,汽车零部件,汽车电子电气系统
920395.BJ,朗鸿科技,105894.4786,6.94,20260828,机械设备,专用设备,楼宇设备
920392.BJ,佳合科技,105496.1312,13.76,20260828,轻工制造,包装印刷,纸包装
920014.BJ,特瑞斯,105284.226,8.64,20260828,公用事业,燃气Ⅱ,燃气Ⅲ
920375.BJ,派诺科技,105263.8499,6.92,20260828,电力设备,电网设备,电网自动化设备
920275.BJ,驱动力,105189.216,6.6,20260828,农林牧渔,动物保健Ⅱ,动物保健Ⅲ
920876.BJ,慧为智能,104421.9322,16.27,20260828,电子,消费电子,消费电子零部件及组装
920957.BJ,汉维科技,104189.5953,9.71,20260828,基础化工,化学制品,其他化学制品
920471.BJ,美邦科技,104000.0,12.5,20260828,基础化工,化学制品,其他化学制品
920230.BJ,欧康医药,103790.2649,10.33,20260828,医药生物,化学制药,原料药
920212.BJ,智新电子,103765.8,9.78,20260828,电子,消费电子,消费电子零部件及组装
920016.BJ,中草香料,103463.7126,13.44,20260828,基础化工,化学制品,食品及饲料添加剂
920445.BJ,龙竹科技,103412.2075,6.98,20260828,轻工制造,家居用品,定制家居
920974.BJ,凯大催化,103357.8,6.31,20260828,基础化工,化学制品,其他化学制品
920496.BJ,许昌智能,103318.8,6.24,20260828,电力设备,电网设备,输变电设备
920642.BJ,通易航天,103255.5969,9.96,20260828,国防军工,航空装备Ⅱ,航空装备Ⅲ
920906.BJ,舜宇精工,102912.48,15.84,20260828,汽车,汽车零部件,车身附件及饰件
920553.BJ,凯腾精工,102882.3694,7.16,20260828,机械设备,专用设备,印刷包装机械
920931.BJ,无锡鼎邦,102007.98,10.86,20260828,机械设备,专用设备,能源及重型设备
920110.BJ,雷特科技,101985.0,26.15,20260828,电力设备,其他电源设备Ⅱ,其他电源设备Ⅲ
920855.BJ,浙江大农,100964.7329,13.51,20260828,机械设备,专用设备,其他专用设备
920263.BJ,中航泰达,99717.4846,7.06,20260828,环保,环境治理,大气治理
920469.BJ,富恒新材,98521.254,6.99,20260828,基础化工,塑料,改性塑料
920132.BJ,泰鹏智能,97657.7784,9.07,20260828,轻工制造,家居用品,成品家居
920950.BJ,迅安科技,97295.64,13.27,20260828,机械设备,通用设备,其他通用设备
920580.BJ,科创新材,96148.0,11.18,20260828,建筑材料,装修建材,耐火材料
920175.BJ,东方碳素,94724.0,7.96,20260828,基础化工,非金属材料Ⅱ,非金属材料Ⅲ
920075.BJ,柏星龙,94305.825,14.55,20260828,轻工制造,包装印刷,纸包装
920871.BJ,派特尔,94021.823,11.08,20260828,汽车,汽车零部件,底盘与发动机系统
920245.BJ,威博液压,93732.3324,13.57,20260828,机械设备,工程机械,工程机械器件
920810.BJ,春光智能,93502.5,9.75,20260828,机械设备,专用设备,印刷包装机械
920608.BJ,丰安股份,93297.76,14.99,20260828,机械设备,专用设备,农用机械
920519.BJ,万德股份,92917.6863,10.41,20260828,基础化工,化学制品,其他化学制品
920266.BJ,生物谷,92504.0052,7.46,20260828,医药生物,中药Ⅱ,中药Ⅲ
920926.BJ,鸿智科技,89687.1631,10.15,20260828,家用电器,小家电,厨房小家电
920781.BJ,瑞奇智造,89494.3243,5.79,20260828,机械设备,专用设备,能源及重型设备
920679.BJ,前进科技,89304.15,15.99,20260828,机械设备,通用设备,金属制品
920427.BJ,华维设计,88764.795,8.61,20260828,建筑装饰,工程咨询服务Ⅱ,工程咨询服务Ⅲ
920802.BJ,保丽洁,88568.9532,10.8,20260828,环保,环境治理,大气治理
920508.BJ,殷图网联,88380.0,14.73,20260828,电力设备,电网设备,电网自动化设备
920057.BJ,百甲科技,88275.2256,4.87,20260828,建筑装饰,专业工程,钢结构
920527.BJ,夜光明,88202.7263,14.69,20260828,纺织服饰,纺织制造,辅料
920832.BJ,齐鲁华信,87837.5265,6.33,20260828,基础化工,非金属材料Ⅱ,非金属材料Ⅲ
920370.BJ,新安洁,87682.7362,2.92,20260828,环保,环境治理,固废治理
920718.BJ,合肥高科,86586.6985,9.55,20260828,家用电器,家电零部件Ⅱ,家电零部件Ⅲ
920422.BJ,润普食品,85739.746,9.69,20260828,基础化工,化学制品,食品及饲料添加剂
920260.BJ,中寰股份,85118.1,8.22,20260828,机械设备,通用设备,金属制品
920030.BJ,德众汽车,83160.4517,4.65,20260828,汽车,汽车服务,汽车经销商
920300.BJ,辰光医疗,82499.0881,9.61,20260828,医药生物,医疗器械,医疗设备
920717.BJ,瑞星股份,81537.48,7.11,20260828,机械设备,专用设备,其他专用设备
920504.BJ,博迅生物,79559.5716,18.36,20260828,医药生物,医疗器械,医疗设备
920267.BJ,鑫汇科,78394.3356,16.51,20260828,电子,消费电子,消费电子零部件及组装
920145.BJ,恒合股份,72666.5,10.3,20260828,环保,环保设备Ⅱ,环保设备Ⅲ
920970.BJ,大禹生物,72020.52,6.5,20260828,农林牧渔,动物保健Ⅱ,动物保健Ⅲ
920146.BJ,华阳变速,69250.0973,5.13,20260828,汽车,汽车零部件,底盘与发动机系统
920719.BJ,宁新新材,68423.649,7.35,20260828,基础化工,非金属材料Ⅱ,非金属材料Ⅲ
920149.BJ,旭杰科技,65546.0853,8.57,20260828,建筑装饰,工程咨询服务Ⅱ,工程咨询服务Ⅲ
920414.BJ,欧普泰,65234.0039,8.18,20260828,电力设备,光伏设备,光伏加工设备
688121.SH,卓然股份,41116.064,1.76,20260828,机械设备,专用设备,能源及重型设备
000635.SZ,英力特,,,20260828,基础化工,化学原料,氯碱
000991.SZ,通海高科(IPO终止),,,20260828,电子,光学光电子,面板
001235.SZ,里得电科(IPO终止),,,20260828,电力设备,电网设备,配电设备
002257.SZ,立立电子(IPO终止),,,20260828,电子,半导体,半导体材料
002274.SZ,华昌化工,,,20260828,基础化工,化学原料,煤化工
002525.SZ,胜景山河(IPO终止),,,20260828,食品饮料,非白酒,其他酒类
002720.SZ,宏良股份(IPO终止),,,20260828,纺织服饰,纺织制造,辅料
300060.SZ,苏州恒久(IPO终止),,,20260828,电子,光学光电子,光学元件
300361.SZ,奥赛康,,,20260828,医药生物,化学制药,化学制剂
603361.SH,浙江国祥,,,20260828,机械设备,通用设备,制冷空调设备
